date,open,high,low,close,adjClose,volume,dividend,split
2024-07-08,47.4,47.6,44.9,46.22,43.8512546383917,67456794,0.0,1.0
2024-07-09,44.76,45.81,44.32,44.83,42.5324912470597,13739300,0.0,1.0
2024-07-10,45.04,46.24,44.4,45.83,43.4812418883058,9427792,0.0,1.0
2024-07-11,45.48,46.92,45.35,46.87,44.4679425552017,12526282,0.0,1.0
2024-07-12,46.91,49.31,46.86,49.08,46.5646814723554,41461229,0.0,1.0
2024-07-15,48.35,49.43,48.26,48.84,46.3369813184564,8170727,0.0,1.0
2024-07-16,48.42,49.445,48.0,49.26,46.7354565877797,7455012,0.0,1.0
2024-07-17,48.61,49.09,47.825,47.85,45.3977181836228,8435089,0.0,1.0
2024-07-18,46.86,47.34,46.25,46.82,44.4205050231394,10475485,0.0,1.0
2024-07-19,46.82,46.91,46.31,46.53,44.145367337178,3633785,0.0,1.0
2024-07-22,46.51,48.02,46.3804,48.0,45.5400307798097,3955449,0.0,1.0
2024-07-23,48.09,49.5,47.7,49.11,46.5931439915928,5854737,0.0,1.0
2024-07-24,48.29,49.25,48.21,48.86,46.3559563312813,5061425,0.0,1.0
2024-07-25,48.42,48.51,47.58,47.69,45.2459180810234,5094092,0.0,1.0
2024-07-26,47.72,49.17,47.71,48.81,46.308518799219,4084081,0.0,1.0
2024-07-29,48.45,48.56,47.52,47.55,45.113092991249,11100379,0.0,1.0
2024-07-30,47.14,47.57,46.1,46.74,44.3446049718397,4676172,0.0,1.0
2024-07-31,43.29,45.74,43.18,44.84,42.5419787534722,11198956,0.0,1.0
2024-08-01,44.8,45.11,42.92,43.32,41.0998777787782,7035142,0.0,1.0
2024-08-02,42.78,42.78,41.3,41.78,39.6388017912593,3582808,0.0,1.0
2024-08-05,39.74,40.93,39.54,40.04,37.9879756754912,4282101,0.0,1.0
2024-08-06,40.2,40.95,40.005,40.33,38.2631133614526,3621093,0.0,1.0
2024-08-07,40.81,40.87,38.965,39.06,37.0582000470701,3048534,0.0,1.0
2024-08-08,39.0,40.08,39.0,39.31,37.2953877073816,3649731,0.0,1.0
2024-08-09,38.91,39.57,38.55,38.96,36.9633249829455,3452839,0.0,1.0
2024-08-12,39.01,39.25,38.8,38.85,36.8589624124085,2991692,0.0,1.0
2024-08-13,39.25,40.71,39.12,40.35,38.2820883742775,4026393,0.0,1.0
2024-08-14,40.63,41.49,40.51,41.21,39.0980139257491,4175928,0.0,1.0
2024-08-15,41.18,43.25,41.18,42.74,40.8365994758325,5062903,0.3025,1.0
2024-08-16,42.46,43.02,42.26,42.91,40.9990286267658,4801391,0.0,1.0
2024-08-19,42.53,43.53,42.46,43.49,41.5531986711267,3677606,0.0,1.0
2024-08-20,43.0,43.55,42.6,43.01,41.0945751861384,3761074,0.0,1.0
2024-08-21,42.94,44.07,42.64,44.02,42.0595954358012,4669434,0.0,1.0
2024-08-22,44.13,44.46,43.43,43.79,41.8398383492444,4514317,0.0,1.0
2024-08-23,44.61,45.39,44.455,45.33,43.3112553635818,3891008,0.0,1.0
2024-08-26,45.55,46.52,45.43,46.18,44.1234011182486,4700882,0.0,1.0
2024-08-27,46.26,46.9,45.86,46.89,44.8017816897937,4821068,0.0,1.0
2024-08-28,46.36,47.486,46.36,47.07,44.9737654966643,4958188,0.0,1.0
2024-08-29,47.2,47.25,46.67,47.17,45.0693120560369,3098368,0.0,1.0
2024-08-30,46.97,47.59,46.925,47.42,45.3081784544683,6225696,0.0,1.0
2024-09-03,46.32,46.56,45.41,45.7,43.6647776332603,5512473,0.0,1.0
2024-09-04,45.08,46.16,45.08,45.57,43.5405671060759,5056749,0.0,1.0
2024-09-05,45.82,46.3,45.0,45.34,43.320810019519,3258789,0.0,1.0
2024-09-06,45.13,45.615,44.38,44.72,42.7284213514092,3739985,0.0,1.0
2024-09-09,45.11,45.3,44.125,44.47,42.4895549529778,4549857,0.0,1.0
2024-09-10,44.68,44.72,43.11,43.32,41.3907695201933,4092006,0.0,1.0
2024-09-11,42.86,43.74,42.43,43.53,41.5914172948757,4936586,0.0,1.0
2024-09-12,43.66,44.65,43.64,44.59,42.6042108242248,4026750,0.0,1.0
2024-09-13,44.67,45.88,44.59,44.92,42.9195144701543,3634469,0.0,1.0
2024-09-16,44.71,46.8,44.705,46.73,44.6489071947976,6043035,0.0,1.0
2024-09-17,46.9,47.83,46.69,47.33,45.222186551033,4550665,0.0,1.0
2024-09-18,47.44,48.565,47.17,47.86,45.7285833157076,4135351,0.0,1.0
2024-09-19,49.0,49.43,48.28,49.02,46.8369234044293,3846691,0.0,1.0
2024-09-20,48.46,48.51,46.97,47.41,45.298623798531,19056698,0.0,1.0
2024-09-23,47.19,47.3,46.27,46.74,44.6584618507349,2890015,0.0,1.0
2024-09-24,46.71,47.55,46.62,47.5,45.3846157019664,2795841,0.0,1.0
2024-09-25,48.23,48.54,47.27,47.8,45.671255380084,4339426,0.0,1.0
2024-09-26,48.72,49.745,48.58,49.51,47.3051015453548,5066839,0.0,1.0
2024-09-27,50.0,50.6,49.61,50.09,47.8592715897157,3874772,0.0,1.0
2024-09-30,50.25,50.425,49.165,49.42,47.2191096419195,5572733,0.0,1.0
2024-10-01,49.74,49.85,48.64,48.77,46.5980570059979,4199352,0.0,1.0
2024-10-02,48.46,48.775,47.7801,47.83,45.6999193478958,3020023,0.0,1.0
2024-10-03,47.33,47.48,46.6,46.63,44.5533606354251,3322589,0.0,1.0
2024-10-04,46.94,47.02,46.22,46.76,44.6775711626094,1919738,0.0,1.0
2024-10-07,46.34,46.555,45.62,46.45,44.3813768285545,3356157,0.0,1.0
2024-10-08,45.9,46.36,45.3803,46.12,44.066073182625,2683734,0.0,1.0
2024-10-09,46.27,46.75,46.06,46.06,44.0087452470015,2617925,0.0,1.0
2024-10-10,45.82,45.92,45.02,45.4,43.3781379551426,3571497,0.0,1.0
2024-10-11,45.45,46.05,45.32,45.6,43.5692310738877,1936256,0.0,1.0
2024-10-14,45.19,45.4,44.955,45.29,43.2730367398328,2362554,0.0,1.0
2024-10-15,44.2,44.675,43.7,44.44,42.460890985166,5012351,0.0,1.0
2024-10-16,43.95,45.42,43.85,45.39,43.3685832992053,5656401,0.0,1.0
2024-10-17,43.74,43.92,43.06,43.42,41.4863160795659,5411124,0.0,1.0
2024-10-18,44.17,44.53,43.49,44.35,42.3748990817307,6080360,0.0,1.0
2024-10-21,44.39,44.44,43.9,44.2,42.2315792426718,2243118,0.0,1.0
2024-10-22,44.36,44.65,43.98,44.54,42.5564375445386,1987160,0.0,1.0
2024-10-23,45.5,46.715,45.37,46.65,44.5724699472996,3394914,0.0,1.0
2024-10-24,46.8,46.85,45.54,45.86,43.8176521282564,2135172,0.0,1.0
2024-10-25,46.17,46.21,45.515,45.84,43.7985428163818,2392440,0.0,1.0
2024-10-28,45.45,45.92,45.0,45.29,43.2730367398328,3511034,0.0,1.0
2024-10-29,45.05,45.14,44.44,44.71,42.7188666954719,4465495,0.0,1.0
2024-10-30,47.06,50.89,46.96,50.07,47.8401622778412,7886364,0.0,1.0
2024-10-31,51.37,52.76,51.24,51.5,49.2064780768688,6137154,0.0,1.0
2024-11-01,50.99,51.52,50.53,51.46,49.1682594531198,3613467,0.0,1.0
2024-11-04,51.42,51.99,51.2,51.75,49.4453444753002,4212767,0.0,1.0
2024-11-05,51.73,52.655,51.65,51.82,49.512227066861,4263207,0.0,1.0
2024-11-06,53.7,54.32,51.99,53.21,50.8403242421396,4702725,0.0,1.0
2024-11-07,52.85,53.74,52.8,53.45,51.0696359846337,2977352,0.0,1.0
2024-11-08,52.79,53.13,52.0,52.39,50.0568424552846,3590553,0.0,1.0
2024-11-11,52.83,52.83,51.99,52.31,49.9804052077865,1949133,0.0,1.0
2024-11-12,51.39,51.63,50.64,50.66,48.4038869781393,2942111,0.0,1.0
2024-11-13,50.4,51.05,50.24,50.99,48.7191906240687,2834298,0.0,1.0
2024-11-14,50.71,50.79,49.96,50.35,48.1076926440843,5760216,0.0,1.0
2024-11-15,49.76,51.72,49.745,51.66,49.6483809139669,3028239,0.3025,1.0
2024-11-18,50.82,53.49,50.41,53.44,51.3590684483622,4036737,0.0,1.0
2024-11-19,52.67,53.3,52.11,53.16,51.0899715328393,2871220,0.0,1.0
2024-11-20,53.0,55.8,52.57,55.7,53.5310649807967,7857385,0.0,1.0
2024-11-21,54.62,56.39,54.4,56.37,54.1749754572263,4499799,0.0,1.0
2024-11-22,56.5,56.9857,56.39,56.64,54.4344617686234,3566274,0.0,1.0
2024-11-25,56.42,56.76,55.62,56.25,54.0596482077165,6532950,0.0,1.0
2024-11-26,55.94,56.075,54.96,55.53,53.3676847106578,2552030,0.0,1.0
2024-11-27,54.45,55.28,54.14,54.76,52.6276681929699,3037746,0.0,1.0
2024-11-29,54.23,55.05,54.2,55.02,52.8775439002412,2145337,0.0,1.0
2024-12-02,55.06,55.32,54.42,55.11,52.9640393373735,3050149,0.0,1.0
2024-12-03,55.31,55.4,54.6,55.22,53.0697559827575,2630069,0.0,1.0
2024-12-04,55.5,55.5,54.33,54.57,52.4450667145794,2891899,0.0,1.0
2024-12-05,54.69,54.85,54.08,54.77,52.6372787970957,2428914,0.0,1.0
2024-12-06,54.79,54.95,54.44,54.61,52.4835091310827,1633315,0.0,1.0
2024-12-09,55.01,55.18,54.11,54.34,52.2240228196856,2568238,0.0,1.0
2024-12-10,53.45,53.915,52.965,53.43,51.3494578442364,3202158,0.0,1.0
2024-12-11,53.73,53.73,52.84,53.48,51.3975108648654,2543508,0.0,1.0
2024-12-12,52.89,53.83,52.62,53.45,51.368679052488,4059983,0.0,1.0
2024-12-13,53.6,53.86,53.15,53.73,51.6377759680108,2440098,0.0,1.0
2024-12-16,54.08,54.98,53.685,54.7,52.570004568215,4670439,0.0,1.0
2024-12-17,54.34,54.576,53.8,53.93,51.8299880505272,4341440,0.0,1.0
2024-12-18,53.94,54.27,51.7,51.74,49.7252657469734,4314529,0.0,1.0
2024-12-19,52.13,52.45,51.16,51.18,49.1870719159277,3318839,0.0,1.0
2024-12-20,51.14,53.36,50.925,53.28,51.2052987823491,10253463,0.0,1.0
2024-12-23,53.04,53.98,52.715,53.93,51.8299880505272,3253703,0.0,1.0
2024-12-24,54.06,54.56,53.89,54.53,52.4066242980762,1009502,0.0,1.0
2024-12-26,54.4,54.78,54.05,54.15,52.0414213412951,1543081,0.0,1.0
2024-12-27,53.96,54.47,53.85,54.35,52.2336334238115,2612292,0.0,1.0
2024-12-30,54.29,54.35,53.01,53.62,51.5320593226269,2442804,0.0,1.0
2024-12-31,53.87,54.145,53.645,53.86,51.7627138216465,2559565,0.0,1.0
2025-01-02,54.11,54.18,52.97,53.6,51.5128381143752,3365965,0.0,1.0
2025-01-03,53.79,53.96,52.29,52.3,50.2634595780191,2619327,0.0,1.0
2025-01-06,52.7,53.635,52.66,53.35,51.2725730112298,2760381,0.0,1.0
2025-01-07,53.04,53.04,51.605,52.11,50.0808580996286,3565358,0.0,1.0
2025-01-08,51.05,52.26,50.86,51.93,49.9078672253639,2316513,0.0,1.0
2025-01-10,52.09,52.14,51.4,51.77,49.7540975593509,2242332,0.0,1.0
2025-01-13,51.77,52.18,51.33,52.16,50.1289111202577,1908063,0.0,1.0
2025-01-14,52.53,53.11,52.13,52.93,50.8689276379455,2276270,0.0,1.0
2025-01-15,53.3,53.97,52.41,52.95,50.8881488461972,2651386,0.0,1.0
2025-01-16,52.38,53.04,51.91,52.22,50.1865747450126,2887521,0.0,1.0
2025-01-17,51.89,53.24,51.89,52.96,50.897759450323,2722620,0.0,1.0
2025-01-21,53.8,55.41,53.69,54.99,52.8487120878637,3979527,0.0,1.0
2025-01-22,54.82,55.39,54.32,55.35,53.1946938363931,4492177,0.0,1.0
2025-01-23,55.54,55.83,54.855,55.27,53.1178090033866,2035446,0.0,1.0
2025-01-24,55.61,56.05,55.2,56.02,53.8386043128228,2185594,0.0,1.0
2025-01-27,55.72,55.82,54.73,54.88,52.7429954424797,2430387,0.0,1.0
2025-01-28,53.4,54.505,53.21,54.34,52.2240228196856,3363073,0.0,1.0
2025-01-29,53.21,54.09,53.025,53.56,51.474395697872,3587348,0.0,1.0
2025-01-30,52.5,53.44,51.96,53.26,51.1860775740975,3788890,0.0,1.0
2025-01-31,53.55,54.08,52.82,53.09,51.0226973039586,3145405,0.0,1.0
2025-02-03,52.36,53.56,51.585,53.52,51.4359532813687,3946525,0.0,1.0
2025-02-04,53.56,54.01,51.82,53.85,51.7531032175206,5063591,0.0,1.0
2025-02-05,53.71,54.73,52.97,54.54,52.416234902202,4785549,0.0,1.0
2025-02-06,54.44,55.54,54.23,54.86,52.7237742342281,4815804,0.0,1.0
2025-02-07,54.43,54.91,53.8,54.0,51.8972622794079,2654413,0.0,1.0
2025-02-10,54.56,54.84,53.45,53.53,51.4455638854945,2656656,0.0,1.0
2025-02-11,53.05,53.665,52.8,53.64,51.5512805308785,3467001,0.0,1.0
2025-02-12,50.96,51.4,49.28,50.93,48.9468068127823,8145227,0.0,1.0
2025-02-13,53.31,55.09,53.31,54.65,52.5219515475859,5575515,0.0,1.0
2025-02-14,54.32,54.74,53.415,53.65,51.9749159607445,3550494,0.4308,1.0
2025-02-18,53.8,55.345,53.665,55.3,53.5733989306462,3193279,0.0,1.0
2025-02-19,54.7,55.485,54.32,55.32,53.5927744817965,2539691,0.0,1.0
2025-02-20,55.13,55.16,53.08,54.1,52.4108658616268,2850236,0.0,1.0
2025-02-21,53.61,53.96,53.0,53.16,51.5002149575615,2517009,0.0,1.0
2025-02-24,53.96,54.0,52.97,53.85,52.1686714722477,3425680,0.0,1.0
2025-02-25,53.9,54.0,52.07,52.99,51.3355227727838,3734658,0.0,1.0
2025-02-26,52.7,53.785,52.43,53.52,51.8489748782674,3626085,0.0,1.0
2025-02-27,53.62,53.7,51.67,51.69,50.0761119480127,2432979,0.0,1.0
2025-02-28,51.06,52.16,50.88,52.07,50.4442474198689,4287723,0.0,1.0
2025-03-03,53.05,53.25,49.98,50.1,48.5357556315619,3654906,0.0,1.0
2025-03-04,48.94,49.11,46.46,46.69,45.2322241604317,5965096,0.0,1.0
2025-03-05,48.7,49.495,48.03,48.29,46.7822682524576,4807394,0.0,1.0
2025-03-06,47.26,48.16,46.525,46.74,45.2806630383075,4603420,0.0,1.0
2025-03-07,46.78,46.87,45.1,46.53,45.0772197512291,4032589,0.0,1.0
2025-03-10,45.49,45.67,43.0,43.19,41.841502709125,5109665,0.0,1.0
2025-03-11,43.76,44.21,42.82,43.56,42.199950405406,3938809,0.0,1.0
2025-03-12,44.855,45.18,44.12,44.25,42.8684069200921,3976403,0.0,1.0
2025-03-13,43.97,44.47,43.23,43.43,42.0740093229289,2990503,0.0,1.0
2025-03-14,44.09,44.62,43.89,44.27,42.8877824712425,2311529,0.0,1.0
2025-03-17,45.13,45.685,45.08,45.24,43.8274967020332,4402940,0.0,1.0
2025-03-18,45.1,45.33,44.62,45.07,43.6628045172554,3581464,0.0,1.0
2025-03-19,44.85,46.3,44.78,46.0,44.5637676457455,4090312,0.0,1.0
2025-03-20,45.79,46.01,45.5,45.71,44.2828221540658,2364039,0.0,1.0
2025-03-21,44.98,45.21,44.05,44.21,42.8296558177915,9219578,0.0,1.0
2025-03-24,44.52,45.15,44.37,45.02,43.6143656393796,3994545,0.0,1.0
2025-03-25,45.3,46.24,44.63,45.57,44.1471932960135,5386494,0.0,1.0
2025-03-26,45.25,45.56,44.7,45.28,43.8662478043338,3623175,0.0,1.0
2025-03-27,44.145,45.65,43.985,45.4,43.9825011112358,4020789,0.0,1.0
2025-03-28,45.57,46.07,44.21,44.51,43.1202890850464,4134893,0.0,1.0
2025-03-31,43.95,45.23,43.53,45.06,43.6531167416803,4922614,0.0,1.0
2025-04-01,45.28,45.63,44.3,45.62,44.1956321738893,4611674,0.0,1.0
2025-04-02,45.1,47.12,45.05,47.06,45.5906718567127,3665618,0.0,1.0
2025-04-03,44.2,44.6,42.58,42.71,41.3764894815172,6127756,0.0,1.0
2025-04-04,40.86,42.24,39.22,41.06,39.7780065116154,5923497,0.0,1.0
2025-04-07,38.44,41.51,37.76,39.41,38.1795235417137,7017433,0.0,1.0
2025-04-08,40.72,40.89,37.48,38.19,36.9976149215439,5064728,0.0,1.0
2025-04-09,37.85,42.95,37.01,42.68,41.3474261547917,6367293,0.0,1.0
2025-04-10,41.24,41.45,39.21,40.27,39.0126722411776,4721141,0.0,1.0
2025-04-11,39.2,41.03,38.41,40.8,39.5261243466612,4376934,0.0,1.0
2025-04-14,41.93,41.95,40.81,41.44,40.1461419834716,2737664,0.0,1.0
2025-04-15,41.41,42.13,40.95,41.11,39.8264453894912,3062326,0.0,1.0
2025-04-16,41.12,41.34,40.3162,40.77,39.4970610199357,2943648,0.0,1.0
2025-04-17,40.87,41.77,40.78,41.35,40.0589520032951,3693719,0.0,1.0
2025-04-21,41.1,41.35,40.35,40.78,39.5067487955109,2546146,0.0,1.0
2025-04-22,41.03,42.03,40.57,41.54,40.2430197392232,2980194,0.0,1.0
2025-04-23,41.955,43.54,41.58,41.92,40.6111552110794,4555932,0.0,1.0
2025-04-24,41.28,42.69,41.24,42.45,41.124607316563,4821419,0.0,1.0
2025-04-25,42.6,42.64,41.82,42.23,40.9114762539094,2089404,0.0,1.0
2025-04-28,42.39,43.39,42.08,42.55,41.2214850723146,3121082,0.0,1.0
2025-04-29,42.4,42.82,41.94,42.35,41.0277295608113,2403474,0.0,1.0
2025-04-30,41.23,42.22,40.57,42.02,40.708032966831,4614404,0.0,1.0
2025-05-01,41.44,42.18,40.41,40.47,39.2064277526809,2989154,0.0,1.0
2025-05-02,41.22,41.78,40.73,41.28,39.991137574269,2310293,0.0,1.0
2025-05-05,40.36,40.68,38.965,39.62,38.3829668287921,2784544,0.0,1.0
2025-05-06,39.05,39.72,38.92,39.56,38.3248401753411,3262380,0.0,1.0
2025-05-07,40.02,40.39,39.745,40.0,38.7511023006483,3318263,0.0,1.0
2025-05-08,41.065,41.97,40.58,41.7,40.3980241484258,4211515,0.0,1.0
2025-05-09,41.77,41.95,41.2,41.9,40.5917796599291,3304412,0.0,1.0
2025-05-12,45.17,46.8,44.07,45.0,43.5949900882293,5216155,0.0,1.0
2025-05-13,45.55,46.33,45.18,45.98,44.5443920945952,4318784,0.0,1.0
2025-05-14,45.94,46.7825,45.045,46.61,45.1547219558304,5151614,0.0,1.0
2025-05-15,46.44,47.13,46.21,46.63,45.1740975069807,4180916,0.0,1.0
2025-05-16,46.01,46.77,45.88,46.64,45.6011346543339,3141947,0.4308,1.0
2025-05-19,46.15,46.6,45.78,46.39,45.3567031864183,2472255,0.0,1.0
2025-05-20,46.22,46.4,45.75,45.94,44.9167265441702,2059713,0.0,1.0
2025-05-21,45.57,45.7,44.47,44.49,43.4990240302597,2433656,0.0,1.0
2025-05-22,44.14,44.81,43.85,44.48,43.4892467715431,2723354,0.0,1.0
2025-05-23,43.69,44.33,43.6,43.74,42.7657296265129,2015661,0.0,1.0
2025-05-27,44.78,44.78,44.13,44.39,43.4012514430935,3327874,0.0,1.0
2025-05-28,44.16,44.2,43.47,43.51,42.5408526760306,3040589,0.0,1.0
2025-05-29,44.46,44.46,43.43,43.91,42.9319430246955,2226035,0.0,1.0
2025-05-30,43.26,43.39,42.64,43.33,42.3648620191313,5468171,0.0,1.0
2025-06-02,43.33,43.34,42.0,42.62,41.670676650251,3091370,0.0,1.0
2025-06-03,42.19,43.05,41.88,42.81,41.8564445658669,2934497,0.0,1.0
2025-06-04,42.895,43.12,42.59,42.59,41.6413448741012,2804230,0.0,1.0
2025-06-05,42.73,43.52,42.35,43.07,42.1106532924991,2197208,0.0,1.0
2025-06-06,43.72,43.755,42.981,43.32,42.3550847604147,1561945,0.0,1.0
2025-06-09,43.77,44.1999,43.46,43.99,43.0101610944285,2644327,0.0,1.0
2025-06-10,44.09,44.185,43.575,43.81,42.8341704375293,2011681,0.0,1.0
2025-06-11,43.56,43.85,43.112,43.39,42.4235255714311,1940018,0.0,1.0
2025-06-12,42.95,43.3,42.69,43.0,42.0422124814828,2557854,0.0,1.0
2025-06-13,42.15,42.96,41.75,41.98,41.0449320923871,3757178,0.0,1.0
2025-06-16,43.29,43.81,42.91,43.25,42.2866439493984,3855746,0.0,1.0
2025-06-17,42.88,43.58,42.66,42.79,41.8368900484337,3126217,0.0,1.0
2025-06-18,42.75,42.82,42.285,42.39,41.4457996997687,3237609,0.0,1.0
2025-06-20,43.24,43.28,42.33,42.35,41.4066906649022,11210139,0.0,1.0
2025-06-23,41.76,42.495,41.34,42.42,41.4751314759186,3735591,0.0,1.0
2025-06-24,43.43,43.66,42.85,43.5,42.531075417314,2362783,0.0,1.0
2025-06-25,43.06,43.42,41.65,42.48,41.5337950282183,8211200,0.0,1.0
2025-06-26,42.97,43.005,42.22,42.68,41.7293402025508,4795998,0.0,1.0
2025-06-27,42.93,43.455,42.74,43.06,42.1008760337825,7720458,0.0,1.0
2025-06-30,42.745,43.21,42.445,43.15,42.1888713622321,3376999,0.0,1.0
2025-07-01,44.66,46.15,44.095,45.85,44.8287312157206,2872801,0.0,1.0
2025-07-02,45.91,47.23,45.87,47.18,46.1291066250315,4858757,0.0,1.0
2025-07-03,47.3,48.095,47.13,48.03,46.9601736159446,3591479,0.0,1.0
2025-07-07,47.165,47.62,46.52,46.84,45.7966798286663,6041838,0.0,1.0
2025-07-08,47.02,47.66,46.66,47.12,46.0704430727318,3021127,0.0,1.0
2025-07-09,47.14,47.46,46.88,47.24,46.1877701773313,2378483,0.0,1.0
2025-07-10,47.54,48.24,46.85,48.02,46.950396357228,3103772,0.0,1.0
2025-07-11,46.73,47.295,46.73,47.2,46.1486611424648,1852615,0.0,1.0
2025-07-14,46.76,46.97,46.38,46.39,45.3567031864183,1510347,0.0,1.0
2025-07-15,46.64,46.68,45.335,45.4,44.3887545734725,2492132,0.0,1.0
2025-07-16,45.5,46.03,45.11,45.87,44.8482857331538,2491956,0.0,1.0
2025-07-17,45.02,46.21,44.91,46.08,45.0536081662029,2920586,0.0,1.0
2025-07-18,45.8,46.0,44.6,44.86,43.8607826027748,2982503,0.0,1.0
2025-07-21,45.29,45.86,45.15,45.44,44.427863608339,2404720,0.0,1.0
2025-07-22,44.91,46.35,44.54,46.24,45.2100443056689,4732915,0.0,1.0
2025-07-23,46.78,48.12,46.76,47.81,46.7450739241789,3384381,0.0,1.0
2025-07-24,47.62,48.34,47.495,48.03,46.9601736159446,3085400,0.0,1.0
2025-07-25,48.87,48.9,47.64,48.85,47.7619088307077,3098021,0.0,1.0
2025-07-28,48.81,49.015,48.18,48.53,47.4490365517758,3006350,0.0,1.0
2025-07-29,48.675,48.8,47.91,48.2,47.1263870141272,3021360,0.0,1.0
2025-07-30,45.62,48.3,45.62,47.36,46.3050972819308,7226527,0.0,1.0
2025-07-31,45.56,46.82,44.301,44.38,43.3914741843769,7855568,0.0,1.0
2025-08-01,44.49,44.745,43.69,44.35,43.362142408227,4016515,0.0,1.0
2025-08-04,44.54,44.675,43.835,44.06,43.0786019054449,2472459,0.0,1.0
2025-08-05,44.15,44.34,43.63,44.17,43.1861517513277,3325046,0.0,1.0
2025-08-06,43.76,43.84,42.6,42.63,41.6804539089677,4820131,0.0,1.0
2025-08-07,43.57,43.92,43.11,43.8,42.8243931788127,3363998,0.0,1.0
2025-08-08,43.89,44.01,43.255,43.63,42.6581797806301,2797273,0.0,1.0
2025-08-11,43.7,43.88,43.03,43.42,42.452857347581,2339216,0.0,1.0
2025-08-12,43.355,44.369,43.155,44.27,43.283924338494,6080606,0.0,1.0
2025-08-13,44.3,45.155,44.0,45.12,44.114991329407,2389687,0.0,1.0
2025-08-14,44.77,44.82,43.62,43.72,42.7461751090797,2929519,0.0,1.0
2025-08-15,43.3,43.34,42.34,42.69,42.1603217667796,4460551,0.4308,1.0
2025-08-18,42.62,42.98,42.47,42.92,42.3874680306905,4230382,0.0,1.0
2025-08-19,43.04,43.79,42.89,43.17,42.6343661436373,4854602,0.0,1.0
2025-08-20,43.01,43.075,41.94,41.95,41.4295033524573,7698822,0.0,1.0
2025-08-21,42.42,43.92,42.25,43.69,43.1479142185664,5988441,0.0,1.0
2025-08-22,43.8,45.93,43.78,45.7,45.1329750466579,4851315,0.0,1.0
2025-08-25,45.54,45.94,45.35,45.93,45.3601213105689,2931148,0.0,1.0
2025-08-26,44.755,46.415,44.755,46.3,45.72553051773,4953674,0.0,1.0
2025-08-27,45.81,45.965,45.27,45.66,45.0934713485864,4069338,0.0,1.0
2025-08-28,46.16,46.43,45.49,46.39,45.8144138383908,3503629,0.0,1.0
2025-08-29,46.37,47.47,46.29,47.36,46.772378516624,4320658,0.0,1.0
2025-09-02,46.06,47.17,46.035,47.11,46.5254804036773,3312338,0.0,1.0
2025-09-03,47.8,47.8,46.711,46.95,46.3674656113914,4415183,0.0,1.0
2025-09-04,46.72,46.925,45.42,46.17,45.5971434989977,3809774,0.0,1.0
2025-09-05,46.33,47.265,46.19,46.91,46.32796191332,2339724,0.0,1.0
2025-09-08,47.36,47.54,45.49,46.69,46.1106915739269,3329024,0.0,1.0
2025-09-09,46.47,46.73,44.855,45.36,44.7971936130504,3359248,0.0,1.0
2025-09-10,45.26,45.67,44.89,45.27,44.7083102923896,3530574,0.0,1.0
2025-09-11,45.02,45.835,44.93,45.64,45.0737194995507,2898627,0.0,1.0
2025-09-12,45.03,45.35,44.22,44.27,43.7207178406028,3339127,0.0,1.0
2025-09-15,45.85,45.85,44.405,44.47,43.9182363309601,3905999,0.0,1.0
2025-09-16,44.22,44.53,43.575,44.28,43.7305937651206,3386115,0.0,1.0
2025-09-17,44.35,45.27,43.93,44.04,43.4935715766918,3334215,0.0,1.0
2025-09-18,44.38,44.57,43.74,44.17,43.6219585954241,3417029,0.0,1.0
2025-09-19,44.315,44.4,43.2,43.82,43.2763012372987,19817704,0.0,1.0
2025-09-22,43.57,43.78,43.22,43.48,42.9405198036912,4016829,0.0,1.0
2025-09-23,44.01,44.47,43.57,43.81,43.2664253127808,3275837,0.0,1.0
2025-09-24,43.67,44.41,42.995,43.25,42.7133735397802,2766711,0.0,1.0
2025-09-25,42.5,43.0,42.14,42.28,41.755408861547,4076262,0.0,1.0
2025-09-26,42.31,42.61,41.715,42.13,41.6072699937789,2856756,0.0,1.0
2025-09-29,42.31,42.35,41.9,42.21,41.6862773899219,2484987,0.0,1.0
2025-09-30,42.13,42.645,41.69,42.57,42.0418106725651,3740502,0.0,1.0
2025-10-01,42.88,43.53,42.645,42.66,42.130693993226,3894124,0.0,1.0
2025-10-02,42.63,42.76,41.775,41.88,41.3603718808322,4133947,0.0,1.0
2025-10-03,41.97,42.58,41.57,41.98,41.4591311260109,5151717,0.0,1.0
2025-10-06,40.99,42.0,40.03,40.31,39.8098517315269,6926975,0.0,1.0
2025-10-07,41.03,41.51,40.57,41.18,40.6690571645815,6114222,0.0,1.0
2025-10-08,41.64,43.52,41.64,43.3,42.7627531623695,6476365,0.0,1.0
2025-10-09,43.28,43.4584,42.495,42.89,42.3578402571369,7498739,0.0,1.0
2025-10-10,42.78,43.39,40.42,40.45,39.9481146747771,5207540,0.0,1.0
2025-10-13,41.27,41.7,40.93,41.53,41.0147145227069,3731542,0.0,1.0
2025-10-14,41.16,42.81,41.125,42.23,41.7060292389576,3901846,0.0,1.0
2025-10-15,42.46,42.46,41.24,41.76,41.2418607866178,3155035,0.0,1.0
2025-10-16,42.0,42.01,41.19,41.32,40.8073201078316,3430727,0.0,1.0
2025-10-17,41.26,42.0482,41.25,41.4,40.8863275039746,4264741,0.0,1.0
2025-10-20,41.74,42.32,41.7,42.23,41.7060292389576,3270764,0.0,1.0
2025-10-21,42.26,42.805,41.93,42.51,41.9825551254579,4288464,0.0,1.0
2025-10-22,42.45,43.27,42.44,42.66,42.130693993226,2678217,0.0,1.0
2025-10-23,42.51,43.24,42.37,43.02,42.4862272758692,3026241,0.0,1.0
2025-10-24,43.54,43.54,42.88,43.07,42.5356068984586,2200001,0.0,1.0
2025-10-27,43.12,43.57,42.86,43.4,42.8615124075482,2431377,0.0,1.0
2025-10-28,43.28,43.28,42.66,43.09,42.5553587474943,3127409,0.0,1.0
2025-10-29,41.46,41.56,37.71,37.84,37.3704983756135,19642925,0.0,1.0
2025-10-30,37.42,37.578,35.87,36.04,35.5928319623972,10299881,0.0,1.0
2025-10-31,35.68,37.07,35.21,36.92,36.4619133199696,7649480,0.0,1.0
2025-11-03,36.7,37.095,35.96,36.57,36.1162559618442,7809723,0.0,1.0
2025-11-04,35.93,36.96,35.92,36.31,35.8594819243796,6910863,0.0,1.0
2025-11-05,36.44,36.6,35.48,36.05,35.602707886915,5810447,0.0,1.0
2025-11-06,35.83,36.035,35.23,35.72,35.2768023778254,4795189,0.0,1.0
2025-11-07,35.15,35.82,35.0,35.81,35.3656856984862,4821509,0.0,1.0
2025-11-10,36.03,36.06,35.13,35.5,35.0595320384323,4847534,0.0,1.0
2025-11-11,36.01,36.47,35.675,35.84,35.3953134720398,7860827,0.0,1.0
2025-11-12,35.92,36.35,35.37,35.38,34.9410209442179,4473940,0.0,1.0
2025-11-13,35.495,35.78,34.9,35.08,34.6447432086818,4891843,0.0,1.0
2025-11-14,34.41,34.54,33.71,34.29,34.29,4507268,0.4308,1.0
2025-11-17,34.21,34.36,33.675,33.92,33.92,4563936,0.0,1.0
2025-11-18,33.91,34.51,33.595,33.82,33.82,6321530,0.0,1.0
2025-11-19,34.0,34.025,33.185,33.67,33.67,6251384,0.0,1.0
2025-11-20,33.84,34.02,32.729,32.79,32.79,5284952,0.0,1.0
2025-11-21,32.96,34.18,32.92,33.78,33.78,5968902,0.0,1.0
2025-11-24,33.46,33.93,33.35,33.71,33.71,6202350,0.0,1.0
2025-11-25,34.17,35.03,34.11,34.96,34.96,5106858,0.0,1.0
2025-11-26,34.87,35.87,34.825,35.78,35.78,3750566,0.0,1.0
2025-11-28,36.0,36.09,35.63,35.69,35.69,2662932,0.0,1.0
2025-12-01,35.61,35.96,35.05,35.65,35.65,6076825,0.0,1.0
2025-12-02,35.41,35.43,34.21,34.45,34.45,5488005,0.0,1.0
2025-12-03,34.77,36.18,34.61,36.12,36.12,7070317,0.0,1.0
2025-12-04,35.98,37.08,35.93,36.45,36.45,6357213,0.0,1.0
2025-12-05,36.37,36.59,35.99,36.04,36.04,5562989,0.0,1.0
2025-12-08,36.15,36.28,35.78,36.06,36.06,5680148,0.0,1.0
2025-12-09,35.55,36.03,35.04,35.31,35.31,3255445,0.0,1.0
2025-12-10,35.52,37.2,35.48,37.17,37.17,4339591,0.0,1.0
2025-12-11,37.68,38.44,37.54,38.01,38.01,6745788,0.0,1.0
2025-12-12,38.5,38.54,37.045,37.19,37.19,4719435,0.0,1.0
