{
  "version": "Great Caria Multi-Scale Fragility v2.0",
  "generated": "2025-12-06T16:34:36.839871",
  "methodology": {
    "scales": {
      "ultra_fast": {
        "window": 1,
        "description": "<1 day (HFT noise)"
      },
      "short": {
        "window": 5,
        "description": "1-10 days (traders)"
      },
      "medium": {
        "window": 30,
        "description": "10-60 days (tactical)"
      },
      "long": {
        "window": 120,
        "description": "60-250 days (institutions)"
      },
      "ultra_long": {
        "window": 252,
        "description": ">250 days (macro cycle)"
      }
    },
    "weights": {
      "ultra_fast": 0.10671256454388985,
      "short": 0.14089009097614952,
      "medium": 0.04548807474797148,
      "long": 0.10695844602901403,
      "ultra_long": 0.17310056552741582,
      "psychology": 0.4268502581755594
    },
    "structural_weight": 0.5731497418244407,
    "psychology_weight": 0.4268502581755594,
    "bifurcation_threshold": 3
  },
  "lead_times": {
    "ultra_fast": 43.4,
    "short": 57.3,
    "medium": 18.5,
    "long": 43.5,
    "ultra_long": 70.4
  },
  "temporal_relativity": {
    "G7": {
      "ultra_fast": 42.0,
      "short": 73.3,
      "medium": 62.3,
      "long": 60.4,
      "ultra_long": 85.1
    },
    "EM": {
      "ultra_fast": 63.7,
      "short": 60.4,
      "medium": 47.0,
      "long": 52.8,
      "ultra_long": 71.4
    }
  },
  "thresholds": {
    "warning": 0.2905204636811681,
    "critical": 0.3886001996036562
  },
  "current": {
    "msfi": 0.20527728293893682,
    "structural": -0.16152534818994924,
    "psychology": 0.08571130472417218,
    "unstable_scales": 1,
    "bifurcation_warning": false
  },
  "crises_validated": 10
}