symbol,date,open,high,low,close,volume,change,changePercent,vwap
^VIX,2020-12-15,24.0,24.07,22.73,22.89,0,-1.11,-4.62,23.4225
^VIX,2020-12-16,22.51,23.67,22.29,22.5,0,-0.01,-0.0444247,22.7425
^VIX,2020-12-17,21.98,22.27,21.52,21.93,0,-0.05,-0.22748,21.925
^VIX,2020-12-18,22.15,23.77,21.57,21.57,0,-0.58,-2.62,22.265
^VIX,2020-12-21,24.25,31.46,24.23,25.16,0,0.91,3.75,26.275
^VIX,2020-12-22,25.24,25.56,23.53,24.23,0,-1.01,-4.0,24.64
^VIX,2020-12-23,23.49,23.68,22.13,23.31,0,-0.18,-0.76628,23.1525
^VIX,2020-12-24,22.47,22.83,21.39,21.53,0,-0.94,-4.18,22.055
^VIX,2020-12-28,22.11,22.12,21.15,21.7,0,-0.41,-1.85,21.77
^VIX,2020-12-29,21.61,23.72,20.99,23.08,0,1.47,6.8,22.35
^VIX,2020-12-30,22.58,23.15,22.41,22.77,0,0.19,0.84145,22.7275
^VIX,2020-12-31,22.99,23.25,21.24,22.75,0,-0.24,-1.04,22.5575
^VIX,2021-01-04,23.04,29.19,22.56,26.97,0,3.93,17.06,25.44
^VIX,2021-01-05,26.94,28.6,24.8,25.34,0,-1.6,-5.94,26.42
^VIX,2021-01-06,25.48,26.77,22.14,25.07,0,-0.41,-1.61,24.865
^VIX,2021-01-07,23.67,23.91,22.25,22.37,0,-1.3,-5.49,23.05
^VIX,2021-01-08,22.43,23.34,21.42,21.56,0,-0.87,-3.88,22.1875
^VIX,2021-01-11,23.31,24.81,23.23,24.08,0,0.77,3.3,23.8575
^VIX,2021-01-12,23.49,25.15,22.83,23.33,0,-0.16,-0.68114,23.7
^VIX,2021-01-13,23.07,24.18,21.92,22.21,0,-0.86,-3.73,22.845
^VIX,2021-01-14,22.22,23.47,21.66,23.25,0,1.03,4.64,22.65
^VIX,2021-01-15,23.52,25.8,23.08,24.34,0,0.82,3.49,24.185
^VIX,2021-01-19,23.03,23.56,22.53,23.24,0,0.21,0.91185,23.09
^VIX,2021-01-20,22.82,22.86,21.37,21.58,0,-1.24,-5.43,22.1575
^VIX,2021-01-21,21.34,22.22,21.09,21.32,0,-0.02,-0.09372071,21.4925
^VIX,2021-01-22,22.24,23.73,21.27,21.91,0,-0.33,-1.48,22.2875
^VIX,2021-01-25,22.31,26.63,22.2,23.19,0,0.88,3.94,23.5825
^VIX,2021-01-26,23.91,23.94,22.55,23.02,0,-0.89,-3.72,23.355
^VIX,2021-01-27,23.82,37.21,23.71,37.21,0,13.39,56.21,30.4875
^VIX,2021-01-28,33.25,36.29,27.39,30.21,0,-3.04,-9.14,31.785
^VIX,2021-01-29,35.16,37.51,29.24,33.09,0,-2.07,-5.89,33.75
^VIX,2021-02-01,31.45,33.96,29.03,30.24,0,-1.21,-3.85,31.17
^VIX,2021-02-02,28.01,28.08,25.31,25.56,0,-2.45,-8.75,26.74
^VIX,2021-02-03,24.59,25.43,22.91,22.91,0,-1.68,-6.83,23.96
^VIX,2021-02-04,23.44,23.44,21.68,21.77,0,-1.67,-7.12,22.5825
^VIX,2021-02-05,21.99,22.16,20.86,20.87,0,-1.12,-5.09,21.47
^VIX,2021-02-08,21.89,22.07,21.23,21.24,0,-0.65,-2.97,21.6075
^VIX,2021-02-09,21.57,22.26,20.65,21.63,0,0.06,0.27816,21.5275
^VIX,2021-02-10,21.64,23.85,19.69,21.99,0,0.35,1.62,21.7925
^VIX,2021-02-11,22.09,23.25,21.11,21.25,0,-0.84,-3.8,21.925
^VIX,2021-02-12,21.6,22.45,19.95,19.97,0,-1.63,-7.55,20.9925
^VIX,2021-02-16,21.13,22.46,20.88,21.46,0,0.33,1.56,21.4825
^VIX,2021-02-17,22.02,23.44,21.09,21.5,0,-0.52,-2.36,22.0125
^VIX,2021-02-18,21.98,24.23,21.8,22.49,0,0.51,2.32,22.625
^VIX,2021-02-19,23.1,23.19,20.84,22.05,0,-1.05,-4.55,22.295
^VIX,2021-02-22,24.46,25.09,21.96,23.45,0,-1.01,-4.13,23.74
^VIX,2021-02-23,22.82,27.01,22.5,23.11,0,0.29,1.27,23.86
^VIX,2021-02-24,23.76,25.04,21.31,21.34,0,-2.42,-10.19,22.8625
^VIX,2021-02-25,21.73,31.16,21.52,28.89,0,7.16,32.95,25.825
^VIX,2021-02-26,28.73,30.82,25.23,27.95,0,-0.78,-2.71,28.1825
^VIX,2021-03-01,25.2,25.39,23.17,23.35,0,-1.85,-7.34,24.2775
^VIX,2021-03-02,23.58,24.6,22.8,24.1,0,0.52,2.21,23.77
^VIX,2021-03-03,22.8,26.79,22.45,26.67,0,3.87,16.97,24.6775
^VIX,2021-03-04,26.52,31.9,24.93,28.57,0,2.05,7.73,27.98
^VIX,2021-03-05,29.48,30.03,24.33,24.66,0,-4.82,-16.35,27.125
^VIX,2021-03-08,27.61,28.39,24.07,25.47,0,-2.14,-7.75,26.385
^VIX,2021-03-09,25.11,25.25,22.9,24.03,0,-1.08,-4.3,24.3225
^VIX,2021-03-10,23.76,23.87,22.38,22.56,0,-1.2,-5.05,23.1425
^VIX,2021-03-11,22.5,22.5,21.45,21.91,0,-0.59,-2.62,22.09
^VIX,2021-03-12,22.57,22.99,20.63,20.69,0,-1.88,-8.33,21.72
^VIX,2021-03-15,21.84,21.86,19.87,20.03,0,-1.81,-8.29,20.9
^VIX,2021-03-16,20.14,20.31,19.33,19.79,0,-0.35,-1.74,19.8925
^VIX,2021-03-17,20.1,20.95,19.18,19.23,0,-0.87,-4.33,19.865
^VIX,2021-03-18,18.95,22.6,18.95,21.58,0,2.63,13.88,20.52
^VIX,2021-03-19,21.43,23.17,19.9,20.95,0,-0.48,-2.24,21.3625
^VIX,2021-03-22,21.91,22.29,18.87,18.88,0,-3.03,-13.83,20.4875
^VIX,2021-03-23,19.46,21.58,18.8,20.3,0,0.84,4.32,20.035
^VIX,2021-03-24,20.64,21.49,19.3,21.2,0,0.56,2.71,20.6575
^VIX,2021-03-25,20.8,23.55,19.81,19.81,0,-0.99,-4.76,20.9925
^VIX,2021-03-26,19.32,21.49,18.68,18.86,0,-0.46,-2.38,19.5875
^VIX,2021-03-29,20.4,21.6,19.42,20.74,0,0.34,1.67,20.54
^VIX,2021-03-30,20.76,21.75,19.47,19.61,0,-1.15,-5.54,20.3975
^VIX,2021-03-31,19.8,20.11,18.85,19.4,0,-0.4,-2.02,19.54
^VIX,2021-04-01,18.6,18.64,17.29,17.33,0,-1.27,-6.83,17.965
^VIX,2021-04-05,18.16,18.4,17.35,17.91,0,-0.25,-1.38,17.955
^VIX,2021-04-06,18.07,18.3,17.37,18.12,0,0.05,0.2767,17.965
^VIX,2021-04-07,17.99,18.17,16.87,17.16,0,-0.83,-4.61,17.5475
^VIX,2021-04-08,16.92,17.36,16.55,16.95,0,0.03,0.1773,16.945
^VIX,2021-04-09,17.05,17.34,16.2,16.69,0,-0.36,-2.11,16.82
^VIX,2021-04-12,17.43,17.91,16.81,16.91,0,-0.52,-2.98,17.265
^VIX,2021-04-13,16.99,17.86,16.43,16.65,0,-0.34,-2.0,16.9825
^VIX,2021-04-14,16.71,17.69,15.38,16.99,0,0.28,1.68,16.6925
^VIX,2021-04-15,16.78,16.92,15.94,16.57,0,-0.21,-1.25,16.5525
^VIX,2021-04-16,16.65,16.88,16.05,16.25,0,-0.4,-2.4,16.4575
^VIX,2021-04-19,17.04,18.61,16.78,17.29,0,0.25,1.47,17.43
^VIX,2021-04-20,17.36,19.7,17.24,18.68,0,1.32,7.6,18.245
^VIX,2021-04-21,18.48,19.29,16.91,17.5,0,-0.98,-5.3,18.045
^VIX,2021-04-22,17.28,19.9,16.99,18.71,0,1.43,8.28,18.22
^VIX,2021-04-23,18.56,18.78,16.8,17.33,0,-1.23,-6.63,17.8675
^VIX,2021-04-26,17.94,18.17,16.87,17.64,0,-0.3,-1.67,17.655
^VIX,2021-04-27,17.62,18.16,16.97,17.56,0,-0.06,-0.34052,17.5775
^VIX,2021-04-28,17.47,17.84,16.67,17.28,0,-0.19,-1.09,17.315
^VIX,2021-04-29,16.88,18.87,16.77,17.61,0,0.73,4.32,17.5325
^VIX,2021-04-30,17.67,19.25,17.64,18.61,0,0.94,5.32,18.2925
^VIX,2021-05-03,18.65,19.12,17.8,18.31,0,-0.34,-1.82,18.47
^VIX,2021-05-04,18.16,21.85,18.11,19.48,0,1.32,7.27,19.4
^VIX,2021-05-05,18.84,19.58,17.89,19.15,0,0.31,1.65,18.865
^VIX,2021-05-06,18.41,20.6,18.21,18.39,0,-0.02,-0.10864,18.9025
^VIX,2021-05-07,18.45,18.57,16.68,16.69,0,-1.76,-9.54,17.5975
^VIX,2021-05-10,17.34,19.75,17.07,19.66,0,2.32,13.38,18.455
^VIX,2021-05-11,21.17,23.73,20.71,21.84,0,0.67,3.16,21.8625
^VIX,2021-05-12,22.42,28.38,21.66,27.59,0,5.17,23.06,25.0125
^VIX,2021-05-13,26.03,28.93,22.23,23.13,0,-2.9,-11.14,25.08
^VIX,2021-05-14,21.77,22.1,18.66,18.81,0,-2.96,-13.6,20.335
^VIX,2021-05-17,19.89,21.58,19.67,19.72,0,-0.17,-0.8547,20.215
^VIX,2021-05-18,18.89,21.45,18.81,21.34,0,2.45,12.97,20.1225
^VIX,2021-05-19,22.46,25.96,21.88,22.18,0,-0.28,-1.25,23.12
^VIX,2021-05-20,22.33,23.5,20.19,20.67,0,-1.66,-7.43,21.6725
^VIX,2021-05-21,20.42,20.89,19.53,20.15,0,-0.27,-1.32,20.2475
^VIX,2021-05-24,20.5,20.51,18.38,18.4,0,-2.1,-10.24,19.4475
^VIX,2021-05-25,18.35,19.29,16.87,18.84,0,0.49,2.67,18.3375
^VIX,2021-05-26,18.37,18.92,17.35,17.36,0,-1.01,-5.5,18.0
^VIX,2021-05-27,18.03,18.17,16.52,16.74,0,-1.29,-7.15,17.365
^VIX,2021-05-28,16.8,16.86,15.9,16.76,0,-0.04,-0.2381,16.58
^VIX,2021-06-01,17.24,18.53,15.68,17.9,0,0.66,3.83,17.3375
^VIX,2021-06-02,17.86,18.31,16.74,17.48,0,-0.38,-2.13,17.5975
^VIX,2021-06-03,17.73,19.27,17.45,18.04,0,0.31,1.75,18.1225
^VIX,2021-06-04,18.09,18.42,16.18,16.42,0,-1.67,-9.23,17.2775
^VIX,2021-06-07,17.34,17.35,15.78,16.42,0,-0.92,-5.31,16.7225
^VIX,2021-06-08,16.58,17.75,15.15,17.07,0,0.49,2.96,16.6375
^VIX,2021-06-09,17.18,17.96,15.55,17.89,0,0.71,4.13,17.145
^VIX,2021-06-10,18.18,18.29,16.01,16.1,0,-2.08,-11.44,17.145
^VIX,2021-06-11,16.18,16.2,15.15,15.65,0,-0.53,-3.28,15.795
^VIX,2021-06-14,16.04,17.04,15.04,16.39,0,0.35,2.18,16.1275
^VIX,2021-06-15,16.27,17.35,16.14,17.02,0,0.75,4.61,16.695
^VIX,2021-06-16,16.99,19.11,16.42,18.15,0,1.16,6.83,17.6675
^VIX,2021-06-17,18.49,19.22,16.71,17.75,0,-0.74,-4.0,18.0425
^VIX,2021-06-18,16.96,21.04,16.92,20.7,0,3.74,22.05,18.905
^VIX,2021-06-21,21.74,21.82,17.81,17.89,0,-3.85,-17.71,19.815
^VIX,2021-06-22,17.91,18.32,15.76,16.66,0,-1.25,-6.98,17.1625
^VIX,2021-06-23,16.25,16.84,14.86,16.32,0,0.07,0.43077,16.0675
^VIX,2021-06-24,15.99,16.05,14.19,15.97,0,-0.02,-0.12508,15.55
^VIX,2021-06-25,16.04,16.17,15.21,15.62,0,-0.42,-2.62,15.76
^VIX,2021-06-28,16.07,16.46,15.39,15.76,0,-0.31,-1.93,15.92
^VIX,2021-06-29,15.69,16.31,14.1,16.02,0,0.33,2.1,15.53
^VIX,2021-06-30,16.18,17.31,15.58,15.83,0,-0.35,-2.16,16.225
^VIX,2021-07-01,15.62,16.01,15.31,15.48,0,-0.14,-0.89629,15.605
^VIX,2021-07-02,15.53,15.54,14.25,15.07,0,-0.46,-2.96,15.0975
^VIX,2021-07-06,15.77,17.94,15.73,16.44,0,0.67,4.25,16.47
^VIX,2021-07-07,16.43,17.64,16.08,16.2,0,-0.23,-1.4,16.5875
^VIX,2021-07-08,17.74,21.29,17.74,19.0,0,1.26,7.1,18.9425
^VIX,2021-07-09,17.88,18.13,16.08,16.18,0,-1.7,-9.51,17.0675
^VIX,2021-07-12,16.85,17.52,16.14,16.17,0,-0.68,-4.04,16.67
^VIX,2021-07-13,16.39,17.23,15.94,17.12,0,0.73,4.45,16.67
^VIX,2021-07-14,17.34,17.51,15.95,16.33,0,-1.01,-5.82,16.7825
^VIX,2021-07-15,16.7,18.09,16.56,17.01,0,0.31,1.86,17.09
^VIX,2021-07-16,16.8,18.7,16.03,18.45,0,1.65,9.82,17.495
^VIX,2021-07-19,19.61,25.09,19.27,22.5,0,2.89,14.74,21.6175
^VIX,2021-07-20,20.89,22.97,19.37,19.73,0,-1.16,-5.55,20.74
^VIX,2021-07-21,19.73,19.82,17.81,17.91,0,-1.82,-9.22,18.8175
^VIX,2021-07-22,17.59,18.45,17.4,17.69,0,0.1,0.5685,17.7825
^VIX,2021-07-23,16.98,17.48,16.33,17.2,0,0.22,1.3,16.9975
^VIX,2021-07-26,18.67,19.39,17.53,17.58,0,-1.09,-5.84,18.2925
^VIX,2021-07-27,18.62,20.44,18.25,19.36,0,0.74,3.97,19.1675
^VIX,2021-07-28,19.41,19.62,17.52,18.31,0,-1.1,-5.67,18.715
^VIX,2021-07-29,17.91,18.01,17.19,17.7,0,-0.21,-1.17,17.7025
^VIX,2021-07-30,19.69,19.72,17.53,18.24,0,-1.45,-7.36,18.795
^VIX,2021-08-02,18.16,19.87,17.99,19.46,0,1.3,7.16,18.87
^VIX,2021-08-03,19.17,20.44,17.7,18.04,0,-1.13,-5.89,18.8375
^VIX,2021-08-04,18.23,18.9,17.67,17.97,0,-0.26,-1.43,18.1925
^VIX,2021-08-05,17.73,17.84,17.23,17.28,0,-0.45,-2.54,17.52
^VIX,2021-08-06,17.46,17.5,16.14,16.15,0,-1.31,-7.5,16.8125
^VIX,2021-08-09,17.12,17.39,16.59,16.72,0,-0.4,-2.34,16.955
^VIX,2021-08-10,16.82,17.05,16.34,16.79,0,-0.03,-0.17836,16.75
^VIX,2021-08-11,16.81,17.09,15.87,16.06,0,-0.75,-4.46,16.4575
^VIX,2021-08-12,16.33,16.42,15.49,15.59,0,-0.74,-4.53,15.9575
^VIX,2021-08-13,15.68,15.72,15.19,15.45,0,-0.23,-1.47,15.51
^VIX,2021-08-16,17.05,17.71,16.02,16.12,0,-0.93,-5.45,16.725
^VIX,2021-08-17,17.31,19.56,16.71,17.91,0,0.6,3.47,17.8725
^VIX,2021-08-18,17.56,21.64,17.31,21.57,0,4.01,22.84,19.52
^VIX,2021-08-19,23.12,24.74,20.37,21.67,0,-1.45,-6.27,22.475
^VIX,2021-08-20,22.74,23.9,18.18,18.56,0,-4.18,-18.38,20.845
^VIX,2021-08-23,18.83,18.95,16.95,17.15,0,-1.68,-8.92,17.97
^VIX,2021-08-24,16.96,17.51,16.94,17.22,0,0.26,1.53,17.1575
^VIX,2021-08-25,17.42,17.5,16.46,16.79,0,-0.63,-3.62,17.0425
^VIX,2021-08-26,17.46,19.27,17.16,18.84,0,1.38,7.9,18.1825
^VIX,2021-08-27,17.95,18.22,16.11,16.39,0,-1.56,-8.69,17.1675
^VIX,2021-08-30,16.77,16.8,15.98,16.19,0,-0.58,-3.46,16.435
^VIX,2021-08-31,15.98,17.07,15.91,16.48,0,0.5,3.13,16.36
^VIX,2021-09-01,16.06,16.71,15.68,16.11,0,0.05,0.31133,16.14
^VIX,2021-09-02,16.27,16.98,15.73,16.41,0,0.14,0.86048,16.3475
^VIX,2021-09-03,16.27,17.06,16.08,16.41,0,0.14,0.86048,16.455
^VIX,2021-09-07,16.94,18.39,16.89,18.14,0,1.2,7.08,17.59
^VIX,2021-09-08,18.97,19.64,17.78,17.96,0,-1.01,-5.32,18.5875
^VIX,2021-09-09,19.44,19.54,17.17,18.8,0,-0.64,-3.29,18.7375
^VIX,2021-09-10,17.94,21.13,16.99,20.95,0,3.01,16.78,19.2525
^VIX,2021-09-13,19.64,21.18,18.76,19.37,0,-0.27,-1.37,19.7375
^VIX,2021-09-14,19.58,20.47,18.39,19.46,0,-0.12,-0.61287,19.475
^VIX,2021-09-15,19.3,20.27,18.01,18.18,0,-1.12,-5.8,18.94
^VIX,2021-09-16,18.41,19.76,17.65,18.69,0,0.28,1.52,18.6275
^VIX,2021-09-17,18.37,21.51,18.35,20.81,0,2.44,13.28,19.76
^VIX,2021-09-20,24.25,28.79,23.9,25.71,0,1.46,6.02,25.6625
^VIX,2021-09-21,23.41,25.6,21.71,24.36,0,0.95,4.06,23.77
^VIX,2021-09-22,22.72,23.4,20.75,20.87,0,-1.85,-8.14,21.935
^VIX,2021-09-23,19.91,20.21,18.42,18.63,0,-1.28,-6.43,19.2925
^VIX,2021-09-24,19.33,20.41,17.63,17.75,0,-1.58,-8.17,18.78
^VIX,2021-09-27,17.78,19.32,17.74,18.76,0,0.98,5.51,18.4
^VIX,2021-09-28,19.74,24.82,19.71,23.25,0,3.51,17.78,21.88
^VIX,2021-09-29,22.07,23.79,21.45,22.56,0,0.49,2.22,22.4675
^VIX,2021-09-30,21.48,24.71,20.6,23.14,0,1.66,7.73,22.4825
^VIX,2021-10-01,24.78,24.89,20.64,21.15,0,-3.63,-14.65,22.865
^VIX,2021-10-04,22.9,24.58,21.88,22.96,0,0.06,0.26201,23.08
^VIX,2021-10-05,22.92,23.17,20.62,21.3,0,-1.62,-7.07,22.0025
^VIX,2021-10-06,22.95,24.4,20.99,21.0,0,-1.95,-8.5,22.335
^VIX,2021-10-07,20.54,20.76,19.07,19.54,0,-1.0,-4.87,19.9775
^VIX,2021-10-08,19.46,19.94,18.2,18.77,0,-0.69,-3.55,19.0925
^VIX,2021-10-11,19.93,20.45,18.11,20.0,0,0.07,0.35123,19.6225
^VIX,2021-10-12,20.62,20.81,18.97,19.85,0,-0.77,-3.73,20.0625
^VIX,2021-10-13,20.14,20.23,18.44,18.64,0,-1.5,-7.45,19.3625
^VIX,2021-10-14,18.01,18.08,16.8,16.86,0,-1.15,-6.39,17.4375
^VIX,2021-10-15,16.64,16.85,15.72,16.3,0,-0.34,-2.04,16.3775
^VIX,2021-10-18,17.29,17.93,16.27,16.31,0,-0.98,-5.67,16.95
^VIX,2021-10-19,16.09,16.31,15.57,15.7,0,-0.39,-2.42,15.9175
^VIX,2021-10-20,15.82,15.89,15.29,15.49,0,-0.33,-2.09,15.6225
^VIX,2021-10-21,16.06,16.11,14.92,15.01,0,-1.05,-6.54,15.525
^VIX,2021-10-22,15.35,16.39,14.84,15.43,0,0.08,0.52117,15.5025
^VIX,2021-10-25,16.14,16.33,15.1,15.24,0,-0.9,-5.58,15.7025
^VIX,2021-10-26,15.02,16.71,14.9,15.98,0,0.96,6.39,15.6525
^VIX,2021-10-27,15.79,17.29,15.54,16.98,0,1.19,7.54,16.4
^VIX,2021-10-28,17.06,17.16,16.23,16.53,0,-0.53,-3.11,16.745
^VIX,2021-10-29,17.4,18.06,16.13,16.26,0,-1.14,-6.55,16.9625
^VIX,2021-11-01,16.85,17.7,16.32,16.41,0,-0.44,-2.61,16.82
^VIX,2021-11-02,16.54,16.65,15.89,16.03,0,-0.51,-3.08,16.2775
^VIX,2021-11-03,16.11,16.39,14.9,15.1,0,-1.01,-6.27,15.625
^VIX,2021-11-04,15.06,16.14,14.73,15.44,0,0.38,2.52,15.3425
^VIX,2021-11-05,15.59,17.02,14.95,16.48,0,0.89,5.71,16.01
^VIX,2021-11-08,17.23,17.69,16.44,17.22,0,-0.01,-0.05803831,17.145
^VIX,2021-11-09,17.43,18.57,17.21,17.78,0,0.35,2.01,17.7475
^VIX,2021-11-10,17.74,19.9,17.22,18.73,0,0.99,5.58,18.3975
^VIX,2021-11-11,18.34,18.39,17.27,17.66,0,-0.68,-3.71,17.915
^VIX,2021-11-12,17.49,17.69,16.15,16.29,0,-1.2,-6.86,16.905
^VIX,2021-11-15,17.03,17.46,16.49,16.49,0,-0.54,-3.17,16.8675
^VIX,2021-11-16,16.86,17.08,16.03,16.37,0,-0.49,-2.91,16.585
^VIX,2021-11-17,16.36,17.19,16.28,17.11,0,0.75,4.58,16.735
^VIX,2021-11-18,16.81,18.15,16.38,17.59,0,0.78,4.64,17.2325
^VIX,2021-11-19,17.36,19.01,17.23,17.91,0,0.55,3.17,17.8775
^VIX,2021-11-22,18.2,19.59,17.35,19.17,0,0.97,5.33,18.5775
^VIX,2021-11-23,20.24,20.91,19.03,19.38,0,-0.86,-4.25,19.89
^VIX,2021-11-24,19.17,20.96,18.52,18.58,0,-0.59,-3.08,19.3075
^VIX,2021-11-26,26.62,28.99,23.88,28.62,0,2.0,7.51,27.0275
^VIX,2021-11-29,25.31,25.69,21.71,22.96,0,-2.35,-9.28,23.9175
^VIX,2021-11-30,26.23,28.56,23.71,27.19,0,0.96,3.66,26.4225
^VIX,2021-12-01,24.92,32.61,22.38,31.12,0,6.2,24.88,27.7575
^VIX,2021-12-02,29.44,30.68,27.15,27.95,0,-1.49,-5.06,28.805
^VIX,2021-12-03,26.95,35.32,25.89,30.67,0,3.72,13.8,29.7075
^VIX,2021-12-06,28.99,30.82,26.75,27.18,0,-1.81,-6.24,28.435
^VIX,2021-12-07,24.58,24.69,21.58,21.89,0,-2.69,-10.94,23.185
^VIX,2021-12-08,21.74,23.11,19.85,19.9,0,-1.84,-8.46,21.15
^VIX,2021-12-09,20.31,22.12,19.94,21.58,0,1.27,6.25,20.9875
^VIX,2021-12-10,21.27,21.3,18.69,18.69,0,-2.58,-12.13,19.9875
^VIX,2021-12-13,19.29,21.18,18.96,20.31,0,1.02,5.29,19.935
^VIX,2021-12-14,19.67,23.0,19.67,21.89,0,2.22,11.29,21.0575
^VIX,2021-12-15,21.6,23.47,19.02,19.29,0,-2.31,-10.69,20.845
^VIX,2021-12-16,18.56,22.13,18.19,20.57,0,2.01,10.83,19.8625
^VIX,2021-12-17,20.7,23.26,20.49,21.57,0,0.87,4.2,21.505
^VIX,2021-12-20,25.89,27.39,22.85,22.87,0,-3.02,-11.66,24.75
^VIX,2021-12-21,22.28,22.68,20.9,21.01,0,-1.27,-5.7,21.7175
^VIX,2021-12-22,21.04,21.36,18.59,18.63,0,-2.41,-11.45,19.905
^VIX,2021-12-23,18.81,18.93,17.62,17.96,0,-0.85,-4.52,18.33
^VIX,2021-12-27,19.37,19.41,17.55,17.68,0,-1.69,-8.72,18.5025
^VIX,2021-12-28,17.78,18.47,17.51,17.54,0,-0.24,-1.35,17.825
^VIX,2021-12-29,17.63,18.0,16.71,16.95,0,-0.68,-3.86,17.3225
^VIX,2021-12-30,17.3,17.79,16.62,17.33,0,0.03,0.17341,17.26
^VIX,2021-12-31,17.63,18.27,16.99,17.22,0,-0.41,-2.33,17.5275
^VIX,2022-01-03,17.6,18.54,16.56,16.6,0,-1.0,-5.68,17.325
^VIX,2022-01-04,16.57,17.81,16.34,16.91,0,0.34,2.05,16.9075
^VIX,2022-01-05,17.07,20.17,16.58,19.73,0,2.66,15.58,18.3875
^VIX,2022-01-06,20.29,21.06,19.08,19.61,0,-0.68,-3.35,20.01
^VIX,2022-01-07,19.85,20.8,18.57,18.76,0,-1.09,-5.49,19.495
^VIX,2022-01-10,19.58,23.33,19.29,19.4,0,-0.18,-0.91931,20.4
^VIX,2022-01-11,19.62,21.0,18.2,18.41,0,-1.21,-6.17,19.3075
^VIX,2022-01-12,18.17,18.69,17.36,17.62,0,-0.55,-3.03,17.96
^VIX,2022-01-13,18.06,20.61,17.45,20.31,0,2.25,12.46,19.1075
^VIX,2022-01-14,20.11,22.07,19.05,19.19,0,-0.92,-4.57,20.105
^VIX,2022-01-18,21.18,23.2,21.18,22.79,0,1.61,7.6,22.0875
^VIX,2022-01-19,23.12,23.99,21.85,23.85,0,0.73,3.16,23.2025
^VIX,2022-01-20,23.46,25.89,21.68,25.59,0,2.13,9.08,24.155
^VIX,2022-01-21,25.38,29.79,25.31,28.85,0,3.47,13.67,27.3325
^VIX,2022-01-24,28.2,38.94,28.02,29.9,0,1.7,6.03,31.265
^VIX,2022-01-25,32.29,35.85,29.13,31.16,0,-1.13,-3.5,32.1075
^VIX,2022-01-26,29.35,33.04,26.9,31.96,0,2.61,8.89,30.3125
^VIX,2022-01-27,32.19,33.0,28.42,30.49,0,-1.7,-5.28,31.025
^VIX,2022-01-28,30.27,32.82,27.28,27.66,0,-2.61,-8.62,29.5075
^VIX,2022-01-31,28.36,29.41,24.71,24.83,0,-3.53,-12.45,26.8275
^VIX,2022-02-01,24.57,25.33,21.96,21.96,0,-2.61,-10.62,23.455
^VIX,2022-02-02,21.56,22.73,20.46,22.09,0,0.53,2.46,21.71
^VIX,2022-02-03,22.63,25.81,22.3,24.35,0,1.72,7.6,23.7725
^VIX,2022-02-04,23.77,26.26,22.07,23.22,0,-0.55,-2.31,23.83
^VIX,2022-02-07,24.09,24.82,22.02,22.86,0,-1.23,-5.11,23.4475
^VIX,2022-02-08,23.09,23.48,21.32,21.44,0,-1.65,-7.15,22.3325
^VIX,2022-02-09,21.27,21.3,19.93,19.96,0,-1.31,-6.16,20.615
^VIX,2022-02-10,20.37,24.77,20.18,23.91,0,3.54,17.38,22.3075
^VIX,2022-02-11,24.39,30.99,23.33,27.36,0,2.97,12.18,26.5175
^VIX,2022-02-14,29.17,32.04,28.33,28.33,0,-0.84,-2.88,29.4675
^VIX,2022-02-15,28.09,28.09,25.33,25.7,0,-2.39,-8.51,26.8025
^VIX,2022-02-16,25.19,27.09,23.88,24.29,0,-0.9,-3.57,25.1125
^VIX,2022-02-17,24.83,28.37,24.76,28.11,0,3.28,13.21,26.5175
^VIX,2022-02-18,26.66,29.71,26.38,27.75,0,1.09,4.09,27.625
^VIX,2022-02-22,31.8,32.04,28.4,28.81,0,-2.99,-9.4,30.2625
^VIX,2022-02-23,28.04,31.07,27.2,31.02,0,2.98,10.63,29.3325
^VIX,2022-02-24,37.5,37.79,29.45,30.32,0,-7.18,-19.15,33.765
^VIX,2022-02-25,31.68,32.0,26.93,27.59,0,-4.09,-12.91,29.55
^VIX,2022-02-28,32.44,33.51,28.43,30.15,0,-2.29,-7.06,31.1325
^VIX,2022-03-01,29.45,35.19,29.44,33.32,0,3.87,13.14,31.85
^VIX,2022-03-02,34.2,34.41,30.12,30.74,0,-3.46,-10.12,32.3675
^VIX,2022-03-03,30.52,32.01,29.31,30.48,0,-0.04,-0.13106,30.58
^VIX,2022-03-04,31.9,34.65,31.47,31.98,0,0.08,0.25078,32.5
^VIX,2022-03-07,35.88,36.55,32.59,36.45,0,0.57,1.59,35.3675
^VIX,2022-03-08,36.19,37.52,32.78,35.13,0,-1.06,-2.93,35.405
^VIX,2022-03-09,33.74,34.12,31.39,32.45,0,-1.29,-3.82,32.925
^VIX,2022-03-10,33.03,34.03,30.23,30.23,0,-2.8,-8.48,31.88
^VIX,2022-03-11,30.43,31.04,28.84,30.75,0,0.32,1.05,30.265
^VIX,2022-03-14,31.03,33.18,30.06,31.77,0,0.74,2.38,31.51
^VIX,2022-03-15,33.13,33.83,29.57,29.83,0,-3.3,-9.96,31.59
^VIX,2022-03-16,29.02,29.8,26.29,26.67,0,-2.35,-8.1,27.945
^VIX,2022-03-17,26.51,27.47,25.25,25.67,0,-0.84,-3.17,26.225
^VIX,2022-03-18,26.36,26.82,23.85,23.87,0,-2.49,-9.45,25.225
^VIX,2022-03-21,25.14,25.36,22.99,23.53,0,-1.61,-6.4,24.255
^VIX,2022-03-22,24.02,24.02,22.7,22.94,0,-1.08,-4.5,23.42
^VIX,2022-03-23,23.04,24.03,22.64,23.57,0,0.53,2.3,23.32
^VIX,2022-03-24,23.61,23.79,21.49,21.67,0,-1.94,-8.22,22.64
^VIX,2022-03-25,21.87,22.86,20.8,20.81,0,-1.06,-4.85,21.585
^VIX,2022-03-28,22.14,23.33,19.54,19.63,0,-2.51,-11.34,21.16
^VIX,2022-03-29,19.7,19.73,18.67,18.9,0,-0.8,-4.06,19.25
^VIX,2022-03-30,19.38,20.51,18.72,19.33,0,-0.05,-0.258,19.485
^VIX,2022-03-31,19.68,21.48,19.54,20.56,0,0.88,4.47,20.315
^VIX,2022-04-01,20.62,20.86,19.41,19.63,0,-0.99,-4.8,20.13
^VIX,2022-04-04,20.75,20.78,18.45,18.57,0,-2.18,-10.51,19.6375
^VIX,2022-04-05,18.79,21.57,18.55,21.03,0,2.24,11.92,19.985
^VIX,2022-04-06,21.27,24.78,21.24,22.1,0,0.83,3.9,22.3475
^VIX,2022-04-07,21.97,23.82,21.12,21.55,0,-0.42,-1.91,22.115
^VIX,2022-04-08,21.25,22.34,20.28,21.16,0,-0.09,-0.42353,21.2575
^VIX,2022-04-11,23.09,24.42,22.09,24.37,0,1.28,5.54,23.4925
^VIX,2022-04-12,24.94,25.38,22.27,24.26,0,-0.68,-2.73,24.2125
^VIX,2022-04-13,23.52,24.45,21.37,21.82,0,-1.7,-7.23,22.79
^VIX,2022-04-14,21.72,22.7,20.85,22.7,0,0.98,4.51,21.9925
^VIX,2022-04-18,24.52,24.6,21.98,22.17,0,-2.35,-9.58,23.3175
^VIX,2022-04-19,22.55,22.92,20.36,21.37,0,-1.18,-5.23,21.8
^VIX,2022-04-20,21.13,21.32,19.75,20.32,0,-0.81,-3.83,20.63
^VIX,2022-04-21,20.24,23.28,19.81,22.68,0,2.44,12.06,21.5025
^VIX,2022-04-22,22.71,28.27,22.62,28.21,0,5.5,24.22,25.4525
^VIX,2022-04-25,30.04,31.6,26.8,27.02,0,-3.02,-10.05,28.865
^VIX,2022-04-26,27.38,33.81,27.06,33.52,0,6.14,22.43,30.4425
^VIX,2022-04-27,31.11,32.77,29.82,31.6,0,0.49,1.58,31.325
^VIX,2022-04-28,29.91,32.0,28.0,29.99,0,0.08,0.26747,29.975
^VIX,2022-04-29,28.97,34.34,28.54,33.4,0,4.43,15.29,31.3125
^VIX,2022-05-02,33.35,36.64,31.74,32.34,0,-1.01,-3.03,33.5175
^VIX,2022-05-03,31.76,32.82,29.06,29.25,0,-2.51,-7.9,30.7225
^VIX,2022-05-04,29.12,29.42,24.94,25.42,0,-3.7,-12.71,27.225
^VIX,2022-05-05,25.97,33.2,25.78,31.2,0,5.23,20.14,29.0375
^VIX,2022-05-06,32.23,35.34,29.83,30.19,0,-2.04,-6.33,31.8975
^VIX,2022-05-09,31.9,35.48,31.9,34.75,0,2.85,8.93,33.5075
^VIX,2022-05-10,33.66,34.84,32.24,32.99,0,-0.67,-1.99,33.4325
^VIX,2022-05-11,32.87,34.39,30.69,32.56,0,-0.31,-0.94311,32.6275
^VIX,2022-05-12,33.74,34.76,31.7,31.77,0,-1.97,-5.84,32.9925
^VIX,2022-05-13,31.09,31.2,28.78,28.87,0,-2.22,-7.14,29.985
^VIX,2022-05-16,30.01,30.23,27.36,27.47,0,-2.54,-8.46,28.7675
^VIX,2022-05-17,27.07,27.17,25.51,26.1,0,-0.97,-3.58,26.4625
^VIX,2022-05-18,26.74,31.49,26.21,30.96,0,4.22,15.78,28.85
^VIX,2022-05-19,31.24,33.11,29.06,29.35,0,-1.89,-6.05,30.69
^VIX,2022-05-20,28.78,32.91,28.06,29.43,0,0.65,2.26,29.795
^VIX,2022-05-23,28.98,30.39,28.29,28.48,0,-0.5,-1.73,29.035
^VIX,2022-05-24,29.43,31.07,29.04,29.45,0,0.02,0.06795787,29.7475
^VIX,2022-05-25,29.33,30.23,28.16,28.37,0,-0.96,-3.27,29.0225
^VIX,2022-05-26,28.42,28.46,27.11,27.5,0,-0.92,-3.24,27.8725
^VIX,2022-05-27,27.5,27.54,25.57,25.72,0,-1.78,-6.47,26.5825
^VIX,2022-05-30,26.16,26.81,26.08,26.54,0,0.38,1.45,26.3975
^VIX,2022-05-31,27.47,28.35,25.94,26.19,0,-1.28,-4.66,26.9875
^VIX,2022-06-01,26.05,27.73,25.38,25.69,0,-0.36,-1.38,26.2125
^VIX,2022-06-02,25.73,26.5,24.33,24.72,0,-1.01,-3.93,25.32
^VIX,2022-06-03,24.91,25.96,24.76,24.79,0,-0.12,-0.48173,25.105
^VIX,2022-06-06,25.37,25.81,24.82,25.07,0,-0.3,-1.18,25.2675
^VIX,2022-06-07,25.54,26.24,23.88,24.02,0,-1.52,-5.95,24.92
^VIX,2022-06-08,24.37,24.78,23.74,23.96,0,-0.41,-1.68,24.2125
^VIX,2022-06-09,24.29,26.24,23.82,26.09,0,1.8,7.41,25.11
^VIX,2022-06-10,26.26,29.63,26.05,27.75,0,1.49,5.67,27.4225
^VIX,2022-06-13,31.37,35.05,31.29,34.02,0,2.65,8.45,32.9325
^VIX,2022-06-14,33.01,34.0,32.06,32.69,0,-0.32,-0.9694,32.94
^VIX,2022-06-15,32.39,32.77,27.76,29.62,0,-2.77,-8.55,30.635
^VIX,2022-06-16,30.35,34.82,30.35,32.95,0,2.6,8.57,32.1175
^VIX,2022-06-17,32.84,33.31,30.47,31.13,0,-1.71,-5.21,31.9375
^VIX,2022-06-21,30.63,30.65,29.33,30.19,0,-0.44,-1.44,30.2
^VIX,2022-06-22,31.45,31.57,28.78,28.95,0,-2.5,-7.95,30.1875
^VIX,2022-06-23,29.29,29.77,28.74,29.05,0,-0.24,-0.81939,29.2125
^VIX,2022-06-24,29.07,29.72,26.83,27.23,0,-1.84,-6.33,28.2125
^VIX,2022-06-27,28.3,28.66,26.93,26.95,0,-1.35,-4.77,27.71
^VIX,2022-06-28,26.9,28.68,26.47,28.36,0,1.46,5.43,27.6025
^VIX,2022-06-29,28.8,29.36,27.85,28.16,0,-0.64,-2.22,28.5425
^VIX,2022-06-30,29.42,30.22,28.28,28.71,0,-0.71,-2.41,29.1575
^VIX,2022-07-01,29.53,29.59,26.69,26.7,0,-2.83,-9.58,28.1275
^VIX,2022-07-04,27.53,27.53,27.53,27.53,0,0.0,0.0,0.0
^VIX,2022-07-05,27.37,29.82,27.3,27.54,0,0.17,0.62112,28.0075
^VIX,2022-07-06,27.84,28.07,26.43,26.73,0,-1.11,-3.99,27.2675
^VIX,2022-07-07,26.73,26.79,25.66,26.08,0,-0.65,-2.43,26.315
^VIX,2022-07-08,26.41,26.61,24.43,24.64,0,-1.77,-6.7,25.5225
^VIX,2022-07-11,26.42,26.74,25.79,26.17,0,-0.25,-0.94625,26.28
^VIX,2022-07-12,27.14,27.75,25.82,27.29,0,0.15,0.55269,27.0
^VIX,2022-07-13,27.35,29.06,26.23,26.82,0,-0.53,-1.94,27.365
^VIX,2022-07-14,27.47,28.45,26.2,26.4,0,-1.07,-3.9,27.13
^VIX,2022-07-15,26.72,26.72,24.13,24.23,0,-2.49,-9.32,25.45
^VIX,2022-07-18,24.83,25.91,24.38,25.3,0,0.47,1.89,25.105
^VIX,2022-07-19,25.12,25.41,24.23,24.5,0,-0.62,-2.47,24.815
^VIX,2022-07-20,24.23,24.73,23.4,23.88,0,-0.35,-1.44,24.06
^VIX,2022-07-21,24.07,24.67,22.92,23.11,0,-0.96,-3.99,23.6925
^VIX,2022-07-22,23.3,23.81,22.41,23.03,0,-0.27,-1.16,23.1375
^VIX,2022-07-25,24.33,24.57,23.19,23.36,0,-0.97,-3.99,23.8625
^VIX,2022-07-26,23.95,25.31,23.82,24.69,0,0.74,3.09,24.4425
^VIX,2022-07-27,24.27,24.41,23.02,23.24,0,-1.03,-4.24,23.735
^VIX,2022-07-28,23.33,23.54,22.22,22.33,0,-1.0,-4.29,22.855
^VIX,2022-07-29,22.13,22.16,21.21,21.33,0,-0.8,-3.62,21.7075
^VIX,2022-08-01,22.41,23.27,22.26,22.84,0,0.43,1.92,22.695
^VIX,2022-08-02,24.08,24.68,22.67,23.93,0,-0.15,-0.62292,23.84
^VIX,2022-08-03,23.86,23.92,21.68,21.95,0,-1.91,-8.01,22.8525
^VIX,2022-08-04,22.06,22.66,21.44,21.44,0,-0.62,-2.81,21.9
^VIX,2022-08-05,21.5,22.58,20.76,21.15,0,-0.35,-1.63,21.4975
^VIX,2022-08-08,21.74,22.01,20.83,21.29,0,-0.45,-2.07,21.4675
^VIX,2022-08-09,21.41,22.23,21.41,21.77,0,0.36,1.68,21.705
^VIX,2022-08-10,22.28,22.34,19.54,19.74,0,-2.54,-11.4,20.975
^VIX,2022-08-11,19.84,20.85,19.71,20.2,0,0.36,1.81,20.15
^VIX,2022-08-12,20.34,20.35,19.12,19.53,0,-0.81,-3.98,19.835
^VIX,2022-08-15,20.74,21.16,19.81,19.95,0,-0.79,-3.81,20.415
^VIX,2022-08-16,20.23,20.39,19.5,19.69,0,-0.54,-2.67,19.9525
^VIX,2022-08-17,19.74,20.63,19.41,19.9,0,0.16,0.81054,19.92
^VIX,2022-08-18,20.51,20.61,19.43,19.56,0,-0.95,-4.63,20.0275
^VIX,2022-08-19,20.16,21.27,20.08,20.6,0,0.44,2.18,20.5275
^VIX,2022-08-22,22.41,24.62,22.39,23.8,0,1.39,6.2,23.305
^VIX,2022-08-23,24.13,24.21,23.07,24.11,0,-0.02,-0.08288438,23.88
^VIX,2022-08-24,24.37,24.86,22.73,22.82,0,-1.55,-6.36,23.695
^VIX,2022-08-25,22.41,23.13,21.77,21.78,0,-0.63,-2.81,22.2725
^VIX,2022-08-26,22.07,25.9,21.67,25.56,0,3.49,15.81,23.8
^VIX,2022-08-29,26.86,27.67,25.47,26.21,0,-0.65,-2.42,26.5525
^VIX,2022-08-30,25.75,27.69,25.13,26.21,0,0.46,1.79,26.195
^VIX,2022-08-31,25.86,26.62,25.31,25.87,0,0.01,0.03866976,25.915
^VIX,2022-09-01,26.88,27.45,25.25,25.56,0,-1.32,-4.91,26.285
^VIX,2022-09-02,25.51,26.28,23.19,25.47,0,-0.04,-0.1568,25.1125
^VIX,2022-09-05,25.99,25.99,25.99,25.99,0,0.0,0.0,0.0
^VIX,2022-09-06,25.46,27.8,25.33,26.91,0,1.45,5.7,26.375
^VIX,2022-09-07,26.93,27.15,24.54,24.64,0,-2.29,-8.5,25.815
^VIX,2022-09-08,24.7,25.9,23.56,23.61,0,-1.09,-4.41,24.4425
^VIX,2022-09-09,23.49,23.57,22.64,22.79,0,-0.7,-2.98,23.1225
^VIX,2022-09-12,23.58,24.23,23.16,23.87,0,0.29,1.23,23.71
^VIX,2022-09-13,23.67,28.15,23.53,27.27,0,3.6,15.21,25.655
^VIX,2022-09-14,26.73,27.56,26.16,26.16,0,-0.57,-2.13,26.6525
^VIX,2022-09-15,26.1,26.93,25.42,26.27,0,0.17,0.65134,26.18
^VIX,2022-09-16,27.47,28.45,26.14,26.3,0,-1.17,-4.26,27.09
^VIX,2022-09-19,27.69,27.95,25.56,25.76,0,-1.93,-6.97,26.74
^VIX,2022-09-20,25.65,27.81,25.61,27.16,0,1.51,5.89,26.5575
^VIX,2022-09-21,28.03,30.18,25.55,27.99,0,-0.04,-0.1427,27.9375
^VIX,2022-09-22,28.16,28.38,26.71,27.35,0,-0.81,-2.88,27.65
^VIX,2022-09-23,27.68,32.31,27.58,29.92,0,2.24,8.09,29.3725
^VIX,2022-09-26,31.74,32.88,29.83,32.26,0,0.52,1.64,31.6775
^VIX,2022-09-27,31.2,34.14,30.3,32.6,0,1.4,4.49,32.06
^VIX,2022-09-28,34.5,34.88,30.03,30.18,0,-4.32,-12.52,32.3975
^VIX,2022-09-29,31.67,33.46,31.16,31.84,0,0.17,0.53679,32.0325
^VIX,2022-09-30,31.61,33.25,29.39,31.62,0,0.01,0.03163556,31.4675
^VIX,2022-10-03,33.0,33.06,29.63,30.1,0,-2.9,-8.79,31.4475
^VIX,2022-10-04,29.52,29.62,28.56,29.07,0,-0.45,-1.52,29.1925
^VIX,2022-10-05,29.36,30.11,28.5,28.55,0,-0.81,-2.76,29.13
^VIX,2022-10-06,28.6,30.74,28.56,30.52,0,1.92,6.71,29.605
^VIX,2022-10-07,30.37,32.02,29.88,31.36,0,0.99,3.26,30.9075
^VIX,2022-10-10,32.93,33.99,32.05,32.45,0,-0.48,-1.46,32.855
^VIX,2022-10-11,33.56,34.43,32.45,33.63,0,0.07,0.20858,33.5175
^VIX,2022-10-12,33.54,34.53,33.11,33.57,0,0.03,0.08944544,33.6875
^VIX,2022-10-13,33.6,33.87,31.63,31.94,0,-1.66,-4.94,32.76
^VIX,2022-10-14,31.89,32.98,31.14,32.02,0,0.13,0.40765,32.0075
^VIX,2022-10-17,32.27,32.59,30.7,31.37,0,-0.9,-2.79,31.7325
^VIX,2022-10-18,31.1,31.93,30.42,30.5,0,-0.6,-1.93,30.9875
^VIX,2022-10-19,30.94,31.9,30.76,30.76,0,-0.18,-0.58177,31.09
^VIX,2022-10-20,31.3,31.32,29.76,29.98,0,-1.32,-4.22,30.59
^VIX,2022-10-21,30.21,30.44,29.24,29.69,0,-0.52,-1.72,29.895
^VIX,2022-10-24,30.65,30.95,29.78,29.85,0,-0.8,-2.61,30.3075
^VIX,2022-10-25,29.8,30.0,28.22,28.46,0,-1.34,-4.5,29.12
^VIX,2022-10-26,28.44,28.52,27.27,27.28,0,-1.16,-4.08,27.8775
^VIX,2022-10-27,27.51,27.67,26.94,27.39,0,-0.12,-0.43621,27.3775
^VIX,2022-10-28,27.43,27.59,25.75,25.75,0,-1.68,-6.12,26.63
^VIX,2022-10-31,26.91,27.07,25.84,25.88,0,-1.03,-3.83,26.425
^VIX,2022-11-01,25.96,26.35,25.66,25.81,0,-0.15,-0.57781,25.945
^VIX,2022-11-02,26.04,26.62,25.39,25.86,0,-0.18,-0.69124,25.9775
^VIX,2022-11-03,25.98,26.87,25.1,25.3,0,-0.68,-2.62,25.8125
^VIX,2022-11-04,25.63,25.71,24.0,24.55,0,-1.08,-4.21,24.9725
^VIX,2022-11-07,25.67,25.67,24.34,24.35,0,-1.32,-5.14,25.0075
^VIX,2022-11-08,24.71,26.16,24.24,25.54,0,0.83,3.36,25.1625
^VIX,2022-11-09,25.34,26.35,25.02,26.09,0,0.75,2.96,25.7
^VIX,2022-11-10,26.51,26.59,22.84,23.53,0,-2.98,-11.24,24.8675
^VIX,2022-11-11,23.89,23.91,22.37,22.52,0,-1.37,-5.73,23.1725
^VIX,2022-11-14,23.99,24.33,22.86,23.73,0,-0.26,-1.08,23.7275
^VIX,2022-11-15,23.77,26.22,23.18,24.54,0,0.77,3.24,24.4275
^VIX,2022-11-16,24.29,24.72,23.99,24.11,0,-0.18,-0.74105,24.2775
^VIX,2022-11-17,24.05,25.18,23.81,23.93,0,-0.12,-0.49896,24.2425
^VIX,2022-11-18,24.03,24.12,22.98,23.12,0,-0.91,-3.79,23.5625
^VIX,2022-11-21,24.05,24.12,22.3,22.36,0,-1.69,-7.03,23.2075
^VIX,2022-11-22,22.59,22.71,21.28,21.29,0,-1.3,-5.75,21.9675
^VIX,2022-11-23,21.49,21.78,20.32,20.35,0,-1.14,-5.3,20.985
^VIX,2022-11-24,20.42,20.42,20.42,20.42,0,0.0,0.0,0.0
^VIX,2022-11-25,20.61,21.11,20.46,20.5,0,-0.11,-0.53372,20.67
^VIX,2022-11-28,22.09,22.5,21.65,22.21,0,0.12,0.54323,22.1125
^VIX,2022-11-29,22.09,22.57,21.83,21.89,0,-0.2,-0.90539,22.095
^VIX,2022-11-30,21.7,22.63,20.31,20.58,0,-1.12,-5.16,21.305
^VIX,2022-12-01,20.83,21.06,19.8,19.84,0,-0.99,-4.75,20.3825
^VIX,2022-12-02,20.42,20.96,18.95,19.06,0,-1.36,-6.66,19.8475
^VIX,2022-12-05,20.3,21.29,19.78,20.75,0,0.45,2.22,20.53
^VIX,2022-12-06,20.69,22.6,20.38,22.17,0,1.48,7.15,21.46
^VIX,2022-12-07,22.32,23.01,22.18,22.68,0,0.36,1.61,22.5475
^VIX,2022-12-08,22.81,23.28,22.06,22.29,0,-0.52,-2.28,22.61
^VIX,2022-12-09,22.55,23.21,22.18,22.83,0,0.28,1.24,22.6925
^VIX,2022-12-12,24.4,25.05,24.18,25.0,0,0.6,2.46,24.6575
^VIX,2022-12-13,25.24,25.84,21.46,22.55,0,-2.69,-10.66,23.7725
^VIX,2022-12-14,22.83,23.47,21.07,21.14,0,-1.69,-7.4,22.1275
^VIX,2022-12-15,21.52,23.67,21.25,22.83,0,1.31,6.09,22.3175
^VIX,2022-12-16,23.26,23.83,22.09,22.62,0,-0.64,-2.75,22.95
^VIX,2022-12-19,22.63,22.86,21.61,22.42,0,-0.21,-0.92797,22.38
^VIX,2022-12-20,23.17,23.39,21.35,21.48,0,-1.69,-7.29,22.3475
^VIX,2022-12-21,21.25,21.29,19.94,20.07,0,-1.18,-5.55,20.6375
^VIX,2022-12-22,20.08,24.3,20.01,21.97,0,1.89,9.41,21.59
^VIX,2022-12-23,22.17,22.64,20.78,20.87,0,-1.3,-5.86,21.615
^VIX,2022-12-27,21.67,22.8,21.59,21.65,0,-0.02,-0.09229349,21.9275
^VIX,2022-12-28,21.47,22.26,20.96,22.14,0,0.67,3.12,21.7075
^VIX,2022-12-29,22.25,22.31,21.36,21.44,0,-0.81,-3.64,21.84
^VIX,2022-12-30,21.83,22.4,21.59,21.67,0,-0.16,-0.73294,21.8725
^VIX,2023-01-03,23.09,23.76,22.73,22.9,0,-0.19,-0.82287,23.12
^VIX,2023-01-04,22.93,23.27,21.94,22.01,0,-0.92,-4.01,22.5375
^VIX,2023-01-05,22.2,22.92,21.97,22.46,0,0.26,1.17,22.3875
^VIX,2023-01-06,22.69,22.9,21.0,21.13,0,-1.56,-6.88,21.93
^VIX,2023-01-09,21.75,21.98,21.27,21.97,0,0.22,1.01,21.7425
^VIX,2023-01-10,22.22,22.46,20.58,20.58,0,-1.64,-7.38,21.46
^VIX,2023-01-11,20.8,21.25,20.62,21.09,0,0.29,1.39,20.94
^VIX,2023-01-12,21.56,21.8,18.83,18.83,0,-2.73,-12.66,20.255
^VIX,2023-01-13,19.0,19.41,18.01,18.35,0,-0.65,-3.42,18.6925
^VIX,2023-01-16,19.49,19.49,19.49,19.49,0,0.0,0.0,0.0
^VIX,2023-01-17,19.89,20.22,19.21,19.36,0,-0.53,-2.66,19.67
^VIX,2023-01-18,19.28,20.58,18.71,20.34,0,1.06,5.5,19.7275
^VIX,2023-01-19,20.43,21.71,20.17,20.52,0,0.09,0.44053,20.7075
^VIX,2023-01-20,20.28,20.7,19.41,19.85,0,-0.43,-2.12,20.06
^VIX,2023-01-23,20.21,20.33,19.55,19.81,0,-0.4,-1.98,19.975
^VIX,2023-01-24,19.89,20.47,18.91,19.2,0,-0.69,-3.47,19.6175
^VIX,2023-01-25,19.56,20.9,18.99,19.08,0,-0.48,-2.45,19.6325
^VIX,2023-01-26,19.05,19.48,18.67,18.73,0,-0.32,-1.68,18.9825
^VIX,2023-01-27,18.9,19.0,17.97,18.51,0,-0.39,-2.06,18.595
^VIX,2023-01-30,19.76,20.25,19.54,19.94,0,0.18,0.91093,19.8725
^VIX,2023-01-31,20.12,20.7,19.13,19.4,0,-0.72,-3.58,19.8375
^VIX,2023-02-01,19.62,20.04,17.7,17.87,0,-1.75,-8.92,18.8075
^VIX,2023-02-02,17.74,19.25,17.06,18.73,0,0.99,5.58,18.195
^VIX,2023-02-03,18.57,19.3,17.93,18.33,0,-0.24,-1.29,18.5325
^VIX,2023-02-06,19.23,19.81,19.21,19.43,0,0.2,1.04,19.42
^VIX,2023-02-07,19.54,19.99,18.43,18.66,0,-0.88,-4.5,19.155
^VIX,2023-02-08,18.88,20.12,18.55,19.63,0,0.75,3.97,19.295
^VIX,2023-02-09,19.24,21.08,19.02,20.71,0,1.47,7.64,20.0125
^VIX,2023-02-10,20.74,21.94,20.44,20.53,0,-0.21,-1.01,20.9125
^VIX,2023-02-13,21.66,21.69,20.33,20.34,0,-1.32,-6.09,21.005
^VIX,2023-02-14,20.72,20.75,18.48,18.91,0,-1.81,-8.74,19.715
^VIX,2023-02-15,19.37,19.41,18.11,18.23,0,-1.14,-5.89,18.78
^VIX,2023-02-16,18.26,20.27,18.23,20.17,0,1.91,10.46,19.2325
^VIX,2023-02-17,20.94,21.3,19.82,20.02,0,-0.92,-4.39,20.52
^VIX,2023-02-20,21.059999,21.27,20.959999,21.16,0,0.100001,0.47484,21.13
^VIX,2023-02-21,21.8,23.34,21.8,22.87,0,1.07,4.91,22.4525
^VIX,2023-02-22,23.03,23.63,22.02,22.29,0,-0.74,-3.21,22.7425
^VIX,2023-02-23,21.96,22.43,20.89,21.14,0,-0.82,-3.73,21.605
^VIX,2023-02-24,21.35,22.9,21.32,21.67,0,0.32,1.5,21.81
^VIX,2023-02-27,21.99,22.02,20.68,20.95,0,-1.04,-4.73,21.41
^VIX,2023-02-28,21.3,21.37,20.1,20.7,0,-0.6,-2.82,20.8675
^VIX,2023-03-01,20.39,21.32,20.22,20.58,0,0.19,0.93183,20.6275
^VIX,2023-03-02,21.41,21.42,19.55,19.59,0,-1.82,-8.5,20.4925
^VIX,2023-03-03,19.76,19.76,18.16,18.49,0,-1.27,-6.43,19.0425
^VIX,2023-03-06,19.05,19.19,18.49,18.61,0,-0.44,-2.31,18.835
^VIX,2023-03-07,18.64,19.74,18.51,19.59,0,0.95,5.1,19.12
^VIX,2023-03-08,19.71,20.01,19.0,19.11,0,-0.6,-3.04,19.4575
^VIX,2023-03-09,19.33,23.14,18.88,22.61,0,3.28,16.97,20.99
^VIX,2023-03-10,23.34,28.97,21.79,24.8,0,1.46,6.26,24.725
^VIX,2023-03-13,24.05,30.81,23.85,26.52,0,2.47,10.27,26.3075
^VIX,2023-03-14,26.85,27.24,22.27,23.73,0,-3.12,-11.62,25.0225
^VIX,2023-03-15,23.21,29.91,23.19,26.14,0,2.93,12.62,25.6125
^VIX,2023-03-16,26.19,27.49,22.97,22.99,0,-3.2,-12.22,24.91
^VIX,2023-03-17,22.92,26.14,22.58,25.51,0,2.59,11.3,24.2875
^VIX,2023-03-20,27.77,28.91,24.0,24.15,0,-3.62,-13.04,26.2075
^VIX,2023-03-21,24.16,24.16,21.29,21.38,0,-2.78,-11.51,22.7475
^VIX,2023-03-22,21.8,22.38,19.94,22.26,0,0.46,2.11,21.595
^VIX,2023-03-23,21.54,24.91,20.16,22.61,0,1.07,4.97,22.305
^VIX,2023-03-24,22.11,25.21,21.6,21.74,0,-0.37,-1.67,22.665
^VIX,2023-03-27,22.05,22.93,20.57,20.6,0,-1.45,-6.58,21.5375
^VIX,2023-03-28,20.53,21.4,19.91,19.97,0,-0.56,-2.73,20.4525
^VIX,2023-03-29,19.39,19.45,19.09,19.12,0,-0.27,-1.39,19.2625
^VIX,2023-03-30,19.12,20.08,18.85,19.02,0,-0.1,-0.52301,19.2675
^VIX,2023-03-31,19.21,19.43,18.52,18.7,0,-0.51,-2.65,18.965
^VIX,2023-04-03,19.79,19.83,18.54,18.55,0,-1.24,-6.27,19.1775
^VIX,2023-04-04,18.79,20.03,18.58,19.0,0,0.21,1.12,19.1
^VIX,2023-04-05,19.42,20.08,19.0,19.08,0,-0.34,-1.75,19.395
^VIX,2023-04-06,19.3,19.88,18.35,18.4,0,-0.9,-4.66,18.9825
^VIX,2023-04-10,19.39,20.05,18.93,18.97,0,-0.42,-2.17,19.335
^VIX,2023-04-11,19.08,19.28,18.56,19.1,0,0.02,0.10482,19.005
^VIX,2023-04-12,19.38,19.98,18.25,19.09,0,-0.29,-1.5,19.175
^VIX,2023-04-13,18.83,19.06,17.77,17.8,0,-1.03,-5.47,18.365
^VIX,2023-04-14,17.94,18.12,17.07,17.07,0,-0.87,-4.85,17.55
^VIX,2023-04-17,17.58,17.79,16.9,16.95,0,-0.63,-3.58,17.305
^VIX,2023-04-18,16.94,17.34,16.58,16.83,0,-0.11,-0.64935,16.9225
^VIX,2023-04-19,17.3,17.72,16.17,16.46,0,-0.84,-4.86,16.9125
^VIX,2023-04-20,16.85,17.69,16.33,17.17,0,0.32,1.9,17.01
^VIX,2023-04-21,17.51,17.71,16.58,16.77,0,-0.74,-4.23,17.1425
^VIX,2023-04-24,18.22,18.24,16.74,16.89,0,-1.33,-7.3,17.5225
^VIX,2023-04-25,17.62,19.86,17.33,18.76,0,1.14,6.47,18.3925
^VIX,2023-04-26,18.66,19.61,17.87,18.84,0,0.18,0.96463,18.745
^VIX,2023-04-27,18.43,18.43,16.72,17.03,0,-1.4,-7.6,17.6525
^VIX,2023-04-28,17.21,17.65,15.72,15.78,0,-1.43,-8.31,16.59
^VIX,2023-05-01,16.41,16.62,15.53,16.08,0,-0.33,-2.01,16.16
^VIX,2023-05-02,16.27,19.81,16.26,17.78,0,1.51,9.28,17.53
^VIX,2023-05-03,17.82,18.83,17.19,18.34,0,0.52,2.92,18.045
^VIX,2023-05-04,19.17,21.33,18.67,20.09,0,0.92,4.8,19.815
^VIX,2023-05-05,19.5,19.63,16.69,17.19,0,-2.31,-11.85,18.2525
^VIX,2023-05-08,17.73,17.88,16.83,16.98,0,-0.75,-4.23,17.355
^VIX,2023-05-09,17.29,17.86,17.22,17.71,0,0.42,2.43,17.52
^VIX,2023-05-10,17.58,18.31,16.36,16.94,0,-0.64,-3.64,17.2975
^VIX,2023-05-11,16.8,18.19,16.63,16.93,0,0.13,0.77381,17.1375
^VIX,2023-05-12,16.83,17.92,16.38,17.03,0,0.2,1.19,17.04
^VIX,2023-05-15,17.44,18.16,17.08,17.12,0,-0.32,-1.83,17.45
^VIX,2023-05-16,17.54,18.3,17.26,17.99,0,0.45,2.57,17.7725
^VIX,2023-05-17,17.96,18.26,16.68,16.87,0,-1.09,-6.07,17.4425
^VIX,2023-05-18,16.92,17.15,16.05,16.05,0,-0.87,-5.14,16.5425
^VIX,2023-05-19,16.13,17.36,15.85,16.81,0,0.68,4.22,16.5375
^VIX,2023-05-22,17.45,18.13,16.82,17.21,0,-0.24,-1.38,17.4025
^VIX,2023-05-23,17.35,19.31,17.3,18.53,0,1.18,6.8,18.1225
^VIX,2023-05-24,18.8,20.81,18.8,20.03,0,1.23,6.54,19.61
^VIX,2023-05-25,19.54,19.95,18.7,19.14,0,-0.4,-2.05,19.3325
^VIX,2023-05-26,19.07,19.56,17.27,17.95,0,-1.12,-5.87,18.4625
^VIX,2023-05-29,17.53,17.6,17.34,17.46,0,-0.07,-0.39932,17.48
^VIX,2023-05-30,17.56,18.34,16.98,17.46,0,-0.1,-0.56948,17.585
^VIX,2023-05-31,18.04,18.4,17.12,17.94,0,-0.1,-0.55432,17.875
^VIX,2023-06-01,17.24,17.59,15.58,15.65,0,-1.59,-9.22,16.515
^VIX,2023-06-02,15.65,15.65,14.42,14.6,0,-1.05,-6.71,15.08
^VIX,2023-06-05,15.28,15.29,14.66,14.73,0,-0.55,-3.6,14.99
^VIX,2023-06-06,14.91,14.97,13.95,13.96,0,-0.95,-6.37,14.4475
^VIX,2023-06-07,14.14,14.29,13.77,13.94,0,-0.2,-1.41,14.035
^VIX,2023-06-08,14.14,14.21,13.53,13.65,0,-0.49,-3.47,13.8825
^VIX,2023-06-09,13.78,14.14,13.5,13.83,0,0.05,0.36284,13.8125
^VIX,2023-06-12,14.44,15.02,14.32,15.01,0,0.57,3.95,14.6975
^VIX,2023-06-13,14.99,15.06,14.47,14.61,0,-0.38,-2.54,14.7825
^VIX,2023-06-14,14.48,14.73,13.83,13.88,0,-0.6,-4.14,14.23
^VIX,2023-06-15,14.09,14.52,13.79,14.5,0,0.41,2.91,14.225
^VIX,2023-06-16,14.49,14.54,13.48,13.54,0,-0.95,-6.56,14.0125
^VIX,2023-06-19,14.1,14.19,14.01,14.19,0,0.09,0.6383,14.12
^VIX,2023-06-20,14.36,14.67,13.86,13.88,0,-0.48,-3.34,14.1925
^VIX,2023-06-21,13.88,13.89,13.1,13.2,0,-0.68,-4.9,13.5175
^VIX,2023-06-22,13.88,13.98,12.73,12.91,0,-0.97,-6.99,13.375
^VIX,2023-06-23,13.24,13.8,12.88,13.44,0,0.2,1.51,13.34
^VIX,2023-06-26,14.43,14.71,13.78,14.25,0,-0.18,-1.25,14.2925
^VIX,2023-06-27,14.11,14.34,13.59,13.74,0,-0.37,-2.62,13.945
^VIX,2023-06-28,13.9,13.96,13.36,13.43,0,-0.47,-3.38,13.6625
^VIX,2023-06-29,13.64,13.85,13.41,13.54,0,-0.1,-0.73314,13.61
^VIX,2023-06-30,13.51,13.59,12.96,13.59,0,0.08,0.59215,13.4125
^VIX,2023-07-03,13.85,13.85,13.47,13.57,0,-0.28,-2.02,13.685
^VIX,2023-07-04,13.64,13.71,13.63,13.7,0,0.06,0.43988,13.67
^VIX,2023-07-05,14.19,14.74,14.05,14.18,0,-0.01,-0.07047216,14.29
^VIX,2023-07-06,14.85,17.08,14.79,15.44,0,0.59,3.97,15.54
^VIX,2023-07-07,15.97,16.06,14.33,14.83,0,-1.14,-7.14,15.2975
^VIX,2023-07-10,16.08,16.21,15.04,15.07,0,-1.01,-6.28,15.6
^VIX,2023-07-11,15.02,15.25,14.63,14.84,0,-0.18,-1.2,14.935
^VIX,2023-07-12,14.82,14.82,13.51,13.54,0,-1.28,-8.64,14.1725
^VIX,2023-07-13,13.44,13.61,13.12,13.61,0,0.17,1.26,13.445
^VIX,2023-07-14,13.72,13.76,13.22,13.34,0,-0.38,-2.77,13.51
^VIX,2023-07-17,13.78,14.0,13.43,13.48,0,-0.3,-2.18,13.6725
^VIX,2023-07-18,13.61,13.67,13.29,13.3,0,-0.31,-2.28,13.4675
^VIX,2023-07-19,13.32,13.84,13.12,13.76,0,0.44,3.3,13.51
^VIX,2023-07-20,13.96,14.23,13.58,13.99,0,0.03,0.2149,13.94
^VIX,2023-07-21,13.87,13.89,13.37,13.6,0,-0.27,-1.95,13.6825
^VIX,2023-07-24,14.29,14.3,13.73,13.91,0,-0.38,-2.66,14.0575
^VIX,2023-07-25,14.02,14.09,13.82,13.86,0,-0.16,-1.14,13.9475
^VIX,2023-07-26,13.86,14.16,13.15,13.19,0,-0.67,-4.83,13.59
^VIX,2023-07-27,13.14,15.02,12.74,14.41,0,1.27,9.67,13.8275
^VIX,2023-07-28,14.03,14.18,13.27,13.33,0,-0.7,-4.99,13.7025
^VIX,2023-07-31,13.98,14.09,13.57,13.63,0,-0.35,-2.5,13.8175
^VIX,2023-08-01,13.75,14.3,13.75,13.93,0,0.18,1.31,13.9325
^VIX,2023-08-02,15.7,16.48,14.95,16.09,0,0.39,2.48,15.805
^VIX,2023-08-03,16.77,17.42,15.72,15.92,0,-0.85,-5.07,16.4575
^VIX,2023-08-04,16.01,17.39,14.57,17.1,0,1.09,6.81,16.2675
^VIX,2023-08-07,16.9,17.36,15.77,15.77,0,-1.13,-6.69,16.45
^VIX,2023-08-08,16.28,18.14,15.96,15.99,0,-0.29,-1.78,16.5925
^VIX,2023-08-09,15.81,16.87,15.38,15.96,0,0.15,0.94877,16.005
^VIX,2023-08-10,15.58,16.86,14.6,15.85,0,0.27,1.73,15.7225
^VIX,2023-08-11,15.53,16.51,14.84,14.84,0,-0.69,-4.44,15.43
^VIX,2023-08-14,15.88,16.06,14.77,14.82,0,-1.06,-6.68,15.3825
^VIX,2023-08-15,14.95,16.57,14.91,16.46,0,1.51,10.1,15.7225
^VIX,2023-08-16,16.54,16.93,15.8,16.78,0,0.24,1.45,16.5125
^VIX,2023-08-17,16.96,18.13,16.4,17.89,0,0.93,5.48,17.345
^VIX,2023-08-18,17.8,18.88,17.14,17.3,0,-0.5,-2.81,17.78
^VIX,2023-08-21,18.03,18.11,16.88,17.13,0,-0.9,-4.99,17.5375
^VIX,2023-08-22,16.96,17.58,16.61,16.97,0,0.01,0.05896226,17.03
^VIX,2023-08-23,16.64,17.1,15.91,15.98,0,-0.66,-3.97,16.4075
^VIX,2023-08-24,15.57,17.32,15.48,17.2,0,1.63,10.47,16.3925
^VIX,2023-08-25,17.21,17.36,15.45,15.68,0,-1.53,-8.89,16.425
^VIX,2023-08-28,16.24,16.28,15.0,15.08,0,-1.16,-7.14,15.65
^VIX,2023-08-29,15.08,15.3,14.34,14.45,0,-0.63,-4.18,14.7925
^VIX,2023-08-30,14.53,14.7,13.83,13.88,0,-0.65,-4.47,14.235
^VIX,2023-08-31,13.98,14.0,13.44,13.57,0,-0.41,-2.93,13.7475
^VIX,2023-09-01,13.56,13.56,13.02,13.09,0,-0.47,-3.47,13.3075
^VIX,2023-09-04,13.62,13.82,13.51,13.82,0,0.2,1.47,13.69
^VIX,2023-09-05,14.15,14.47,13.7,14.01,0,-0.14,-0.9894,14.0825
^VIX,2023-09-06,14.27,15.3,14.13,14.45,0,0.18,1.26,14.5375
^VIX,2023-09-07,14.81,15.69,14.4,14.4,0,-0.41,-2.77,14.825
^VIX,2023-09-08,14.22,14.87,13.58,13.84,0,-0.38,-2.67,14.1275
^VIX,2023-09-11,14.17,14.33,13.74,13.8,0,-0.37,-2.61,14.01
^VIX,2023-09-12,14.02,14.42,13.71,14.23,0,0.21,1.5,14.095
^VIX,2023-09-13,14.42,14.68,13.41,13.48,0,-0.94,-6.52,13.9975
^VIX,2023-09-14,13.39,13.46,12.79,12.82,0,-0.57,-4.26,13.115
^VIX,2023-09-15,12.7,14.17,12.68,13.79,0,1.09,8.58,13.335
^VIX,2023-09-18,14.4,14.75,13.86,14.0,0,-0.4,-2.78,14.2525
^VIX,2023-09-19,14.11,14.88,13.86,14.11,0,0.0,0.0,14.24
^VIX,2023-09-20,14.18,15.15,13.57,15.14,0,0.96,6.77,14.51
^VIX,2023-09-21,15.49,17.54,15.1,17.54,0,2.05,13.23,16.4175
^VIX,2023-09-22,17.31,17.41,15.93,17.2,0,-0.11,-0.63547,16.9625
^VIX,2023-09-25,17.25,18.41,16.79,16.9,0,-0.35,-2.03,17.3375
^VIX,2023-09-26,18.03,19.5,17.17,18.94,0,0.91,5.05,18.41
^VIX,2023-09-27,18.29,19.71,18.03,18.22,0,-0.07,-0.38272,18.5625
^VIX,2023-09-28,18.22,18.77,17.06,17.34,0,-0.88,-4.83,17.8475
^VIX,2023-09-29,16.87,17.74,15.83,17.52,0,0.65,3.85,16.99
^VIX,2023-10-02,17.31,18.55,16.93,17.61,0,0.3,1.73,17.6
^VIX,2023-10-03,17.81,20.48,17.52,19.78,0,1.97,11.06,18.8975
^VIX,2023-10-04,20.72,20.88,18.3,18.58,0,-2.14,-10.33,19.62
^VIX,2023-10-05,18.67,19.58,18.26,18.49,0,-0.18,-0.96411,18.75
^VIX,2023-10-06,18.73,19.93,17.19,17.45,0,-1.28,-6.83,18.325
^VIX,2023-10-09,19.54,19.6,17.56,17.7,0,-1.84,-9.42,18.6
^VIX,2023-10-10,17.7,17.86,16.51,17.03,0,-0.67,-3.79,17.275
^VIX,2023-10-11,16.95,17.78,16.09,16.09,0,-0.86,-5.07,16.7275
^VIX,2023-10-12,16.08,18.08,15.44,16.69,0,0.61,3.79,16.5725
^VIX,2023-10-13,16.53,20.78,16.5,19.32,0,2.79,16.88,18.2825
^VIX,2023-10-16,19.1,19.57,17.14,17.21,0,-1.89,-9.9,18.255
^VIX,2023-10-17,17.41,18.54,16.97,17.88,0,0.47,2.7,17.7
^VIX,2023-10-18,18.36,20.15,17.88,19.22,0,0.86,4.68,18.9025
^VIX,2023-10-19,19.73,21.4,18.55,21.4,0,1.67,8.46,20.27
^VIX,2023-10-20,21.59,21.83,20.42,21.71,0,0.12,0.55581,21.3875
^VIX,2023-10-23,21.83,23.08,19.48,20.37,0,-1.46,-6.69,21.19
^VIX,2023-10-24,20.03,20.24,18.65,18.97,0,-1.06,-5.29,19.4725
^VIX,2023-10-25,19.39,21.24,18.86,20.19,0,0.8,4.13,19.92
^VIX,2023-10-26,21.78,21.96,20.22,20.68,0,-1.1,-5.05,21.16
^VIX,2023-10-27,20.39,22.07,19.72,21.27,0,0.88,4.32,20.8625
^VIX,2023-10-30,21.13,21.16,19.55,19.75,0,-1.38,-6.53,20.3975
^VIX,2023-10-31,19.86,19.86,17.97,18.14,0,-1.72,-8.66,18.9575
^VIX,2023-11-01,18.02,18.42,16.63,16.87,0,-1.15,-6.38,17.485
^VIX,2023-11-02,16.59,16.62,15.58,15.66,0,-0.93,-5.61,16.1125
^VIX,2023-11-03,15.7,15.83,14.91,14.91,0,-0.79,-5.03,15.3375
^VIX,2023-11-06,15.39,15.58,14.84,14.89,0,-0.5,-3.25,15.175
^VIX,2023-11-07,15.1,15.17,14.71,14.81,0,-0.29,-1.92,14.9475
^VIX,2023-11-08,14.91,15.09,14.3,14.45,0,-0.46,-3.09,14.6875
^VIX,2023-11-09,14.61,15.57,14.13,15.29,0,0.68,4.65,14.9
^VIX,2023-11-10,15.09,15.45,14.16,14.17,0,-0.92,-6.1,14.7175
^VIX,2023-11-13,15.16,15.19,14.58,14.76,0,-0.4,-2.64,14.9225
^VIX,2023-11-14,14.83,14.86,13.91,14.16,0,-0.67,-4.52,14.44
^VIX,2023-11-15,14.21,14.35,13.97,14.18,0,-0.03,-0.21112,14.1775
^VIX,2023-11-16,14.12,14.42,13.68,14.32,0,0.2,1.42,14.135
^VIX,2023-11-17,14.18,14.19,13.67,13.8,0,-0.38,-2.68,13.96
^VIX,2023-11-20,14.26,14.31,13.39,13.41,0,-0.85,-5.96,13.8425
^VIX,2023-11-21,13.45,14.31,13.13,13.35,0,-0.1,-0.74349,13.56
^VIX,2023-11-22,13.08,13.25,12.82,12.85,0,-0.23,-1.76,13.0
^VIX,2023-11-23,12.84,12.87,12.75,12.8,0,-0.04,-0.31153,12.82
^VIX,2023-11-24,13.03,13.17,12.45,12.46,0,-0.57,-4.37,12.7775
^VIX,2023-11-27,13.14,13.28,12.64,12.69,0,-0.45,-3.42,12.9375
^VIX,2023-11-28,12.78,14.3,12.56,12.69,0,-0.09,-0.70423,13.0825
^VIX,2023-11-29,12.71,13.1,12.48,12.98,0,0.27,2.12,12.8175
^VIX,2023-11-30,13.07,13.39,12.82,12.92,0,-0.15,-1.15,13.05
^VIX,2023-12-01,12.94,12.96,12.48,12.63,0,-0.31,-2.4,12.7525
^VIX,2023-12-04,13.28,13.7,12.98,13.08,0,-0.2,-1.51,13.26
^VIX,2023-12-05,13.26,13.76,12.81,12.85,0,-0.41,-3.09,13.17
^VIX,2023-12-06,12.78,13.03,12.64,12.97,0,0.19,1.49,12.855
^VIX,2023-12-07,13.17,13.28,12.95,13.06,0,-0.11,-0.83523,13.115
^VIX,2023-12-08,13.14,13.24,12.35,12.35,0,-0.79,-6.01,12.77
^VIX,2023-12-11,13.05,13.14,12.61,12.63,0,-0.42,-3.22,12.8575
^VIX,2023-12-12,12.69,12.74,11.81,12.07,0,-0.62,-4.89,12.3275
^VIX,2023-12-13,12.2,12.46,11.82,12.19,0,-0.01,-0.08196721,12.1675
^VIX,2023-12-14,11.96,12.74,11.84,12.48,0,0.52,4.35,12.255
^VIX,2023-12-15,12.12,12.54,12.01,12.28,0,0.16,1.32,12.2375
^VIX,2023-12-18,12.62,12.64,12.4,12.56,0,-0.06,-0.47544,12.555
^VIX,2023-12-19,12.6,12.6,12.33,12.53,0,-0.07,-0.55556,12.515
^VIX,2023-12-20,12.63,13.93,12.29,13.67,0,1.04,8.23,13.13
^VIX,2023-12-21,13.4,14.49,13.34,13.65,0,0.25,1.87,13.72
^VIX,2023-12-22,13.72,13.96,13.0,13.03,0,-0.69,-5.03,13.4275
^VIX,2023-12-26,13.77,13.8,12.96,12.99,0,-0.78,-5.66,13.38
^VIX,2023-12-27,13.02,13.04,12.37,12.43,0,-0.59,-4.53,12.715
^VIX,2023-12-28,12.44,12.65,12.38,12.47,0,0.03,0.24116,12.485
^VIX,2023-12-29,12.55,13.19,12.36,12.45,0,-0.1,-0.79681,12.6375
^VIX,2024-01-02,13.22,14.23,13.1,13.2,0,-0.02,-0.15129,13.4375
^VIX,2024-01-03,13.35,14.22,13.33,14.04,0,0.69,5.17,13.735
^VIX,2024-01-04,13.93,14.2,13.64,14.13,0,0.2,1.44,13.975
^VIX,2024-01-05,14.24,14.58,13.29,13.35,0,-0.89,-6.25,13.865
^VIX,2024-01-08,14.0,14.18,13.02,13.08,0,-0.92,-6.57,13.57
^VIX,2024-01-09,13.2,13.45,12.74,12.76,0,-0.44,-3.33,13.0375
^VIX,2024-01-10,12.86,12.95,12.67,12.69,0,-0.17,-1.32,12.7925
^VIX,2024-01-11,12.64,13.31,12.35,12.44,0,-0.2,-1.58,12.685
^VIX,2024-01-12,12.66,13.08,12.47,12.7,0,0.04,0.31596,12.7275
^VIX,2024-01-15,13.23,13.34,13.2,13.25,0,0.02,0.15117,13.26
^VIX,2024-01-16,14.12,14.35,13.52,13.84,0,-0.28,-1.98,13.9575
^VIX,2024-01-17,14.59,15.4,14.38,14.79,0,0.2,1.37,14.79
^VIX,2024-01-18,14.85,14.89,13.89,14.13,0,-0.72,-4.85,14.44
^VIX,2024-01-19,13.8,14.58,13.28,13.3,0,-0.5,-3.62,13.74
^VIX,2024-01-22,13.77,13.84,13.17,13.19,0,-0.58,-4.21,13.4925
^VIX,2024-01-23,13.2,13.29,12.53,12.55,0,-0.65,-4.92,12.8925
^VIX,2024-01-24,12.66,13.18,12.41,13.14,0,0.48,3.79,12.8475
^VIX,2024-01-25,13.18,13.58,13.06,13.45,0,0.27,2.04856,13.3175
^VIX,2024-01-26,13.73,14.1,13.2,13.26,0,-0.47,-3.42316,13.5725
^VIX,2024-01-29,13.98,15.35,13.59,13.6,0,-0.38,-2.71817,14.13
^VIX,2024-01-30,13.69,13.74,13.23,13.31,0,-0.38,-2.77575,13.4925
^VIX,2024-01-31,13.42,14.61,13.18,14.35,0,0.93,6.92996,13.89
^VIX,2024-02-01,14.21,14.63,13.87,13.88,0,-0.33,-2.32231,14.1475
^VIX,2024-02-02,13.95,14.23,13.39,13.85,0,-0.1,-0.71685,13.855
^VIX,2024-02-05,14.37,14.53,13.58,13.67,0,-0.7,-4.87126,14.0375
^VIX,2024-02-06,13.57,13.78,12.98,13.06,0,-0.51,-3.75829,13.3475
^VIX,2024-02-07,13.06,13.13,12.81,12.83,0,-0.23,-1.7611,12.9575
^VIX,2024-02-08,12.95,13.17,12.74,12.79,0,-0.16,-1.23552,12.9125
^VIX,2024-02-09,12.79,13.01,12.69,12.93,0,0.14,1.09461,12.855
^VIX,2024-02-12,13.48,13.94,13.34,13.93,0,0.45,3.33828,13.6725
^VIX,2024-02-13,13.96,17.94,13.43,15.85,0,1.89,13.53868,15.295
^VIX,2024-02-14,15.38,15.47,14.22,14.38,0,-1.0,-6.50195,14.8625
^VIX,2024-02-15,14.27,14.64,13.94,14.01,0,-0.26,-1.822,14.215
^VIX,2024-02-16,13.94,14.71,13.75,14.24,0,0.3,2.15208,14.16
^VIX,2024-02-19,14.27,14.71,14.27,14.71,0,0.44,3.08,14.49
^VIX,2024-02-20,15.09,15.91,15.07,15.42,0,0.33,2.18688,15.3725
^VIX,2024-02-21,15.54,16.12,15.22,15.34,0,-0.2,-1.287,15.555
^VIX,2024-02-22,14.28,14.64,14.12,14.54,0,0.26,1.82073,14.395
^VIX,2024-02-23,14.31,14.31,13.64,13.75,0,-0.56,-3.91335,14.0025
^VIX,2024-02-26,14.17,14.2,13.66,13.74,0,-0.43,-3.03458,13.9425
^VIX,2024-02-27,13.63,13.75,13.41,13.43,0,-0.2,-1.46735,13.555
^VIX,2024-02-28,13.52,13.9,13.44,13.84,0,0.32,2.36686,13.675
^VIX,2024-02-29,14.14,14.15,13.3,13.4,0,-0.74,-5.23338,13.7475
^VIX,2024-03-01,13.34,13.66,13.08,13.11,0,-0.23,-1.72414,13.2975
^VIX,2024-03-04,13.49,13.58,13.32,13.49,0,0.0,0.0,13.47
^VIX,2024-03-05,13.75,15.1,13.75,14.46,0,0.71,5.16364,14.265
^VIX,2024-03-06,14.27,14.93,13.89,14.5,0,0.23,1.61177,14.3975
^VIX,2024-03-07,14.98,14.98,14.25,14.44,0,-0.54,-3.60481,14.6625
^VIX,2024-03-08,14.22,15.53,13.97,14.74,0,0.52,3.65682,14.615
^VIX,2024-03-11,15.51,16.04,15.13,15.22,0,-0.29,-1.86976,15.475
^VIX,2024-03-12,14.97,15.2,13.81,13.84,0,-1.13,-7.54843,14.455
^VIX,2024-03-13,13.89,14.04,13.67,13.75,0,-0.14,-1.00792,13.8375
^VIX,2024-03-14,13.62,15.33,13.42,14.4,0,0.78,5.72687,14.1925
^VIX,2024-03-15,14.33,15.53,14.14,14.41,0,0.08,0.55827,14.6025
^VIX,2024-03-18,14.75,14.85,14.26,14.33,0,-0.42,-2.84746,14.5475
^VIX,2024-03-19,14.5,14.86,13.8,13.82,0,-0.68,-4.68966,14.245
^VIX,2024-03-20,13.83,14.17,13.01,13.04,0,-0.79,-5.71222,13.5125
^VIX,2024-03-21,12.98,13.08,12.4,12.92,0,-0.06,-0.46225,12.845
^VIX,2024-03-22,12.92,13.15,12.58,13.06,0,0.14,1.08359,12.9275
^VIX,2024-03-25,13.67,13.67,13.11,13.19,0,-0.48,-3.51134,13.41
^VIX,2024-03-26,13.12,13.43,12.84,13.24,0,0.12,0.91463,13.1575
^VIX,2024-03-27,13.13,13.34,12.66,12.78,0,-0.35,-2.66565,12.9775
^VIX,2024-03-28,12.93,13.1,12.84,13.01,0,0.08,0.61872,12.97
^VIX,2024-04-01,13.61,14.15,13.55,13.65,0,0.04,0.2939,13.74
^VIX,2024-04-02,13.74,15.43,13.68,14.61,0,0.87,6.33188,14.365
^VIX,2024-04-03,15.0,15.18,14.25,14.33,0,-0.67,-4.46667,14.69
^VIX,2024-04-04,14.29,16.92,13.74,16.35,0,2.06,14.41568,15.325
^VIX,2024-04-05,16.45,16.75,15.53,16.03,0,-0.42,-2.55319,16.19
^VIX,2024-04-08,16.24,16.5,15.11,15.19,0,-1.05,-6.46552,15.76
^VIX,2024-04-09,15.34,16.63,14.94,14.98,0,-0.36,-2.34681,15.4725
^VIX,2024-04-10,15.24,16.62,14.59,15.8,0,0.56,3.67454,15.5625
^VIX,2024-04-11,16.02,17.61,14.91,14.91,0,-1.11,-6.92884,15.8625
^VIX,2024-04-12,14.91,19.2,14.91,17.31,0,2.4,16.09658,16.5825
^VIX,2024-04-15,16.94,19.46,16.26,19.23,0,2.29,13.5183,17.9725
^VIX,2024-04-16,19.49,19.56,17.64,18.4,0,-1.09,-5.59261,18.7725
^VIX,2024-04-17,18.24,19.11,17.54,18.21,0,-0.03,-0.16447,18.275
^VIX,2024-04-18,17.91,18.37,17.21,18.0,0,0.09,0.50251,17.8725
^VIX,2024-04-19,21.33,21.36,18.17,18.71,0,-2.62,-12.28317,19.8925
^VIX,2024-04-22,18.59,18.72,16.69,16.94,0,-1.65,-8.87574,17.735
^VIX,2024-04-23,16.72,16.76,15.69,15.69,0,-1.03,-6.16029,16.215
^VIX,2024-04-24,15.76,16.38,15.58,15.97,0,0.21,1.33249,15.9225
^VIX,2024-04-25,16.25,17.55,15.27,15.37,0,-0.88,-5.41538,16.11
^VIX,2024-04-26,15.49,16.06,14.92,15.03,0,-0.46,-2.96966,15.375
^VIX,2024-04-29,15.37,15.42,14.63,14.67,0,-0.7,-4.55433,15.0225
^VIX,2024-04-30,14.82,15.9,14.67,15.65,0,0.83,5.60054,15.26
^VIX,2024-05-01,15.75,16.22,14.35,15.39,0,-0.36,-2.28571,15.4275
^VIX,2024-05-02,15.14,16.09,14.6,14.68,0,-0.46,-3.03831,15.1275
^VIX,2024-05-03,14.51,14.58,13.48,13.49,0,-1.02,-7.02963,14.015
^VIX,2024-05-06,13.98,14.02,13.44,13.49,0,-0.49,-3.50501,13.7325
^VIX,2024-05-07,13.52,13.64,13.16,13.23,0,-0.29,-2.14497,13.3875
^VIX,2024-05-08,13.24,13.51,12.94,13.0,0,-0.24,-1.81269,13.1725
^VIX,2024-05-09,13.08,13.29,12.68,12.69,0,-0.39,-2.98165,12.935
^VIX,2024-05-10,12.77,12.96,12.5,12.55,0,-0.22,-1.72279,12.695
^VIX,2024-05-13,13.26,13.66,13.25,13.6,0,0.34,2.5641,13.4425
^VIX,2024-05-14,13.71,14.03,13.27,13.42,0,-0.29,-2.11524,13.6075
^VIX,2024-05-15,13.73,13.94,12.38,12.45,0,-1.28,-9.32265,13.125
^VIX,2024-05-16,12.52,12.67,12.33,12.42,0,-0.1,-0.79872,12.485
^VIX,2024-05-17,12.28,12.48,11.91,11.99,0,-0.29,-2.36156,12.165
^VIX,2024-05-20,12.27,12.59,12.07,12.15,0,-0.12,-0.978,12.27
^VIX,2024-05-21,12.3,12.56,11.84,11.86,0,-0.44,-3.57724,12.14
^VIX,2024-05-22,12.05,12.81,11.78,12.29,0,0.24,1.9917,12.2325
^VIX,2024-05-23,11.53,13.37,11.52,12.77,0,1.24,10.75455,12.2975
^VIX,2024-05-24,12.86,12.89,11.89,11.93,0,-0.93,-7.23173,12.3925
^VIX,2024-05-27,12.41,12.49,12.35,12.36,0,-0.05,-0.4029,12.4
^VIX,2024-05-28,12.51,13.44,12.36,12.92,0,0.41,3.27738,12.8075
^VIX,2024-05-29,13.75,14.32,13.69,14.28,0,0.53,3.85455,14.01
^VIX,2024-05-30,14.82,14.88,13.67,14.47,0,-0.35,-2.36167,14.46
^VIX,2024-05-31,14.5,14.87,12.84,12.92,0,-1.58,-10.89655,13.7825
^VIX,2024-06-03,13.08,14.31,13.0,13.11,0,0.03,0.22936,13.375
^VIX,2024-06-04,13.51,14.08,13.11,13.16,0,-0.35,-2.59067,13.465
^VIX,2024-06-05,13.14,13.25,12.6,12.63,0,-0.51,-3.88128,12.905
^VIX,2024-06-06,12.75,12.98,12.54,12.58,0,-0.17,-1.33333,12.7125
^VIX,2024-06-07,12.69,13.08,12.11,12.22,0,-0.47,-3.7037,12.525
^VIX,2024-06-10,13.09,13.28,12.62,12.74,0,-0.35,-2.6738,12.9325
^VIX,2024-06-11,12.85,13.47,12.78,12.85,0,0.0,0.0,12.9875
^VIX,2024-06-12,13.1,13.15,11.94,12.04,0,-1.06,-8.0916,12.5575
^VIX,2024-06-13,12.05,12.68,11.88,11.94,0,-0.11,-0.91286,12.1375
^VIX,2024-06-14,12.22,13.45,12.12,12.66,0,0.44,3.60065,12.6125
^VIX,2024-06-17,13.07,13.29,12.5,12.75,0,-0.32,-2.44836,12.9025
^VIX,2024-06-18,12.7,12.74,12.24,12.3,0,-0.4,-3.14961,12.495
^VIX,2024-06-19,12.32,12.55,12.32,12.48,0,0.16,1.2987,12.45
^VIX,2024-06-20,12.5,13.55,12.18,13.28,0,0.78,6.24,12.8775
^VIX,2024-06-21,13.22,13.78,12.99,13.2,0,-0.02,-0.15129,13.2975
^VIX,2024-06-24,13.85,13.88,13.15,13.33,0,-0.52,-3.75451,13.5525
^VIX,2024-06-25,13.48,13.52,12.84,12.84,0,-0.64,-4.74777,13.17
^VIX,2024-06-26,12.81,13.24,12.37,12.55,0,-0.26,-2.02966,12.7425
^VIX,2024-06-27,12.69,12.77,12.21,12.24,0,-0.45,-3.5461,12.4775
^VIX,2024-06-28,12.24,12.76,11.87,12.44,0,0.2,1.63399,12.3275
^VIX,2024-07-01,12.98,13.26,12.1,12.22,0,-0.76,-5.85516,12.64
^VIX,2024-07-02,12.67,12.88,11.85,12.03,0,-0.64,-5.0513,12.3575
^VIX,2024-07-03,12.13,12.23,11.95,12.09,0,-0.04,-0.32976,12.1
^VIX,2024-07-04,12.1,12.35,12.09,12.26,0,0.16,1.32231,12.23333
^VIX,2024-07-05,12.37,12.61,11.84,12.48,0,0.11,0.88925,12.325
^VIX,2024-07-08,12.91,12.91,12.31,12.37,0,-0.54,-4.1828,12.625
^VIX,2024-07-09,12.48,12.61,12.35,12.51,0,0.03,0.24038,12.4875
^VIX,2024-07-10,12.51,12.92,12.39,12.85,0,0.34,2.71783,12.6675
^VIX,2024-07-11,12.88,13.33,12.23,12.92,0,0.04,0.31056,12.84
^VIX,2024-07-12,12.87,12.89,12.11,12.46,0,-0.41,-3.1857,12.5825
^VIX,2024-07-15,12.78,13.26,12.75,13.12,0,0.34,2.66041,12.9775
^VIX,2024-07-16,13.38,13.47,12.95,13.19,0,-0.19,-1.42003,13.2475
^VIX,2024-07-17,13.6,14.88,13.54,14.48,0,0.88,6.47059,14.125
^VIX,2024-07-18,14.27,16.43,14.08,15.93,0,1.66,11.6328,15.1775
^VIX,2024-07-19,16.44,17.19,10.62,16.52,0,0.08,0.48662,15.1925
^VIX,2024-07-22,16.79,16.89,14.75,14.91,0,-1.88,-11.19714,15.835
^VIX,2024-07-23,15.21,15.35,13.9,14.72,0,-0.49,-3.22156,14.795
^VIX,2024-07-24,15.35,18.46,15.18,18.04,0,2.69,17.52443,16.7575
^VIX,2024-07-25,18.41,19.36,16.42,18.46,0,0.05,0.27159,18.1625
^VIX,2024-07-26,17.97,18.05,16.37,16.39,0,-1.58,-8.79243,17.195
^VIX,2024-07-29,16.59,17.21,16.23,16.6,0,0.01,0.06027728,16.6575
^VIX,2024-07-30,16.64,18.32,16.26,17.69,0,1.05,6.3101,17.2275
^VIX,2024-07-31,16.66,16.77,15.71,16.36,0,-0.3,-1.80072,16.375
^VIX,2024-08-01,16.2,19.48,15.95,18.59,0,2.39,14.75309,17.555
^VIX,2024-08-02,20.52,29.66,20.01,23.39,0,2.87,13.98635,23.395
^VIX,2024-08-05,23.39,65.73,23.39,38.57,0,15.18,64.89953,37.77
^VIX,2024-08-06,33.71,34.77,24.02,27.71,0,-6.0,-17.79887,30.0525
^VIX,2024-08-07,24.77,29.76,21.97,27.85,0,3.08,12.4344,26.0875
^VIX,2024-08-08,28.34,29.47,23.36,23.79,0,-4.55,-16.05505,26.24
^VIX,2024-08-09,23.78,24.52,20.26,20.37,0,-3.41,-14.33978,22.2325
^VIX,2024-08-12,20.79,21.19,18.89,20.71,0,-0.08,-0.3848,20.395
^VIX,2024-08-13,20.06,20.79,17.95,18.12,0,-1.94,-9.67099,19.23
^VIX,2024-08-14,18.41,18.49,16.12,16.19,0,-2.22,-12.05866,17.3025
^VIX,2024-08-15,16.27,16.68,14.77,15.23,0,-1.04,-6.39213,15.7375
^VIX,2024-08-16,15.29,15.76,14.65,14.8,0,-0.49,-3.20471,15.125
^VIX,2024-08-19,15.94,16.07,14.46,14.65,0,-1.29,-8.09285,15.28
^VIX,2024-08-20,14.89,15.93,14.78,15.88,0,0.99,6.64876,15.37
^VIX,2024-08-21,16.25,17.17,15.92,16.27,0,0.02,0.12308,16.4025
^VIX,2024-08-22,16.27,18.06,15.76,17.55,0,1.28,7.86724,16.91
^VIX,2024-08-23,17.12,17.21,15.61,15.86,0,-1.26,-7.35981,16.45
^VIX,2024-08-26,16.27,16.67,15.81,16.15,0,-0.12,-0.73755,16.225
^VIX,2024-08-27,16.21,16.81,15.37,15.43,0,-0.78,-4.81184,15.955
^VIX,2024-08-28,15.51,17.89,15.46,17.11,0,1.6,10.31593,16.4925
^VIX,2024-08-29,16.54,16.57,15.19,15.65,0,-0.89,-5.38089,15.9875
^VIX,2024-08-30,15.67,16.04,14.78,15.0,0,-0.67,-4.27569,15.3725
^VIX,2024-09-02,15.87,15.99,15.48,15.55,0,-0.32,-2.01638,15.7225
^VIX,2024-09-03,15.76,21.99,15.71,20.72,0,4.96,31.47208,18.545
^VIX,2024-09-04,23.2,23.31,19.34,21.32,0,-1.88,-8.10345,21.7925
^VIX,2024-09-05,20.75,21.53,19.21,19.9,0,-0.85,-4.09639,20.3475
^VIX,2024-09-06,21.98,23.76,18.83,22.38,0,0.4,1.81984,21.7375
^VIX,2024-09-09,21.32,21.41,19.29,19.45,0,-1.87,-8.77111,20.3675
^VIX,2024-09-10,19.86,20.74,18.9,19.08,0,-0.78,-3.92749,19.645
^VIX,2024-09-11,19.41,21.41,17.55,17.69,0,-1.72,-8.86141,19.015
^VIX,2024-09-12,17.62,18.59,16.89,17.07,0,-0.55,-3.12145,17.5425
^VIX,2024-09-13,17.03,17.18,16.23,16.56,0,-0.47,-2.75984,16.75
^VIX,2024-09-16,17.16,17.69,16.91,17.14,0,-0.02,-0.11655,17.225
^VIX,2024-09-17,17.16,18.08,16.67,17.61,0,0.45,2.62238,17.38
^VIX,2024-09-18,17.58,19.39,17.11,18.23,0,0.65,3.69738,18.0775
^VIX,2024-09-19,17.21,17.27,16.21,16.33,0,-0.88,-5.11331,16.755
^VIX,2024-09-20,16.35,16.68,15.81,16.15,0,-0.2,-1.22324,16.2475
^VIX,2024-09-23,16.71,16.95,15.75,15.89,0,-0.82,-4.90724,16.325
^VIX,2024-09-24,15.87,16.67,15.27,15.39,0,-0.48,-3.02457,15.8
^VIX,2024-09-25,15.82,15.82,15.17,15.41,0,-0.41,-2.59166,15.555
^VIX,2024-09-26,15.06,15.83,14.9,15.37,0,0.31,2.05843,15.29
^VIX,2024-09-27,15.64,16.97,15.2,16.96,0,1.32,8.4399,16.1925
^VIX,2024-09-30,17.01,17.79,16.47,16.73,0,-0.28,-1.64609,17.0
^VIX,2024-10-01,16.96,20.73,16.61,19.26,0,2.3,13.56132,18.39
^VIX,2024-10-02,19.65,20.36,18.58,18.9,0,-0.75,-3.81679,19.3725
^VIX,2024-10-03,19.63,20.75,19.16,20.49,0,0.86,4.38105,20.0075
^VIX,2024-10-04,20.48,20.48,18.48,19.21,0,-1.27,-6.20117,19.6625
^VIX,2024-10-07,20.76,23.03,20.65,22.64,0,1.88,9.05588,21.77
^VIX,2024-10-08,22.92,23.14,21.14,21.42,0,-1.5,-6.5445,22.155
^VIX,2024-10-09,21.98,22.01,20.71,20.86,0,-1.12,-5.09554,21.39
^VIX,2024-10-10,20.91,21.39,20.64,20.93,0,0.02,0.09564802,20.9675
^VIX,2024-10-11,20.87,21.16,20.14,20.46,0,-0.41,-1.96454,20.6575
^VIX,2024-10-14,20.86,20.86,19.69,19.7,0,-1.16,-5.56088,20.2775
^VIX,2024-10-15,19.61,20.89,19.44,20.64,0,1.03,5.25242,20.145
^VIX,2024-10-16,20.77,21.01,19.45,19.58,0,-1.19,-5.72942,20.2025
^VIX,2024-10-17,19.55,19.65,18.88,19.11,0,-0.44,-2.25064,19.2975
^VIX,2024-10-18,19.3,19.32,17.99,18.03,0,-1.27,-6.58031,18.66
^VIX,2024-10-21,18.78,19.34,18.36,18.37,0,-0.41,-2.18317,18.7125
^VIX,2024-10-22,18.79,19.44,18.05,18.2,0,-0.59,-3.13997,18.62
^VIX,2024-10-23,18.21,20.47,18.18,19.24,0,1.03,5.65623,19.025
^VIX,2024-10-24,18.87,20.24,18.63,19.08,0,0.21,1.11288,19.205
^VIX,2024-10-25,19.22,20.51,18.23,20.33,0,1.11,5.77523,19.5725
^VIX,2024-10-28,19.11,19.88,18.91,19.8,0,0.69,3.61068,19.425
^VIX,2024-10-29,19.75,20.53,19.06,19.34,0,-0.41,-2.07595,19.67
^VIX,2024-10-30,19.33,20.44,19.3,20.35,0,1.02,5.27677,19.855
^VIX,2024-10-31,21.44,23.42,21.12,23.16,0,1.72,8.02239,22.285
^VIX,2024-11-01,22.96,23.09,21.16,21.88,0,-1.08,-4.70383,22.2725
^VIX,2024-11-04,22.5,23.07,21.73,21.98,0,-0.52,-2.31111,22.32
^VIX,2024-11-05,21.98,22.06,20.2,20.49,0,-1.49,-6.77889,21.1825
^VIX,2024-11-06,16.06,16.82,15.44,16.27,0,0.21,1.3076,16.1475
^VIX,2024-11-07,15.86,15.86,15.13,15.2,0,-0.66,-4.16141,15.5125
^VIX,2024-11-08,15.13,15.33,14.66,14.94,0,-0.19,-1.25578,15.015
^VIX,2024-11-11,15.33,15.56,14.89,14.97,0,-0.36,-2.34834,15.1875
^VIX,2024-11-12,15.09,15.37,14.69,14.71,0,-0.38,-2.51822,14.965
^VIX,2024-11-13,15.09,15.26,13.77,14.02,0,-1.07,-7.09079,14.535
^VIX,2024-11-14,14.17,14.32,13.59,14.31,0,0.14,0.988,14.0975
^VIX,2024-11-15,15.02,17.55,14.56,16.14,0,1.12,7.45672,15.8175
^VIX,2024-11-18,16.6,17.0,15.35,15.58,0,-1.02,-6.14458,16.1325
^VIX,2024-11-19,15.44,17.93,15.37,16.35,0,0.91,5.89378,16.2725
^VIX,2024-11-20,16.19,18.79,16.04,17.16,0,0.97,5.99135,17.045
^VIX,2024-11-21,17.1,17.99,15.73,16.87,0,-0.23,-1.34503,16.9225
^VIX,2024-11-22,16.67,17.56,15.24,15.24,0,-1.43,-8.57828,16.1775
^VIX,2024-11-25,15.23,15.72,14.54,14.6,0,-0.63,-4.13657,15.0225
^VIX,2024-11-26,14.95,15.03,13.88,14.1,0,-0.85,-5.68562,14.49
^VIX,2024-11-27,14.28,15.13,13.96,14.1,0,-0.18,-1.2605,14.3675
^VIX,2024-11-28,14.07,14.07,13.87,13.9,0,-0.17,-1.20825,13.9775
^VIX,2024-11-29,14.0,14.15,13.49,13.51,0,-0.49,-3.5,13.7875
^VIX,2024-12-02,14.08,14.1,13.3,13.34,0,-0.74,-5.25568,13.705
^VIX,2024-12-03,13.38,13.77,13.19,13.3,0,-0.08,-0.59791,13.41
^VIX,2024-12-04,13.16,13.61,12.89,13.45,0,0.29,2.20365,13.2775
^VIX,2024-12-05,13.46,13.7,13.26,13.54,0,0.08,0.59435,13.49
^VIX,2024-12-06,13.62,13.74,12.7,12.77,0,-0.85,-6.24082,13.2075
^VIX,2024-12-09,13.36,14.23,13.35,14.19,0,0.83,6.21257,13.7825
^VIX,2024-12-10,14.3,14.54,13.86,14.18,0,-0.12,-0.83916,14.22
^VIX,2024-12-11,14.42,14.43,13.52,13.58,0,-0.84,-5.82524,13.9875
^VIX,2024-12-12,13.73,13.95,13.39,13.92,0,0.19,1.38383,13.7475
^VIX,2024-12-13,13.57,14.25,13.24,13.81,0,0.24,1.76861,13.7175
^VIX,2024-12-16,14.37,14.69,13.99,14.69,0,0.32,2.22686,14.435
^VIX,2024-12-17,14.98,15.94,14.78,15.87,0,0.89,5.94126,15.3925
^VIX,2024-12-18,15.57,28.32,14.82,27.62,0,12.05,77.39242,21.5825
^VIX,2024-12-19,21.61,24.12,20.16,24.09,0,2.48,11.47617,22.495
^VIX,2024-12-20,24.14,26.51,17.82,18.36,0,-5.78,-23.94366,21.7075
^VIX,2024-12-23,18.09,20.02,16.74,16.78,0,-1.31,-7.24157,17.9075
^VIX,2024-12-24,16.97,17.04,14.27,14.27,0,-2.7,-15.91043,15.6375
^VIX,2024-12-26,14.99,15.93,14.55,14.73,0,-0.26,-1.73449,15.05
^VIX,2024-12-27,15.38,18.45,15.29,15.95,0,0.57,3.70611,16.2675
^VIX,2024-12-30,17.21,19.22,16.44,17.4,0,0.19,1.10401,17.5675
^VIX,2024-12-31,17.39,17.81,16.68,17.35,0,-0.04,-0.23002,17.3075
^VIX,2025-01-02,17.21,19.5,16.96,17.93,0,0.72,4.18361,17.9
^VIX,2025-01-03,17.66,17.94,16.11,16.13,0,-1.53,-8.66365,16.96
^VIX,2025-01-06,16.77,16.87,15.71,16.04,0,-0.73,-4.35301,16.3475
^VIX,2025-01-07,16.48,18.9,15.79,17.82,0,1.34,8.13107,17.2475
^VIX,2025-01-08,17.91,19.5,17.37,17.7,0,-0.21,-1.17253,18.12
^VIX,2025-01-09,18.2,18.2,18.07,18.07,0,-0.13,-0.71429,18.135
^VIX,2025-01-10,18.29,20.31,18.05,19.54,0,1.25,6.83434,19.0475
^VIX,2025-01-13,21.18,22.04,19.15,19.19,0,-1.99,-9.39566,20.39
^VIX,2025-01-14,18.79,19.66,18.24,18.71,0,-0.08,-0.42576,18.85
^VIX,2025-01-15,19.08,19.14,15.96,16.12,0,-2.96,-15.51363,17.575
^VIX,2025-01-16,15.87,16.6,15.64,16.6,0,0.73,4.59987,16.1775
^VIX,2025-01-17,16.19,16.23,15.53,15.97,0,-0.22,-1.35886,15.98
^VIX,2025-01-20,16.46,16.59,15.8,15.81,0,-0.65,-3.94896,16.165
^VIX,2025-01-21,16.29,16.29,14.93,15.06,0,-1.23,-7.55064,15.6425
^VIX,2025-01-22,14.89,15.29,14.59,15.1,0,0.21,1.41034,14.9675
^VIX,2025-01-23,15.28,15.39,14.59,15.02,0,-0.26,-1.70157,15.07
^VIX,2025-01-24,15.02,15.16,14.58,14.85,0,-0.17,-1.13182,14.9025
^VIX,2025-01-27,18.83,22.51,17.57,17.9,0,-0.93,-4.93893,19.2025
^VIX,2025-01-28,18.29,18.39,16.25,16.41,0,-1.88,-10.27884,17.335
^VIX,2025-01-29,16.42,18.08,16.17,16.56,0,0.14,0.85262,16.8075
^VIX,2025-01-30,15.93,16.42,15.32,15.84,0,-0.09,-0.56497,15.8775
^VIX,2025-01-31,15.45,17.09,14.9,16.43,0,0.98,6.34304,15.9675
^VIX,2025-02-03,20.36,20.42,17.66,18.62,0,-1.74,-8.54617,19.265
^VIX,2025-02-04,18.78,19.11,16.78,17.21,0,-1.57,-8.35996,17.97
^VIX,2025-02-05,17.54,17.75,15.77,15.77,0,-1.77,-10.09122,16.7075
^VIX,2025-02-06,15.88,16.15,14.99,15.5,0,-0.38,-2.39295,15.63
^VIX,2025-02-07,15.38,16.66,14.79,16.54,0,1.16,7.54226,15.8425
^VIX,2025-02-10,16.58,16.61,15.7,15.81,0,-0.77,-4.64415,16.175
^VIX,2025-02-11,16.13,16.42,15.75,16.02,0,-0.11,-0.68196,16.08
^VIX,2025-02-12,15.91,17.18,15.64,15.89,0,-0.02,-0.12571,16.155
^VIX,2025-02-13,15.97,16.33,14.98,15.1,0,-0.87,-5.44771,15.595
^VIX,2025-02-14,15.08,15.42,14.74,14.77,0,-0.31,-2.0557,15.0025
^VIX,2025-02-17,15.38,15.57,15.34,15.37,0,-0.01000023,-0.06502099,15.415
^VIX,2025-02-18,15.57,16.03,15.35,15.35,0,-0.22,-1.41297,15.575
^VIX,2025-02-19,15.14,15.96,15.05,15.27,0,0.13,0.85865,15.355
^VIX,2025-02-20,15.61,16.63,15.12,15.66,0,0.05,0.32031,15.755
^VIX,2025-02-21,15.63,19.03,15.28,18.21,0,2.58,16.50672,17.0375
^VIX,2025-02-24,18.08,20.24,17.31,18.98,0,0.9,4.97788,18.6525
^VIX,2025-02-25,19.09,21.48,18.85,19.43,0,0.34,1.78104,19.7125
^VIX,2025-02-26,18.96,20.06,17.83,19.1,0,0.14,0.7384,18.9875
^VIX,2025-02-27,18.25,21.47,17.67,21.13,0,2.88,15.78082,19.63
^VIX,2025-02-28,21.21,22.4,19.05,19.63,0,-1.58,-7.44932,20.5725
^VIX,2025-03-03,19.83,24.31,19.25,22.78,0,2.95,14.88,21.5425
^VIX,2025-03-04,22.96,26.35,21.71,23.51,0,0.55,2.4,23.6325
^VIX,2025-03-05,23.03,24.84,21.37,21.93,0,-1.1,-4.78,22.7925
^VIX,2025-03-06,22.6,25.92,22.39,24.87,0,2.27,10.04,23.945
^VIX,2025-03-07,24.85,26.56,23.09,23.37,0,-1.48,-5.96,24.4675
^VIX,2025-03-10,24.7,29.56,24.68,27.86,0,3.16,12.79,26.7
^VIX,2025-03-11,27.94,29.57,26.18,26.92,0,-1.02,-3.65,27.6525
^VIX,2025-03-12,26.88,26.91,23.89,24.23,0,-2.65,-9.86,25.4775
^VIX,2025-03-13,24.92,26.13,23.46,24.66,0,-0.26,-1.04,24.7925
^VIX,2025-03-14,24.35,24.36,21.48,21.77,0,-2.58,-10.6,22.99
^VIX,2025-03-17,22.89,22.95,20.32,20.51,0,-2.38,-10.4,21.6675
^VIX,2025-03-18,20.83,22.57,20.41,21.7,0,0.87,4.18,21.3775
^VIX,2025-03-19,21.84,22.1,19.42,19.9,0,-1.94,-8.88,20.815
^VIX,2025-03-20,19.52,21.17,19.3,19.8,0,0.28,1.43,19.9475
^VIX,2025-03-21,20.02,21.14,19.15,19.28,0,-0.74,-3.7,19.8975
^VIX,2025-03-24,19.13,19.14,17.46,17.48,0,-1.65,-8.63,18.3025
^VIX,2025-03-25,17.58,17.77,17.02,17.15,0,-0.43,-2.45,17.38
^VIX,2025-03-26,17.23,19.07,16.97,18.33,0,1.1,6.38,17.9
^VIX,2025-03-27,18.36,19.28,17.95,18.69,0,0.33,1.8,18.57
^VIX,2025-03-28,19.08,22.18,18.92,21.65,0,2.57,13.47,20.4575
^VIX,2025-03-31,24.11,24.8,21.67,22.28,0,-1.83,-7.59,23.215
^VIX,2025-04-01,22.06,23.52,21.58,21.77,0,-0.29,-1.31,22.2325
^VIX,2025-04-02,22.3,23.66,20.68,21.51,0,-0.79,-3.54,22.0375
^VIX,2025-04-03,26.38,30.02,24.93,30.02,0,3.64,13.8,27.8375
^VIX,2025-04-04,30.12,45.61,29.99,45.31,0,15.19,50.43,37.7575
^VIX,2025-04-07,60.13,60.13,38.58,46.98,0,-13.15,-21.87,51.455
^VIX,2025-04-08,44.04,57.52,36.48,52.33,0,8.29,18.82,47.5925
^VIX,2025-04-09,50.98,57.96,31.9,33.62,0,-17.36,-34.05,43.615
^VIX,2025-04-10,34.44,54.87,34.44,40.72,0,6.28,18.23,41.1175
^VIX,2025-04-11,40.8,46.12,36.85,37.56,0,-3.24,-7.94,40.3325
^VIX,2025-04-14,34.76,35.17,29.75,30.89,0,-3.87,-11.13,32.6425
^VIX,2025-04-15,30.01,31.45,28.29,30.12,0,0.11,0.36654,29.9675
^VIX,2025-04-16,33.24,34.96,29.48,32.64,0,-0.6,-1.81,32.58
^VIX,2025-04-17,30.79,32.55,29.57,29.65,0,-1.14,-3.7,30.64
^VIX,2025-04-21,32.75,35.75,31.79,33.82,0,1.07,3.27,33.5275
^VIX,2025-04-22,32.61,32.68,30.08,30.57,0,-2.04,-6.26,31.485
^VIX,2025-04-23,28.75,30.29,27.11,28.45,0,-0.3,-1.04,28.65
^VIX,2025-04-24,28.69,29.66,26.36,26.47,0,-2.22,-7.74,27.795
^VIX,2025-04-25,26.22,27.2,24.84,24.84,0,-1.38,-5.26,25.775
^VIX,2025-04-28,25.75,26.93,24.7,25.15,0,-0.6,-2.33,25.6325
^VIX,2025-04-29,24.76,25.99,23.76,24.17,0,-0.59,-2.38,24.67
^VIX,2025-04-30,24.35,28.17,24.23,24.7,0,0.35,1.44,25.3625
^VIX,2025-05-01,23.94,25.18,23.3,24.6,0,0.66,2.76,24.255
^VIX,2025-05-02,23.63,24.32,22.34,22.68,0,-0.95,-4.02,23.2425
^VIX,2025-05-05,24.25,24.63,22.81,23.64,0,-0.61,-2.52,23.8325
^VIX,2025-05-06,23.97,25.11,23.9,24.76,0,0.79,3.3,24.435
^VIX,2025-05-07,24.56,25.62,23.29,23.55,0,-1.01,-4.11,24.255
^VIX,2025-05-08,22.84,23.61,21.88,22.48,0,-0.36,-1.58,22.7025
^VIX,2025-05-09,22.4,22.82,21.83,21.9,0,-0.5,-2.23,22.2375
^VIX,2025-05-12,19.84,20.44,18.14,18.39,0,-1.45,-7.31,19.2025
^VIX,2025-05-13,18.69,18.85,17.65,18.22,0,-0.47,-2.51,18.3525
^VIX,2025-05-14,18.1,18.82,18.06,18.62,0,0.52,2.87,18.4
^VIX,2025-05-15,19.19,19.38,17.77,17.83,0,-1.36,-7.09,18.5425
^VIX,2025-05-16,17.96,17.96,17.15,17.24,0,-0.72,-4.01,17.5775
^VIX,2025-05-19,19.84,19.92,17.92,18.14,0,-1.7,-8.57,18.955
^VIX,2025-05-20,18.46,18.68,17.7,18.09,0,-0.37,-2.0,18.2325
^VIX,2025-05-21,18.77,21.05,17.77,20.87,0,2.1,11.19,19.615
^VIX,2025-05-22,20.62,22.07,19.64,20.28,0,-0.34,-1.65,20.6525
^VIX,2025-05-23,20.14,25.53,19.83,22.29,0,2.15,10.68,21.9475
^VIX,2025-05-26,20.75,20.83,20.3,20.57,0,-0.18,-0.86747,20.61
^VIX,2025-05-27,20.63,21.01,18.95,18.96,0,-1.67,-8.1,19.8875
^VIX,2025-05-28,19.21,19.43,18.68,19.31,0,0.1,0.52056,19.1575
^VIX,2025-05-29,18.25,20.2,18.11,19.18,0,0.93,5.1,18.935
^VIX,2025-05-30,19.61,20.55,18.57,18.57,0,-1.04,-5.3,19.325
^VIX,2025-06-02,19.81,20.45,18.36,18.36,0,-1.45,-7.32,19.245
^VIX,2025-06-03,18.83,19.21,17.64,17.69,0,-1.14,-6.05,18.3425
^VIX,2025-06-04,17.68,18.07,17.41,17.61,0,-0.07,-0.39593,17.6925
^VIX,2025-06-05,17.68,18.8,17.08,18.48,0,0.8,4.52,18.01
^VIX,2025-06-06,18.16,18.35,16.65,16.77,0,-1.39,-7.65,17.4825
^VIX,2025-06-09,17.69,17.72,16.82,17.16,0,-0.53,-3.0,17.3475
^VIX,2025-06-10,17.5,17.99,16.68,16.95,0,-0.55,-3.14,17.28
^VIX,2025-06-11,17.04,18.09,16.23,17.26,0,0.22,1.29,17.155
^VIX,2025-06-12,17.87,18.87,17.43,18.02,0,0.15,0.8394,18.0475
^VIX,2025-06-13,21.76,22.0,18.88,20.82,0,-0.94,-4.32,20.865
^VIX,2025-06-16,19.78,20.22,18.67,19.11,0,-0.67,-3.39,19.445
^VIX,2025-06-17,20.53,21.79,19.55,21.6,0,1.07,5.21,20.8675
^VIX,2025-06-18,20.9,21.58,19.59,20.14,0,-0.76,-3.64,20.5525
^VIX,2025-06-19,21.51,22.75,21.18,22.17,0,0.66,3.07,21.9
^VIX,2025-06-20,20.74,21.07,19.11,20.62,0,-0.12,-0.57859,20.385
^VIX,2025-06-23,21.15,22.51,19.82,19.83,0,-1.32,-6.24,20.8275
^VIX,2025-06-24,18.19,18.72,17.33,17.48,0,-0.71,-3.9,17.93
^VIX,2025-06-25,17.28,17.51,16.68,16.76,0,-0.52,-3.01,17.0575
^VIX,2025-06-26,16.67,16.78,16.11,16.59,0,-0.08,-0.4799,16.5375
^VIX,2025-06-27,16.31,17.29,16.12,16.32,0,0.01,0.06131208,16.51
^VIX,2025-06-30,17.19,17.43,16.55,16.73,0,-0.46,-2.68,16.975
^VIX,2025-07-01,16.98,17.48,16.51,16.83,0,-0.15,-0.88339,16.95
^VIX,2025-07-02,16.75,17.37,16.54,16.64,0,-0.11,-0.65672,16.825
^VIX,2025-07-03,16.65,16.83,16.14,16.38,0,-0.27,-1.62,16.5
^VIX,2025-07-07,17.83,18.5,17.51,17.79,0,-0.04,-0.22434,17.9075
^VIX,2025-07-08,17.41,17.44,16.54,16.81,0,-0.6,-3.45,17.05
^VIX,2025-07-09,16.76,16.76,15.76,15.94,0,-0.82,-4.89,16.305
^VIX,2025-07-10,16.23,16.24,15.7,15.78,0,-0.45,-2.77,15.9875
^VIX,2025-07-11,16.41,17.24,15.98,16.4,0,-0.01,-0.06093845,16.5075
^VIX,2025-07-14,17.73,17.85,16.91,17.2,0,-0.53,-2.99,17.4225
^VIX,2025-07-15,16.89,17.39,16.56,17.38,0,0.49,2.9,17.055
^VIX,2025-07-16,17.66,19.48,16.69,17.16,0,-0.5,-2.83,17.7475
^VIX,2025-07-17,17.16,17.37,16.48,16.52,0,-0.64,-3.73,16.8825
^VIX,2025-07-18,16.43,16.81,16.28,16.41,0,-0.02,-0.12173,16.4825
^VIX,2025-07-21,16.87,16.99,16.3,16.65,0,-0.22,-1.3,16.7025
^VIX,2025-07-22,16.75,17.48,16.43,16.5,0,-0.25,-1.49,16.79
^VIX,2025-07-23,16.23,16.32,15.32,15.37,0,-0.86,-5.3,15.81
^VIX,2025-07-24,15.39,15.54,14.95,15.39,0,0.0,0.0,15.3175
^VIX,2025-07-25,15.33,15.39,14.92,14.93,0,-0.4,-2.61,15.1425
^VIX,2025-07-28,15.15,15.54,15.0,15.03,0,-0.12,-0.79208,15.18
^VIX,2025-07-29,14.95,16.12,14.7,15.98,0,1.03,6.89,15.4375
^VIX,2025-07-30,15.87,17.27,15.44,15.48,0,-0.39,-2.46,16.015
^VIX,2025-07-31,14.99,17.17,14.74,16.72,0,1.73,11.54,15.905
^VIX,2025-08-01,17.4,21.9,17.39,20.38,0,2.98,17.13,19.2675
^VIX,2025-08-04,19.56,19.58,17.48,17.52,0,-2.04,-10.43,18.535
^VIX,2025-08-05,17.21,18.94,17.11,17.85,0,0.64,3.72,17.7775
^VIX,2025-08-06,17.22,17.88,16.56,16.77,0,-0.45,-2.61,17.1075
^VIX,2025-08-07,16.41,17.64,15.98,16.57,0,0.16,0.97502,16.65
^VIX,2025-08-08,16.48,16.52,15.15,15.15,0,-1.33,-8.07,15.825
^VIX,2025-08-11,15.81,16.36,15.52,16.25,0,0.44,2.78,15.985
^VIX,2025-08-12,16.09,16.56,14.66,14.73,0,-1.36,-8.45,15.51
^VIX,2025-08-13,14.62,14.81,14.3,14.49,0,-0.13,-0.88919,14.555
^VIX,2025-08-14,14.66,15.39,14.57,14.83,0,0.17,1.16,14.8625
^VIX,2025-08-15,14.43,15.18,14.4,15.09,0,0.66,4.57,14.775
^VIX,2025-08-18,15.73,15.95,14.95,14.99,0,-0.74,-4.7,15.405
^VIX,2025-08-19,15.23,15.91,14.76,15.57,0,0.34,2.23,15.3675
^VIX,2025-08-20,15.95,17.19,15.57,15.69,0,-0.26,-1.63,16.1
^VIX,2025-08-21,15.72,17.24,15.65,16.6,0,0.88,5.6,16.3025
^VIX,2025-08-22,16.81,16.83,14.21,14.22,0,-2.59,-15.41,15.5175
^VIX,2025-08-25,15.05,15.19,14.24,14.79,0,-0.26,-1.73,14.8175
^VIX,2025-08-26,15.75,15.75,14.62,14.62,0,-1.13,-7.17,15.185
^VIX,2025-08-27,14.66,15.23,14.66,14.85,0,0.19,1.3,14.85
^VIX,2025-08-28,14.42,14.69,14.12,14.43,0,0.01,0.06934813,14.415
^VIX,2025-08-29,14.31,15.97,14.31,15.36,0,1.05,7.34,14.9875
^VIX,2025-09-02,16.65,19.38,16.55,17.17,0,0.52,3.12,17.4375
^VIX,2025-09-03,17.4,17.57,16.34,16.35,0,-1.05,-6.03,16.915
^VIX,2025-09-04,16.22,16.35,15.28,15.3,0,-0.92,-5.67,15.7875
^VIX,2025-09-05,15.23,16.92,14.74,15.18,0,-0.05,-0.3283,15.5175
^VIX,2025-09-08,15.58,15.65,14.99,15.11,0,-0.47,-3.02,15.3325
^VIX,2025-09-09,15.02,15.82,14.97,15.04,0,0.02,0.13316,15.2125
^VIX,2025-09-10,14.98,15.63,14.63,15.35,0,0.37,2.47,15.1475
^VIX,2025-09-11,15.19,15.24,14.65,14.71,0,-0.48,-3.16,14.9475
^VIX,2025-09-12,14.62,14.97,14.41,14.76,0,0.14,0.95759,14.69
^VIX,2025-09-15,15.14,15.84,14.92,15.69,0,0.55,3.63,15.3975
^VIX,2025-09-16,15.6,16.38,15.44,16.36,0,0.76,4.87,15.945
^VIX,2025-09-17,16.42,16.75,15.26,15.72,0,-0.7,-4.26,16.0375
^VIX,2025-09-18,14.93,15.8,14.33,15.7,0,0.77,5.16,15.19
^VIX,2025-09-19,15.76,16.13,15.29,15.45,0,-0.31,-1.97,15.6575
^VIX,2025-09-22,16.14,16.35,15.78,16.1,0,-0.04,-0.24783,16.0925
^VIX,2025-09-23,16.1,17.07,15.95,16.64,0,0.54,3.35,16.44
^VIX,2025-09-24,16.57,17.21,16.18,16.18,0,-0.39,-2.35,16.535
^VIX,2025-09-25,16.55,17.74,16.32,16.74,0,0.19,1.15,16.8375
^VIX,2025-09-26,16.89,17.05,15.29,15.29,0,-1.6,-9.47,16.13
^VIX,2025-09-29,15.84,16.29,15.74,16.12,0,0.28,1.77,15.9975
^VIX,2025-09-30,16.49,16.7,16.02,16.28,0,-0.21,-1.27,16.3725
^VIX,2025-10-01,17.28,17.28,15.98,16.29,0,-0.99,-5.73,16.7075
^VIX,2025-10-02,16.12,16.92,15.93,16.63,0,0.51,3.16,16.4
^VIX,2025-10-03,16.35,17.06,16.2,16.65,0,0.3,1.83,16.565
^VIX,2025-10-06,16.74,17.09,16.29,16.37,0,-0.37,-2.21,16.6225
^VIX,2025-10-07,16.58,17.55,16.19,17.24,0,0.66,3.98,16.89
^VIX,2025-10-08,17.17,17.2,16.23,16.3,0,-0.87,-5.07,16.725
^VIX,2025-10-09,16.31,17.27,16.26,16.43,0,0.12,0.73574,16.5675
^VIX,2025-10-10,16.36,22.44,16.23,21.66,0,5.3,32.4,19.1725
^VIX,2025-10-13,19.45,20.77,18.61,19.03,0,-0.42,-2.16,19.465
^VIX,2025-10-14,21.46,22.94,19.18,20.81,0,-0.65,-3.03,21.0975
^VIX,2025-10-15,20.02,22.44,19.11,20.64,0,0.62,3.1,20.5525
^VIX,2025-10-16,20.49,25.43,19.85,25.31,0,4.82,23.52,22.77
^VIX,2025-10-17,28.41,28.99,20.73,20.78,0,-7.63,-26.86,24.7275
^VIX,2025-10-20,20.53,21.02,18.23,18.23,0,-2.3,-11.2,19.5025
^VIX,2025-10-21,18.65,18.89,17.4,17.87,0,-0.78,-4.18,18.2025
^VIX,2025-10-22,17.84,21.01,17.73,18.6,0,0.76,4.26,18.795
^VIX,2025-10-23,18.36,19.35,17.08,17.3,0,-1.06,-5.77,18.0225
^VIX,2025-10-24,17.02,17.22,16.02,16.37,0,-0.65,-3.82,16.6575
^VIX,2025-10-27,15.73,16.07,15.62,15.79,0,0.06,0.38144,15.8025
^VIX,2025-10-28,15.95,16.55,15.66,16.42,0,0.47,2.95,16.145
^VIX,2025-10-29,16.34,17.58,16.26,16.92,0,0.58,3.55,16.775
^VIX,2025-10-30,16.26,17.41,15.73,16.91,0,0.65,4.0,16.5775
^VIX,2025-10-31,16.43,18.54,15.96,17.44,0,1.01,6.15,17.0925
^VIX,2025-11-03,18.06,18.83,17.0,17.17,0,-0.89,-4.93,17.765
^VIX,2025-11-04,19.73,20.48,17.9,19.0,0,-0.73,-3.7,19.2775
^VIX,2025-11-05,19.37,20.02,17.31,18.01,0,-1.36,-7.02,18.6775
^VIX,2025-11-06,18.36,20.31,17.64,19.5,0,1.14,6.21,18.9525
^VIX,2025-11-07,19.52,22.72,19.08,19.08,0,-0.44,-2.25,20.1
^VIX,2025-11-10,18.58,18.82,17.6,17.6,0,-0.98,-5.27,18.15
^VIX,2025-11-11,17.9,18.01,17.25,17.28,0,-0.62,-3.46,17.61
^VIX,2025-11-12,17.21,18.06,17.1,17.51,0,0.3,1.74,17.47
^VIX,2025-11-13,17.61,21.31,17.51,20.0,0,2.39,13.57,19.1075
^VIX,2025-11-14,21.33,23.03,19.56,19.83,0,-1.5,-7.03,20.9375
^VIX,2025-11-17,19.58,23.44,19.54,22.38,0,2.8,14.3,21.235
^VIX,2025-11-18,23.54,25.84,22.91,24.69,0,1.15,4.89,24.245
^VIX,2025-11-19,24.52,24.79,21.93,23.66,0,-0.86,-3.51,23.725
^VIX,2025-11-20,20.78,28.27,19.28,26.42,0,5.64,27.14,23.6875
^VIX,2025-11-21,25.97,27.84,22.54,23.43,0,-2.54,-9.78,24.945
^VIX,2025-11-24,22.69,23.68,20.41,20.52,0,-2.17,-9.56,21.825
^VIX,2025-11-25,20.55,21.77,18.39,18.56,0,-1.99,-9.68,19.8175
^VIX,2025-11-26,18.25,18.7,16.93,17.19,0,-1.06,-5.81,17.7675
^VIX,2025-11-28,17.41,18.52,15.78,16.35,0,-1.06,-6.09,17.015
^VIX,2025-12-01,18.05,18.33,16.58,17.24,0,-0.81,-4.49,17.55
^VIX,2025-12-02,17.28,17.31,16.39,16.59,0,-0.69,-3.99,16.8925
^VIX,2025-12-03,16.43,17.28,15.93,16.08,0,-0.35,-2.13,16.43
^VIX,2025-12-04,16.23,16.63,15.68,15.78,0,-0.45,-2.77,16.08
^VIX,2025-12-05,15.58,16.18,15.28,15.41,0,-0.17,-1.09,15.6125
^VIX,2025-12-08,16.15,17.09,16.1,16.66,0,0.51,3.16,16.5
^VIX,2025-12-09,16.66,17.2,16.45,16.93,0,0.27,1.62,16.81
^VIX,2025-12-10,16.94,17.66,15.56,15.77,0,-1.17,-6.91,16.4825
^VIX,2025-12-11,16.84,16.88,14.85,14.85,0,-1.99,-11.82,15.855
^VIX,2025-12-12,14.99,17.85,14.85,15.74,0,0.75,5.0,15.8575
