date,AGG
2025-12-23,99.805
2025-12-22,99.8
2025-12-19,99.84
2025-12-18,99.99
2025-12-17,99.74
2025-12-16,99.77
2025-12-15,99.58
2025-12-12,99.48
2025-12-11,99.79
2025-12-10,99.77
2025-12-09,99.45
2025-12-08,99.54
2025-12-05,99.7
2025-12-04,99.81
2025-12-03,100.05
2025-12-02,99.86
2025-12-01,99.73
2025-11-28,100.16
2025-11-26,100.3
2025-11-25,100.14
2025-11-24,99.98
2025-11-21,99.78
2025-11-20,99.54
2025-11-19,99.42
2025-11-18,99.42
2025-11-17,99.36
2025-11-14,99.35
2025-11-13,99.46
2025-11-12,99.76
2025-11-11,99.8
2025-11-10,99.5
2025-11-07,99.54
2025-11-06,99.58
2025-11-05,99.22
2025-11-04,99.48
2025-11-03,99.43
2025-10-31,99.56
2025-10-30,99.62
2025-10-29,99.81
2025-10-28,100.28
2025-10-27,100.22
2025-10-24,100.15
2025-10-23,100.05
2025-10-22,100.23
2025-10-21,100.24
2025-10-20,100.14
2025-10-17,99.98
2025-10-16,100.11
2025-10-15,99.76
2025-10-14,99.8
2025-10-13,99.64
2025-10-10,99.45
2025-10-09,99.04
2025-10-08,99.16
2025-10-07,99.15
2025-10-06,98.99
2025-10-03,99.2
2025-10-02,99.31
2025-10-01,99.2
2025-09-30,98.95
2025-09-29,98.96
2025-09-26,98.77
2025-09-25,98.7
2025-09-24,98.84
2025-09-23,99.03
2025-09-22,98.87
2025-09-19,98.99
2025-09-18,98.99
2025-09-17,99.27
2025-09-16,99.44
2025-09-15,99.4
2025-09-12,99.24
2025-09-11,99.32
2025-09-10,99.14
2025-09-09,98.94
2025-09-08,99.14
2025-09-05,98.8
2025-09-04,98.34
2025-09-03,97.94
2025-09-02,97.59
2025-08-29,97.85
2025-08-28,97.98
2025-08-27,97.86
2025-08-26,97.76
2025-08-25,97.64
2025-08-22,97.79
2025-08-21,97.25
2025-08-20,97.48
2025-08-19,97.42
2025-08-18,97.23
2025-08-15,97.34
2025-08-14,97.49
2025-08-13,97.76
2025-08-12,97.41
2025-08-11,97.41
2025-08-08,97.34
2025-08-07,97.53
2025-08-06,97.6
2025-08-05,97.64
2025-08-04,97.61
2025-08-01,97.53
2025-07-31,96.7
2025-07-30,96.65
2025-07-29,96.93
2025-07-28,96.41
2025-07-25,96.53
2025-07-24,96.38
2025-07-23,96.44
2025-07-22,96.65
2025-07-21,96.46
2025-07-18,96.2
2025-07-17,96.02
2025-07-16,95.98
2025-07-15,95.85
2025-07-14,96.13
2025-07-11,96.14
2025-07-10,96.54
2025-07-09,96.57
2025-07-08,96.17
2025-07-07,96.21
2025-07-03,96.55
2025-07-02,96.75
2025-07-01,96.87
2025-06-30,96.96
2025-06-27,96.57
2025-06-26,96.84
2025-06-25,96.58
2025-06-24,96.59
2025-06-23,96.2
2025-06-20,96.0
2025-06-18,95.91
2025-06-17,95.85
2025-06-16,95.55
2025-06-13,95.75
2025-06-12,96.09
2025-06-11,95.74
2025-06-10,95.42
2025-06-09,95.2
2025-06-06,95.08
2025-06-05,95.57
2025-06-04,95.82
2025-06-03,95.25
2025-06-02,95.32
2025-05-30,95.57
2025-05-29,95.34
2025-05-28,94.99
2025-05-27,95.16
2025-05-23,94.73
2025-05-22,94.6
2025-05-21,94.32
2025-05-20,94.95
2025-05-19,95.11
2025-05-16,95.14
2025-05-15,95.08
2025-05-14,94.55
2025-05-13,94.82
2025-05-12,94.92
2025-05-09,95.24
2025-05-08,95.14
2025-05-07,95.64
2025-05-06,95.49
2025-05-05,95.26
2025-05-02,95.42
2025-05-01,95.89
2025-04-30,96.15
2025-04-29,96.24
2025-04-28,96.0
2025-04-25,95.74
2025-04-24,95.39
2025-04-23,94.87
2025-04-22,94.64
2025-04-21,94.46
2025-04-17,95.03
2025-04-16,95.28
2025-04-15,94.98
2025-04-14,94.78
2025-04-11,94.23
2025-04-10,94.32
2025-04-09,95.07
2025-04-08,94.86
2025-04-07,95.35
2025-04-04,96.58
2025-04-03,96.49
2025-04-02,95.99
2025-04-01,96.09
2025-03-31,95.74
2025-03-28,95.56
2025-03-27,95.0
2025-03-26,95.05
2025-03-25,95.28
2025-03-24,95.2
2025-03-21,95.57
2025-03-20,95.68
2025-03-19,95.62
2025-03-18,95.34
2025-03-17,95.25
2025-03-14,95.12
2025-03-13,95.31
2025-03-12,95.02
2025-03-11,95.3
2025-03-10,95.64
2025-03-07,95.19
2025-03-06,95.3
2025-03-05,95.4
2025-03-04,95.73
2025-03-03,95.97
2025-02-28,95.76
2025-02-27,95.34
2025-02-26,95.48
2025-02-25,95.33
2025-02-24,94.74
2025-02-21,94.57
2025-02-20,94.17
2025-02-19,94.02
2025-02-18,93.89
2025-02-14,94.26
2025-02-13,93.92
2025-02-12,93.36
2025-02-11,93.85
2025-02-10,94.06
2025-02-07,94.03
2025-02-06,94.33
2025-02-05,94.43
2025-02-04,93.93
2025-02-03,93.75
2025-01-31,93.66
2025-01-30,93.85
2025-01-29,93.72
2025-01-28,93.78
2025-01-27,93.8
2025-01-24,93.28
2025-01-23,93.13
2025-01-22,93.28
2025-01-21,93.51
2025-01-17,93.2
2025-01-16,93.2
2025-01-15,93.0
2025-01-14,92.2
2025-01-13,92.17
2025-01-10,92.26
2025-01-08,92.78
2025-01-07,92.67
2025-01-06,93.0
2025-01-03,93.09
2025-01-02,93.19
2024-12-31,93.18
2024-12-30,93.29
2024-12-27,92.93
2024-12-26,93.12
2024-12-24,93.05
2024-12-23,92.95
2024-12-20,93.24
2024-12-19,92.99
2024-12-18,93.23
2024-12-17,93.94
2024-12-16,93.94
2024-12-13,93.85
2024-12-12,94.21
2024-12-11,94.59
2024-12-10,94.81
2024-12-09,94.93
2024-12-06,95.2
2024-12-05,94.94
2024-12-04,94.92
2024-12-03,94.61
2024-12-02,94.79
2024-11-29,94.78
2024-11-27,94.41
2024-11-26,94.15
2024-11-25,94.29
2024-11-22,93.45
2024-11-21,93.38
2024-11-20,93.43
2024-11-19,93.53
2024-11-18,93.39
2024-11-15,93.31
2024-11-14,93.3
2024-11-13,93.34
2024-11-12,93.36
2024-11-11,93.9
2024-11-08,94.11
2024-11-07,93.95
2024-11-06,93.24
2024-11-05,93.98
2024-11-04,93.76
2024-11-01,93.37
2024-10-31,93.74
2024-10-30,93.76
2024-10-29,93.85
2024-10-28,93.75
2024-10-25,93.9
2024-10-24,94.09
2024-10-23,93.91
2024-10-22,94.15
2024-10-21,94.13
2024-10-18,94.79
2024-10-17,94.72
2024-10-16,95.19
2024-10-15,95.06
2024-10-14,94.68
2024-10-11,94.77
2024-10-10,94.74
2024-10-09,94.8
2024-10-08,95.04
2024-10-07,94.88
2024-10-04,95.21
2024-10-03,95.83
2024-10-02,96.22
2024-10-01,96.42
2024-09-30,96.16
2024-09-27,96.38
2024-09-26,96.1
2024-09-25,96.08
2024-09-24,96.45
2024-09-23,96.32
2024-09-20,96.36
2024-09-19,96.44
2024-09-18,96.44
2024-09-17,96.74
2024-09-16,96.83
2024-09-13,96.61
2024-09-12,96.41
2024-09-11,96.49
2024-09-10,96.52
2024-09-09,96.23
2024-09-06,96.08
2024-09-05,95.96
2024-09-04,95.71
2024-09-03,95.3
2024-08-30,94.9
2024-08-29,95.13
2024-08-28,95.25
2024-08-27,95.34
2024-08-26,95.31
2024-08-23,95.39
2024-08-22,94.96
2024-08-21,95.34
2024-08-20,95.16
2024-08-19,94.88
2024-08-16,94.78
2024-08-15,94.55
2024-08-14,94.95
2024-08-13,94.78
2024-08-12,94.4
2024-08-09,94.24
2024-08-08,93.91
2024-08-07,94.05
2024-08-06,94.33
2024-08-05,94.9
2024-08-02,94.98
2024-08-01,93.92
2024-07-31,93.53
2024-07-30,93.03
2024-07-29,92.94
2024-07-26,92.78
2024-07-25,92.45
2024-07-24,92.2
2024-07-23,92.48
2024-07-22,92.49
2024-07-19,92.53
2024-07-18,92.72
2024-07-17,92.97
2024-07-16,92.91
2024-07-15,92.53
2024-07-12,92.85
2024-07-11,92.6
2024-07-10,92.12
2024-07-09,92.03
2024-07-08,92.11
2024-07-05,92.09
2024-07-03,91.62
2024-07-02,91.13
2024-07-01,90.83
2024-06-28,91.32
2024-06-27,91.77
2024-06-26,91.62
2024-06-25,92.03
2024-06-24,92.04
2024-06-21,91.97
2024-06-20,91.96
2024-06-18,92.12
2024-06-17,91.79
2024-06-14,92.12
2024-06-13,92.03
2024-06-12,91.56
2024-06-11,91.13
2024-06-10,90.82
2024-06-07,90.9
2024-06-06,91.71
2024-06-05,91.68
2024-06-04,91.39
2024-06-03,91.07
2024-05-31,90.52
2024-05-30,90.23
2024-05-29,89.81
2024-05-28,90.15
2024-05-24,90.58
2024-05-23,90.47
2024-05-22,90.73
2024-05-21,90.84
2024-05-20,90.67
2024-05-17,90.75
2024-05-16,91.05
2024-05-15,91.15
2024-05-14,90.55
2024-05-13,90.3
2024-05-10,90.26
2024-05-09,90.45
2024-05-08,90.28
2024-05-07,90.46
2024-05-06,90.28
2024-05-03,90.21
2024-05-02,89.75
2024-05-01,89.35
2024-04-30,89.03
2024-04-29,89.39
2024-04-26,89.12
2024-04-25,88.93
2024-04-24,89.18
2024-04-23,89.41
2024-04-22,89.23
2024-04-19,89.17
2024-04-18,89.08
2024-04-17,89.33
2024-04-16,88.92
2024-04-15,89.17
2024-04-12,89.71
2024-04-11,89.54
2024-04-10,89.53
2024-04-09,90.61
2024-04-08,90.3
2024-04-05,90.39
2024-04-04,90.83
2024-04-03,90.62
2024-04-02,90.56
2024-04-01,90.63
2024-03-28,91.29
2024-03-27,91.4
2024-03-26,91.1
2024-03-25,91.01
2024-03-22,91.18
2024-03-21,90.89
2024-03-20,90.82
2024-03-19,90.64
2024-03-18,90.41
2024-03-15,90.51
2024-03-14,90.52
2024-03-13,91.09
2024-03-12,91.26
2024-03-11,91.49
2024-03-08,91.6
2024-03-07,91.51
2024-03-06,91.32
2024-03-05,91.18
2024-03-04,90.68
2024-03-01,90.91
2024-02-29,90.47
2024-02-28,90.32
2024-02-27,90.15
2024-02-26,90.27
2024-02-23,90.46
2024-02-22,90.13
2024-02-21,90.05
2024-02-20,90.32
2024-02-16,90.24
2024-02-15,90.53
2024-02-14,90.31
2024-02-13,89.91
2024-02-12,90.75
2024-02-09,90.73
2024-02-08,90.76
2024-02-07,91.04
2024-02-06,91.22
2024-02-05,90.75
2024-02-02,91.5
2024-02-01,92.35
2024-01-31,91.82
2024-01-30,91.4
2024-01-29,91.23
2024-01-26,90.87
2024-01-25,90.97
2024-01-24,90.56
2024-01-23,90.76
2024-01-22,90.99
2024-01-19,90.82
2024-01-18,90.8
2024-01-17,90.88
2024-01-16,91.13
2024-01-12,91.82
2024-01-11,91.65
2024-01-10,91.13
2024-01-09,91.31
2024-01-08,91.33
2024-01-05,90.99
2024-01-04,91.2
2024-01-03,91.57
2024-01-02,91.52
2023-12-29,91.96
2023-12-28,92.14
2023-12-27,92.34
2023-12-26,91.76
2023-12-22,91.57
2023-12-21,91.69
2023-12-20,91.7
2023-12-19,91.37
2023-12-18,91.25
2023-12-15,91.44
2023-12-14,91.65
2023-12-13,90.92
2023-12-12,89.79
2023-12-11,89.52
2023-12-08,89.52
2023-12-07,89.97
2023-12-06,89.94
2023-12-05,89.71
2023-12-04,89.12
2023-12-01,89.46
2023-11-30,88.68
2023-11-29,88.97
2023-11-28,88.54
2023-11-27,88.15
2023-11-24,87.66
2023-11-22,88.06
2023-11-21,87.98
2023-11-20,87.89
2023-11-17,87.75
2023-11-16,87.57
2023-11-15,87.09
2023-11-14,87.64
2023-11-13,86.55
2023-11-10,86.56
2023-11-09,86.36
2023-11-08,87.09
2023-11-07,86.79
2023-11-06,86.33
2023-11-03,86.76
2023-11-02,86.24
2023-11-01,85.72
2023-10-31,84.79
2023-10-30,84.85
2023-10-27,85.05
2023-10-26,85.08
2023-10-25,84.51
2023-10-24,85.14
2023-10-23,84.84
2023-10-20,84.51
2023-10-19,84.2
2023-10-18,84.52
2023-10-17,84.92
2023-10-16,85.53
2023-10-13,86.01
2023-10-12,85.64
2023-10-11,86.39
2023-10-10,85.99
2023-10-09,86.08
2023-10-06,85.19
2023-10-05,85.53
2023-10-04,85.47
2023-10-03,84.87
2023-10-02,85.54
2023-09-29,86.14
2023-09-28,86.22
2023-09-27,85.97
2023-09-26,86.27
2023-09-25,86.38
2023-09-22,87.06
2023-09-21,86.7
2023-09-20,87.29
2023-09-19,87.34
2023-09-18,87.6
2023-09-15,87.47
2023-09-14,87.67
2023-09-13,87.79
2023-09-12,87.66
2023-09-11,87.63
2023-09-08,87.73
2023-09-07,87.69
2023-09-06,87.41
2023-09-05,87.5
2023-09-01,87.97
2023-08-31,88.43
2023-08-30,88.3
2023-08-29,88.34
2023-08-28,87.77
2023-08-25,87.58
2023-08-24,87.63
2023-08-23,87.84
2023-08-22,87.0
2023-08-21,86.91
2023-08-18,87.35
2023-08-17,87.16
2023-08-16,87.25
2023-08-15,87.46
2023-08-14,87.7
2023-08-11,87.76
2023-08-10,88.04
2023-08-09,88.61
2023-08-08,88.55
2023-08-07,88.34
2023-08-04,88.32
2023-08-03,87.6
2023-08-02,88.19
2023-08-01,88.4
2023-07-31,88.99
2023-07-28,88.88
2023-07-27,88.53
2023-07-26,89.3
2023-07-25,89.01
2023-07-24,89.11
2023-07-21,89.27
2023-07-20,89.21
2023-07-19,89.67
2023-07-18,89.4
2023-07-17,89.33
2023-07-14,89.23
2023-07-13,89.66
2023-07-12,89.1
2023-07-11,88.38
2023-07-10,88.19
2023-07-07,87.94
2023-07-06,87.92
2023-07-05,88.5
2023-07-03,88.9
2023-06-30,89.0
2023-06-29,88.79
2023-06-28,89.48
2023-06-27,89.22
2023-06-26,89.39
2023-06-23,89.28
2023-06-22,89.02
2023-06-21,89.48
2023-06-20,89.34
2023-06-16,89.17
2023-06-15,89.45
2023-06-14,88.84
2023-06-13,88.75
2023-06-12,89.17
2023-06-09,89.02
2023-06-08,89.23
2023-06-07,88.75
2023-06-06,89.23
2023-06-05,89.12
2023-06-02,89.13
2023-06-01,89.6
2023-05-31,89.33
2023-05-30,89.01
2023-05-26,88.42
2023-05-25,88.35
2023-05-24,88.68
2023-05-23,88.9
2023-05-22,88.8
2023-05-19,88.89
2023-05-18,89.09
2023-05-17,89.5
2023-05-16,89.64
2023-05-15,89.85
2023-05-12,90.07
2023-05-11,90.58
2023-05-10,90.31
2023-05-09,89.73
2023-05-08,89.81
2023-05-05,90.31
2023-05-04,90.6
2023-05-03,90.71
2023-05-02,90.31
2023-05-01,89.44
2023-04-28,90.36
2023-04-27,89.9
2023-04-26,90.22
2023-04-25,90.56
2023-04-24,90.0
2023-04-21,89.65
2023-04-20,89.8
2023-04-19,89.39
2023-04-18,89.53
2023-04-17,89.4
2023-04-14,89.85
2023-04-13,90.3
2023-04-12,90.33
2023-04-11,90.22
2023-04-10,90.17
2023-04-06,90.79
2023-04-05,90.88
2023-04-04,90.57
2023-04-03,90.23
2023-03-31,89.84
2023-03-30,89.41
2023-03-29,89.31
2023-03-28,89.2
2023-03-27,89.34
2023-03-24,90.31
2023-03-23,90.16
2023-03-22,89.94
2023-03-21,89.08
2023-03-20,89.35
2023-03-17,89.71
2023-03-16,89.16
2023-03-15,89.51
2023-03-14,88.62
2023-03-13,89.15
2023-03-10,88.44
2023-03-09,87.42
2023-03-08,87.11
2023-03-07,87.2
2023-03-06,87.32
2023-03-03,87.53
2023-03-02,86.85
2023-03-01,87.03
2023-02-28,87.53
2023-02-27,87.54
2023-02-24,87.37
2023-02-23,87.87
2023-02-22,87.56
2023-02-21,87.32
2023-02-17,88.15
2023-02-16,87.94
2023-02-15,88.31
2023-02-14,88.48
2023-02-13,88.8
2023-02-10,88.53
2023-02-09,88.92
2023-02-08,89.27
2023-02-07,89.14
2023-02-06,89.29
2023-02-03,89.79
2023-02-02,90.66
2023-02-01,90.56
2023-01-31,89.93
2023-01-30,89.56
2023-01-27,89.8
2023-01-26,89.94
2023-01-25,90.09
2023-01-24,89.98
2023-01-23,89.59
2023-01-20,89.81
2023-01-19,90.18
2023-01-18,90.39
2023-01-17,89.5
2023-01-13,89.66
2023-01-12,89.99
2023-01-11,89.35
2023-01-10,88.8
2023-01-09,89.14
2023-01-06,88.92
2023-01-05,87.96
2023-01-04,88.03
2023-01-03,87.54
2022-12-30,87.03
2022-12-29,87.44
2022-12-28,87.12
2022-12-27,87.27
2022-12-23,87.91
2022-12-22,88.22
2022-12-21,88.24
2022-12-20,88.0
2022-12-19,88.6
2022-12-16,89.15
2022-12-15,89.38
2022-12-14,89.25
2022-12-13,89.05
2022-12-12,88.46
2022-12-09,88.44
2022-12-08,88.97
2022-12-07,89.24
2022-12-06,88.45
2022-12-05,88.19
2022-12-02,88.89
2022-12-01,88.53
2022-11-30,87.79
2022-11-29,87.11
2022-11-28,87.42
2022-11-25,87.57
2022-11-23,87.55
2022-11-22,87.03
2022-11-21,86.58
2022-11-18,86.64
2022-11-17,86.76
2022-11-16,87.13
2022-11-15,86.59
2022-11-14,85.96
2022-11-11,86.2
2022-11-10,86.26
2022-11-09,84.45
2022-11-08,84.35
2022-11-07,83.99
2022-11-04,84.26
2022-11-03,84.27
2022-11-02,84.58
2022-11-01,84.73
2022-10-31,84.57
2022-10-28,84.86
2022-10-27,85.07
2022-10-26,84.64
2022-10-25,84.27
2022-10-24,83.45
2022-10-21,83.56
2022-10-20,83.44
2022-10-19,83.95
2022-10-18,84.68
2022-10-17,84.53
2022-10-14,84.36
2022-10-13,84.82
2022-10-12,85.09
2022-10-11,85.02
2022-10-10,84.96
2022-10-07,85.35
2022-10-06,85.8
2022-10-05,86.14
2022-10-04,86.59
2022-10-03,86.36
2022-09-30,85.67
2022-09-29,85.87
2022-09-28,86.33
2022-09-27,84.96
2022-09-26,85.32
2022-09-23,86.44
2022-09-22,86.7
2022-09-21,87.64
2022-09-20,87.36
2022-09-19,87.75
2022-09-16,87.88
2022-09-15,87.95
2022-09-14,88.21
2022-09-13,88.1
2022-09-12,88.6
2022-09-09,88.73
2022-09-08,88.74
2022-09-07,89.02
2022-09-06,88.41
2022-09-02,89.25
2022-09-01,88.99
2022-08-31,89.37
2022-08-30,89.85
2022-08-29,89.73
2022-08-26,90.17
2022-08-25,90.34
2022-08-24,89.84
2022-08-23,90.08
2022-08-22,90.12
2022-08-19,90.51
2022-08-18,91.14
2022-08-17,90.95
2022-08-16,91.49
2022-08-15,91.62
2022-08-12,91.51
2022-08-11,91.1
2022-08-10,91.59
2022-08-09,91.36
2022-08-08,91.56
2022-08-05,91.14
2022-08-04,92.17
2022-08-03,91.95
2022-08-02,91.54
2022-08-01,92.49
2022-07-29,92.17
2022-07-28,92.16
2022-07-27,91.51
2022-07-26,91.19
2022-07-25,91.2
2022-07-22,91.54
2022-07-21,90.83
2022-07-20,90.08
2022-07-19,90.14
2022-07-18,90.27
2022-07-15,90.56
2022-07-14,90.2
2022-07-13,90.52
2022-07-12,90.19
2022-07-11,90.07
2022-07-08,89.65
2022-07-07,89.99
2022-07-06,90.19
2022-07-05,90.81
2022-07-01,90.64
2022-06-30,89.89
2022-06-29,89.48
2022-06-28,88.97
2022-06-27,88.94
2022-06-24,89.33
2022-06-23,89.47
2022-06-22,89.1
2022-06-21,88.35
2022-06-17,88.71
2022-06-16,88.71
2022-06-15,88.5
2022-06-14,87.53
2022-06-13,88.05
2022-06-10,89.52
2022-06-09,90.22
2022-06-08,90.31
2022-06-07,90.69
2022-06-06,90.34
2022-06-03,90.9
2022-06-02,91.05
2022-06-01,90.93
2022-05-31,91.31
2022-05-27,91.89
2022-05-26,91.74
2022-05-25,91.81
2022-05-24,91.43
2022-05-23,90.74
2022-05-20,91.04
2022-05-19,90.76
2022-05-18,90.53
2022-05-17,90.17
2022-05-16,90.67
2022-05-13,90.46
2022-05-12,90.85
2022-05-11,90.68
2022-05-10,90.35
2022-05-09,90.07
2022-05-06,89.63
2022-05-05,90.01
2022-05-04,90.91
2022-05-03,90.33
2022-05-02,90.13
2022-04-29,90.62
2022-04-28,91.17
2022-04-27,91.2
2022-04-26,91.57
2022-04-25,91.29
2022-04-22,90.68
2022-04-21,90.77
2022-04-20,91.27
2022-04-19,90.75
2022-04-18,91.31
2022-04-14,91.59
2022-04-13,92.34
2022-04-12,92.15
2022-04-11,91.86
2022-04-08,92.26
2022-04-07,92.73
2022-04-06,92.93
2022-04-05,93.17
2022-04-04,94.12
2022-04-01,94.04
2022-03-31,94.21
2022-03-30,94.25
2022-03-29,94.0
2022-03-28,93.56
2022-03-25,93.33
2022-03-24,94.08
2022-03-23,94.29
2022-03-22,93.9
2022-03-21,94.16
2022-03-18,95.09
2022-03-17,94.88
2022-03-16,94.72
2022-03-15,94.65
2022-03-14,94.44
2022-03-11,95.36
2022-03-10,95.38
2022-03-09,95.92
2022-03-08,96.12
2022-03-07,96.46
2022-03-04,97.03
2022-03-03,96.64
2022-03-02,96.31
2022-03-01,97.48
2022-02-28,96.94
2022-02-25,96.25
2022-02-24,96.15
2022-02-23,95.97
2022-02-22,96.4
2022-02-18,96.51
2022-02-17,96.31
2022-02-16,96.11
2022-02-15,95.99
2022-02-14,96.15
2022-02-11,96.71
2022-02-10,96.08
2022-02-09,96.98
2022-02-08,96.91
2022-02-07,97.21
2022-02-04,97.12
2022-02-03,97.74
2022-02-02,98.13
2022-02-01,98.03
2022-01-31,98.06
2022-01-28,98.07
2022-01-27,98.0
2022-01-26,97.67
2022-01-25,98.23
2022-01-24,98.32
2022-01-21,98.44
2022-01-20,98.05
2022-01-19,98.0
2022-01-18,97.79
2022-01-14,98.38
2022-01-13,98.94
2022-01-12,98.76
2022-01-11,98.76
2022-01-10,98.58
2022-01-07,98.66
2022-01-06,98.95
2022-01-05,99.06
2022-01-04,99.37
2022-01-03,99.38
2021-12-31,100.06
2021-12-30,100.09
2021-12-29,99.88
2021-12-28,100.17
2021-12-27,100.22
2021-12-23,100.16
2021-12-22,100.29
2021-12-21,100.2
2021-12-20,100.28
2021-12-17,100.43
2021-12-16,100.31
2021-12-15,100.17
2021-12-14,100.25
2021-12-13,100.44
2021-12-10,100.09
2021-12-09,100.06
2021-12-08,100.06
2021-12-07,100.32
2021-12-06,100.48
2021-12-03,100.83
2021-12-02,100.42
2021-12-01,100.44
2021-11-30,100.42
2021-11-29,100.25
2021-11-26,100.2
2021-11-24,99.49
2021-11-23,99.27
2021-11-22,99.66
2021-11-19,100.14
2021-11-18,99.95
2021-11-17,99.86
2021-11-16,99.62
2021-11-15,99.66
2021-11-12,100.03
2021-11-11,100.04
2021-11-10,100.23
2021-11-09,100.91
2021-11-08,100.63
2021-11-05,100.81
2021-11-04,100.42
2021-11-03,100.09
2021-11-02,100.29
2021-11-01,100.09
2021-10-29,100.15
2021-10-28,100.18
2021-10-27,100.25
2021-10-26,99.92
2021-10-25,99.74
2021-10-22,99.64
2021-10-21,99.45
2021-10-20,99.66
2021-10-19,99.73
2021-10-18,100.02
2021-10-15,100.09
2021-10-14,100.33
2021-10-13,100.14
2021-10-12,99.91
2021-10-11,99.55
2021-10-08,99.7
2021-10-07,99.92
2021-10-06,100.2
2021-10-05,100.16
2021-10-04,100.39
2021-10-01,100.46
2021-09-30,100.16
2021-09-29,100.18
2021-09-28,100.11
2021-09-27,100.53
2021-09-24,100.67
2021-09-23,100.84
2021-09-22,101.34
2021-09-21,101.3
2021-09-20,101.26
2021-09-17,101.07
2021-09-16,101.15
2021-09-15,101.33
2021-09-14,101.43
2021-09-13,101.2
2021-09-10,101.07
2021-09-09,101.27
2021-09-08,100.95
2021-09-07,100.78
2021-09-03,101.05
2021-09-02,101.22
2021-09-01,101.12
2021-08-31,101.09
2021-08-30,101.24
2021-08-27,101.12
2021-08-26,100.85
2021-08-25,100.84
2021-08-24,101.03
2021-08-23,101.18
2021-08-20,101.18
2021-08-19,101.17
2021-08-18,100.99
2021-08-17,100.98
2021-08-16,101.06
2021-08-13,101.01
2021-08-12,100.65
2021-08-11,100.64
2021-08-10,100.54
2021-08-09,100.67
2021-08-06,100.85
2021-08-05,101.31
2021-08-04,101.53
2021-08-03,101.54
2021-08-02,101.51
2021-07-30,101.29
2021-07-29,101.15
2021-07-28,101.32
2021-07-27,101.22
2021-07-26,100.99
2021-07-23,101.07
2021-07-22,101.14
2021-07-21,100.91
2021-07-20,101.24
2021-07-19,101.33
2021-07-16,100.8
2021-07-15,100.89
2021-07-14,100.67
2021-07-13,100.33
2021-07-12,100.55
2021-07-09,100.61
2021-07-08,100.94
2021-07-07,100.83
2021-07-06,100.66
2021-07-02,100.33
2021-07-01,100.12
2021-06-30,100.17
2021-06-29,100.1
2021-06-28,100.05
2021-06-25,99.76
2021-06-24,99.96
2021-06-23,99.93
2021-06-22,99.98
2021-06-21,99.87
2021-06-18,100.14
2021-06-17,99.87
2021-06-16,99.55
2021-06-15,99.87
2021-06-14,99.83
2021-06-11,100.08
2021-06-10,100.13
2021-06-09,99.92
2021-06-08,99.72
2021-06-07,99.54
2021-06-04,99.61
2021-06-03,99.2
2021-06-02,99.43
2021-06-01,99.3
2021-05-28,99.35
2021-05-27,99.35
2021-05-26,99.47
2021-05-25,99.51
2021-05-24,99.26
2021-05-21,99.17
2021-05-20,99.12
2021-05-19,98.79
2021-05-18,98.93
2021-05-17,99.05
2021-05-14,99.13
2021-05-13,98.91
2021-05-12,98.68
2021-05-11,99.03
2021-05-10,99.25
2021-05-07,99.4
2021-05-06,99.43
2021-05-05,99.41
2021-05-04,99.33
2021-05-03,99.21
2021-04-30,99.15
2021-04-29,99.05
2021-04-28,99.1
2021-04-27,99.05
2021-04-26,99.29
2021-04-23,99.37
2021-04-22,99.39
2021-04-21,99.37
2021-04-20,99.27
2021-04-19,99.11
2021-04-16,99.19
2021-04-15,99.45
2021-04-14,99.06
2021-04-13,99.14
2021-04-12,98.86
2021-04-09,98.88
2021-04-08,98.99
2021-04-07,98.75
2021-04-06,98.91
2021-04-05,98.56
2021-04-01,98.76
2021-03-31,98.43
2021-03-30,98.41
2021-03-29,98.33
2021-03-26,98.5
2021-03-25,98.66
2021-03-24,98.72
2021-03-23,98.59
2021-03-22,98.34
2021-03-19,98.15
2021-03-18,98.08
2021-03-17,98.46
2021-03-16,98.46
2021-03-15,98.5
2021-03-12,98.4
2021-03-11,98.96
2021-03-10,98.97
2021-03-09,98.8
2021-03-08,98.43
2021-03-05,98.82
2021-03-04,98.89
2021-03-03,99.17
2021-03-02,99.54
2021-03-01,99.52
2021-02-26,99.57
2021-02-25,98.77
2021-02-24,99.68
2021-02-23,99.72
2021-02-22,99.69
2021-02-19,100.0
2021-02-18,100.31
2021-02-17,100.36
2021-02-16,100.17
2021-02-12,100.64
2021-02-11,100.87
2021-02-10,100.99
2021-02-09,100.9
2021-02-08,100.86
2021-02-05,100.75
2021-02-04,100.88
2021-02-03,100.92
2021-02-02,101.05
2021-02-01,101.2
2021-01-29,101.1
2021-01-28,101.21
2021-01-27,101.28
2021-01-26,101.27
2021-01-25,101.31
2021-01-22,101.05
2021-01-21,101.05
2021-01-20,101.19
2021-01-19,101.19
2021-01-15,101.05
2021-01-14,100.94
2021-01-13,101.14
2021-01-12,100.82
2021-01-11,100.74
2021-01-08,100.9
2021-01-07,101.02
2021-01-06,101.13
2021-01-05,101.63
2021-01-04,101.73
2020-12-31,101.86
2020-12-30,101.78
2020-12-29,101.72
2020-12-28,101.7
2020-12-24,101.69
2020-12-23,101.59
2020-12-22,101.66
2020-12-21,101.51
2020-12-18,101.51
2020-12-17,101.57
2020-12-16,101.57
2020-12-15,101.61
2020-12-14,101.55
2020-12-11,101.61
2020-12-10,101.5
2020-12-09,101.25
2020-12-08,101.4
2020-12-07,101.39
2020-12-04,101.23
2020-12-03,101.51
2020-12-02,101.34
2020-12-01,101.45
2020-11-30,101.77
2020-11-27,101.63
2020-11-25,101.46
2020-11-24,101.5
2020-11-23,101.63
2020-11-20,101.66
2020-11-19,101.56
2020-11-18,101.37
2020-11-17,101.3
2020-11-16,101.09
2020-11-13,101.1
2020-11-12,101.08
2020-11-11,100.66
2020-11-10,100.6
2020-11-09,100.76
2020-11-06,101.24
2020-11-05,101.46
2020-11-04,101.37
2020-11-03,100.7
2020-11-02,100.74
2020-10-30,100.56
2020-10-29,100.83
2020-10-28,101.01
2020-10-27,101.16
2020-10-26,100.93
2020-10-23,100.79
2020-10-22,100.65
2020-10-21,100.83
2020-10-20,100.95
2020-10-19,101.03
2020-10-16,101.15
2020-10-15,101.2
2020-10-14,101.29
2020-10-13,101.23
2020-10-12,101.2
2020-10-09,101.01
2020-10-08,100.98
2020-10-07,100.85
2020-10-06,100.92
2020-10-05,100.83
2020-10-02,101.16
2020-10-01,101.26
2020-09-30,101.12
2020-09-29,101.28
2020-09-28,101.27
2020-09-25,101.18
2020-09-24,101.15
2020-09-23,101.14
2020-09-22,101.35
2020-09-21,101.27
2020-09-18,101.26
2020-09-17,101.38
2020-09-16,101.35
2020-09-15,101.4
2020-09-14,101.39
2020-09-11,101.39
2020-09-10,101.27
2020-09-09,101.26
2020-09-08,101.27
2020-09-04,101.15
2020-09-03,101.66
2020-09-02,101.63
2020-09-01,101.43
2020-08-31,101.22
2020-08-28,101.0
2020-08-27,100.86
2020-08-26,101.21
2020-08-25,101.23
2020-08-24,101.44
2020-08-21,101.49
2020-08-20,101.38
2020-08-19,101.2
2020-08-18,101.36
2020-08-17,101.21
2020-08-14,101.08
2020-08-13,101.17
2020-08-12,101.55
2020-08-11,101.75
2020-08-10,102.03
2020-08-07,102.13
2020-08-06,102.25
2020-08-05,102.1
2020-08-04,102.3
2020-08-03,102.1
2020-07-31,102.06
2020-07-30,102.02
2020-07-29,101.94
2020-07-28,101.82
2020-07-27,101.75
2020-07-24,101.82
2020-07-23,101.86
2020-07-22,101.74
2020-07-21,101.65
2020-07-20,101.59
2020-07-17,101.48
2020-07-16,101.38
2020-07-15,101.31
2020-07-14,101.3
2020-07-13,101.14
2020-07-10,101.15
2020-07-09,101.27
2020-07-08,101.0
2020-07-07,101.04
2020-07-06,100.88
2020-07-02,100.89
2020-07-01,100.77
2020-06-30,100.72
2020-06-29,100.63
2020-06-26,100.55
2020-06-25,100.43
2020-06-24,100.31
2020-06-23,100.33
2020-06-22,100.34
2020-06-19,100.37
2020-06-18,100.34
2020-06-17,100.23
2020-06-16,100.32
2020-06-15,100.52
2020-06-12,100.18
2020-06-11,100.08
2020-06-10,100.25
2020-06-09,99.84
2020-06-08,99.71
2020-06-05,99.6
2020-06-04,99.54
2020-06-03,99.84
2020-06-02,100.09
2020-06-01,100.0
2020-05-29,100.06
2020-05-28,99.8
2020-05-27,99.86
2020-05-26,99.72
2020-05-22,99.88
2020-05-21,99.83
2020-05-20,99.75
2020-05-19,99.5
2020-05-18,99.39
2020-05-15,99.53
2020-05-14,99.47
2020-05-13,99.17
2020-05-12,99.01
2020-05-11,98.75
2020-05-08,99.05
2020-05-07,99.31
2020-05-06,99.01
2020-05-05,99.41
2020-05-04,99.48
2020-05-01,99.4
2020-04-30,99.39
2020-04-29,99.61
2020-04-28,99.54
2020-04-27,99.15
2020-04-24,99.61
2020-04-23,99.66
2020-04-22,99.42
2020-04-21,99.42
2020-04-20,99.37
2020-04-17,99.52
2020-04-16,99.64
2020-04-15,99.51
2020-04-14,99.1
2020-04-13,99.05
2020-04-09,99.52
2020-04-08,98.29
2020-04-07,98.2
2020-04-06,98.07
2020-04-03,97.59
2020-04-02,97.52
2020-04-01,97.38
2020-03-31,97.71
2020-03-30,97.97
2020-03-27,97.88
2020-03-26,97.46
2020-03-25,97.17
2020-03-24,96.19
2020-03-23,95.4
2020-03-20,93.19
2020-03-19,92.27
2020-03-18,90.26
2020-03-17,93.83
2020-03-16,96.32
2020-03-13,94.74
2020-03-12,93.27
2020-03-11,97.16
2020-03-10,98.57
2020-03-09,99.69
2020-03-06,99.82
2020-03-05,99.09
2020-03-04,98.79
2020-03-03,98.86
2020-03-02,98.19
2020-02-28,98.23
2020-02-27,97.51
2020-02-26,97.49
2020-02-25,97.6
2020-02-24,97.43
2020-02-21,97.11
2020-02-20,96.92
2020-02-19,96.7
2020-02-18,96.73
2020-02-14,96.6
2020-02-13,96.5
2020-02-12,96.43
2020-02-11,96.53
2020-02-10,96.65
2020-02-07,96.54
2020-02-06,96.26
2020-02-05,96.2
2020-02-04,96.35
2020-02-03,96.67
2020-01-31,96.7
2020-01-30,96.41
2020-01-29,96.41
2020-01-28,96.19
2020-01-27,96.27
2020-01-24,95.98
2020-01-23,95.8
2020-01-22,95.67
2020-01-21,95.62
2020-01-17,95.35
2020-01-16,95.46
2020-01-15,95.46
2020-01-14,95.32
2020-01-13,95.23
2020-01-10,95.29
2020-01-09,95.13
2020-01-08,95.03
2020-01-07,95.14
2020-01-06,95.24
2020-01-03,95.32
2020-01-02,95.04
2019-12-31,94.78
2019-12-30,95.0
2019-12-27,95.0
2019-12-26,94.87
2019-12-24,94.79
2019-12-23,94.67
2019-12-20,94.74
2019-12-19,94.72
2019-12-18,94.62
2019-12-17,94.81
2019-12-16,94.8
2019-12-13,94.99
2019-12-12,94.61
2019-12-11,95.02
2019-12-10,94.76
2019-12-09,94.8
2019-12-06,94.75
2019-12-05,94.88
2019-12-04,94.99
2019-12-03,95.15
2019-12-02,94.72
2019-11-29,94.83
2019-11-27,94.95
2019-11-26,95.06
2019-11-25,94.93
2019-11-22,94.84
2019-11-21,94.79
2019-11-20,94.92
2019-11-19,94.7
2019-11-18,94.63
2019-11-15,94.45
2019-11-14,94.5
2019-11-13,94.23
2019-11-12,94.06
2019-11-11,93.96
2019-11-08,93.95
2019-11-07,94.0
2019-11-06,94.44
2019-11-05,94.3
2019-11-04,94.65
2019-11-01,94.89
2019-10-31,94.86
2019-10-30,94.49
2019-10-29,94.22
2019-10-28,94.21
2019-10-25,94.42
2019-10-24,94.55
2019-10-23,94.53
2019-10-22,94.45
2019-10-21,94.31
2019-10-18,94.57
2019-10-17,94.5
2019-10-16,94.53
2019-10-15,94.36
2019-10-14,94.67
2019-10-11,94.51
2019-10-10,94.82
2019-10-09,95.15
2019-10-08,95.2
2019-10-07,95.16
2019-10-04,95.42
2019-10-03,95.27
2019-10-02,94.9
2019-10-01,94.84
2019-09-30,94.66
2019-09-27,94.63
2019-09-26,94.52
2019-09-25,94.36
2019-09-24,94.75
2019-09-23,94.49
2019-09-20,94.45
2019-09-19,94.11
2019-09-18,93.97
2019-09-17,93.87
2019-09-16,93.72
2019-09-13,93.47
2019-09-12,94.03
2019-09-11,94.18
2019-09-10,94.17
2019-09-09,94.68
2019-09-06,95.08
2019-09-05,94.98
2019-09-04,95.39
2019-09-03,95.22
2019-08-30,95.24
2019-08-29,95.16
2019-08-28,95.22
2019-08-27,95.21
2019-08-26,94.91
2019-08-23,94.95
2019-08-22,94.56
2019-08-21,94.81
2019-08-20,94.86
2019-08-19,94.61
2019-08-16,94.86
2019-08-15,94.93
2019-08-14,94.5
2019-08-13,94.21
2019-08-12,94.34
2019-08-09,94.0
2019-08-08,94.12
2019-08-07,94.03
2019-08-06,94.08
2019-08-05,93.83
2019-08-02,93.42
2019-08-01,93.39
2019-07-31,92.66
2019-07-30,92.62
2019-07-29,92.63
2019-07-26,92.58
2019-07-25,92.57
2019-07-24,92.71
2019-07-23,92.58
2019-07-22,92.67
2019-07-19,92.55
2019-07-18,92.66
2019-07-17,92.51
2019-07-16,92.27
2019-07-15,92.37
2019-07-12,92.23
2019-07-11,92.13
2019-07-10,92.48
2019-07-09,92.41
2019-07-08,92.43
2019-07-05,92.48
2019-07-03,92.88
2019-07-02,92.73
2019-07-01,92.56
2019-06-28,92.49
2019-06-27,92.53
2019-06-26,92.27
2019-06-25,92.48
2019-06-24,92.46
2019-06-21,92.3
2019-06-20,92.54
2019-06-19,92.38
2019-06-18,92.07
2019-06-17,91.82
2019-06-14,91.84
2019-06-13,91.87
2019-06-12,91.67
2019-06-11,91.55
2019-06-10,91.57
2019-06-07,91.81
2019-06-06,91.55
2019-06-05,91.57
2019-06-04,91.62
2019-06-03,91.7
2019-05-31,91.48
2019-05-30,91.06
2019-05-29,90.82
2019-05-28,90.79
2019-05-24,90.66
2019-05-23,90.63
2019-05-22,90.36
2019-05-21,90.21
2019-05-20,90.22
2019-05-17,90.34
2019-05-16,90.32
2019-05-15,90.43
2019-05-14,90.27
2019-05-13,90.2
2019-05-10,90.05
2019-05-09,90.03
2019-05-08,89.98
2019-05-07,90.0
2019-05-06,89.89
2019-05-03,89.77
2019-05-02,89.62
2019-05-01,89.82
2019-04-30,89.76
2019-04-29,89.7
2019-04-26,89.86
2019-04-25,89.68
2019-04-24,89.69
2019-04-23,89.48
2019-04-22,89.32
2019-04-18,89.43
2019-04-17,89.31
2019-04-16,89.32
2019-04-15,89.48
2019-04-12,89.5
2019-04-11,89.67
2019-04-10,89.78
2019-04-09,89.6
2019-04-08,89.55
2019-04-05,89.6
2019-04-04,89.53
2019-04-03,89.46
2019-04-02,89.63
2019-04-01,89.53
2019-03-29,89.94
2019-03-28,89.95
2019-03-27,89.94
2019-03-26,89.75
2019-03-25,89.73
2019-03-22,89.57
2019-03-21,89.12
2019-03-20,89.11
2019-03-19,88.74
2019-03-18,88.79
2019-03-15,88.81
2019-03-14,88.59
2019-03-13,88.72
2019-03-12,88.76
2019-03-11,88.6
2019-03-08,88.59
2019-03-07,88.47
2019-03-06,88.23
2019-03-05,88.09
2019-03-04,88.04
2019-03-01,87.93
2019-02-28,88.07
2019-02-27,88.23
2019-02-26,88.42
2019-02-25,88.32
2019-02-22,88.34
2019-02-21,88.12
2019-02-20,88.32
2019-02-19,88.31
2019-02-15,88.26
2019-02-14,88.19
2019-02-13,88.06
2019-02-12,88.22
2019-02-11,88.2
2019-02-08,88.29
2019-02-07,88.1
2019-02-06,88.05
2019-02-05,88.1
2019-02-04,87.91
2019-02-01,87.99
2019-01-31,88.17
2019-01-30,87.91
2019-01-29,87.71
2019-01-28,87.48
2019-01-25,87.53
2019-01-24,87.57
2019-01-23,87.42
2019-01-22,87.33
2019-01-18,87.26
2019-01-17,87.32
2019-01-16,87.39
2019-01-15,87.32
2019-01-14,87.3
2019-01-11,87.42
2019-01-10,87.3
2019-01-09,87.4
2019-01-08,87.32
2019-01-07,87.39
2019-01-04,87.54
2019-01-03,87.8
2019-01-02,87.44
2018-12-31,87.37
2018-12-28,87.15
2018-12-27,86.83
2018-12-26,86.69
2018-12-24,86.86
2018-12-21,86.8
2018-12-20,86.84
2018-12-19,86.92
2018-12-18,86.84
2018-12-17,86.59
2018-12-14,86.44
2018-12-13,86.42
2018-12-12,86.39
2018-12-11,86.46
2018-12-10,86.43
2018-12-07,86.38
2018-12-06,86.26
2018-12-04,86.05
2018-12-03,85.82
2018-11-30,85.68
2018-11-29,85.7
2018-11-28,85.66
2018-11-27,85.5
2018-11-26,85.48
2018-11-23,85.49
2018-11-21,85.52
2018-11-20,85.46
2018-11-19,85.49
2018-11-16,85.5
2018-11-15,85.36
2018-11-14,85.25
2018-11-13,85.25
2018-11-12,85.21
2018-11-09,85.08
2018-11-08,84.97
2018-11-07,85.12
2018-11-06,85.05
2018-11-05,85.04
2018-11-02,84.99
2018-11-01,85.24
2018-10-31,85.23
2018-10-30,85.27
2018-10-29,85.39
2018-10-26,85.48
2018-10-25,85.29
2018-10-24,85.36
2018-10-23,85.14
2018-10-22,85.03
2018-10-19,85.05
2018-10-18,85.12
2018-10-17,85.18
2018-10-16,85.35
2018-10-15,85.3
2018-10-12,85.36
2018-10-11,85.34
2018-10-10,85.08
2018-10-09,85.11
2018-10-08,84.99
2018-10-05,85.02
2018-10-04,85.21
2018-10-03,85.45
2018-10-02,85.86
2018-10-01,85.76
2018-09-28,85.78
2018-09-27,85.87
2018-09-26,85.81
2018-09-25,85.61
2018-09-24,85.65
2018-09-21,85.73
2018-09-20,85.67
2018-09-19,85.55
2018-09-18,85.72
2018-09-17,85.9
2018-09-14,85.9
2018-09-13,86.06
2018-09-12,86.01
2018-09-11,85.95
2018-09-10,86.1
2018-09-07,86.02
2018-09-06,86.33
2018-09-05,86.18
2018-09-04,86.22
2018-08-31,86.31
2018-08-30,86.32
2018-08-29,86.28
2018-08-28,86.29
2018-08-27,86.46
2018-08-24,86.57
2018-08-23,86.47
2018-08-22,86.52
2018-08-21,86.45
2018-08-20,86.52
2018-08-17,86.35
2018-08-16,86.3
2018-08-15,86.25
2018-08-14,86.13
2018-08-13,86.21
2018-08-10,86.16
2018-08-09,85.98
2018-08-08,85.86
2018-08-07,85.86
2018-08-06,86.01
2018-08-03,85.95
2018-08-02,85.77
2018-08-01,85.73
2018-07-31,85.82
2018-07-30,85.75
2018-07-27,85.84
2018-07-26,85.77
2018-07-25,85.82
2018-07-24,85.81
2018-07-23,85.69
2018-07-20,85.99
2018-07-19,86.16
2018-07-18,86.03
2018-07-17,86.05
2018-07-16,86.09
2018-07-13,86.18
2018-07-12,86.1
2018-07-11,86.0
2018-07-10,85.97
2018-07-09,86.03
2018-07-06,86.11
2018-07-05,86.02
2018-07-03,85.94
2018-07-02,85.76
2018-06-29,85.84
2018-06-28,85.77
2018-06-27,85.77
2018-06-26,85.62
2018-06-25,85.48
2018-06-22,85.53
2018-06-21,85.45
2018-06-20,85.43
2018-06-19,85.59
2018-06-18,85.5
2018-06-15,85.48
2018-06-14,85.45
2018-06-13,85.23
2018-06-12,85.31
2018-06-11,85.29
2018-06-08,85.38
2018-06-07,85.5
2018-06-06,85.31
2018-06-05,85.51
2018-06-04,85.44
2018-06-01,85.65
2018-05-31,85.75
2018-05-30,85.82
2018-05-29,86.04
2018-05-25,85.48
2018-05-24,85.29
2018-05-23,85.06
2018-05-22,84.82
2018-05-21,84.82
2018-05-18,84.82
2018-05-17,84.6
2018-05-16,84.71
2018-05-15,84.81
2018-05-14,85.19
2018-05-11,85.27
2018-05-10,85.23
2018-05-09,85.03
2018-05-08,85.13
2018-05-07,85.23
2018-05-04,85.27
2018-05-03,85.21
2018-05-02,85.11
2018-05-01,85.11
2018-04-30,85.19
2018-04-27,85.17
2018-04-26,85.07
2018-04-25,84.92
2018-04-24,85.04
2018-04-23,85.15
2018-04-20,85.19
2018-04-19,85.42
2018-04-18,85.63
2018-04-17,85.87
2018-04-16,85.85
2018-04-13,85.83
2018-04-12,85.81
2018-04-11,86.0
2018-04-10,85.93
2018-04-09,85.99
2018-04-06,85.92
2018-04-05,85.73
2018-04-04,85.85
2018-04-03,85.82
2018-04-02,85.91
2018-03-29,86.0
2018-03-28,85.75
2018-03-27,85.7
2018-03-26,85.45
2018-03-23,85.49
2018-03-22,85.49
2018-03-21,85.33
2018-03-20,85.33
2018-03-19,85.47
2018-03-16,85.56
2018-03-15,85.61
2018-03-14,85.6
2018-03-13,85.45
2018-03-12,85.34
2018-03-09,85.29
2018-03-08,85.45
2018-03-07,85.32
2018-03-06,85.33
2018-03-05,85.32
2018-03-02,85.37
2018-03-01,85.5
2018-02-28,85.43
2018-02-27,85.2
2018-02-26,85.38
2018-02-23,85.32
2018-02-22,85.1
2018-02-21,85.09
2018-02-20,85.37
2018-02-16,85.45
2018-02-15,85.29
2018-02-14,85.18
2018-02-13,85.47
2018-02-12,85.45
2018-02-09,85.42
2018-02-08,85.53
2018-02-07,85.68
2018-02-06,85.87
2018-02-05,86.12
2018-02-02,85.77
2018-02-01,86.03
2018-01-31,86.3
2018-01-30,86.23
2018-01-29,86.36
2018-01-26,86.52
2018-01-25,86.67
2018-01-24,86.45
2018-01-23,86.54
2018-01-22,86.33
2018-01-19,86.36
2018-01-18,86.55
2018-01-17,86.74
2018-01-16,86.83
2018-01-12,86.81
2018-01-11,86.83
2018-01-10,86.79
2018-01-09,86.79
2018-01-08,87.03
2018-01-05,87.05
2018-01-04,87.11
2018-01-03,87.16
2018-01-02,87.15
2017-12-29,87.28
2017-12-28,87.19
2017-12-27,87.26
2017-12-26,86.99
2017-12-22,86.91
2017-12-21,86.87
2017-12-20,86.8
2017-12-19,87.0
2017-12-18,87.26
2017-12-15,87.37
2017-12-14,87.34
2017-12-13,87.32
2017-12-12,87.07
2017-12-11,87.11
2017-12-08,87.14
2017-12-07,87.18
2017-12-06,87.29
2017-12-05,87.2
2017-12-04,87.11
2017-12-01,87.12
2017-11-30,86.87
2017-11-29,87.01
2017-11-28,87.23
2017-11-27,87.23
2017-11-24,87.23
2017-11-22,87.24
2017-11-21,87.09
2017-11-20,87.01
2017-11-17,87.05
2017-11-16,86.96
2017-11-15,87.05
2017-11-14,86.89
2017-11-13,86.8
2017-11-10,86.8
2017-11-09,87.15
2017-11-08,87.21
2017-11-07,87.27
2017-11-06,87.24
2017-11-03,87.16
2017-11-02,87.09
2017-11-01,87.04
2017-10-31,87.0
2017-10-30,87.06
2017-10-27,86.82
2017-10-26,86.63
2017-10-25,86.72
2017-10-24,86.78
2017-10-23,86.96
2017-10-20,86.87
2017-10-19,87.12
2017-10-18,87.06
2017-10-17,87.19
2017-10-16,87.22
2017-10-13,87.31
2017-10-12,87.1
2017-10-11,86.99
2017-10-10,86.98
2017-10-09,86.97
2017-10-06,86.85
2017-10-05,86.98
2017-10-04,87.02
2017-10-03,87.04
2017-10-02,86.97
2017-09-29,86.91
2017-09-28,86.98
2017-09-27,86.97
2017-09-26,87.23
2017-09-25,87.26
2017-09-22,87.05
2017-09-21,86.99
2017-09-20,87.01
2017-09-19,87.08
2017-09-18,87.12
2017-09-15,87.16
2017-09-14,87.18
2017-09-13,87.13
2017-09-12,87.22
2017-09-11,87.35
2017-09-08,87.58
2017-09-07,87.69
2017-09-06,87.47
2017-09-05,87.57
2017-09-01,87.21
2017-08-31,87.41
2017-08-30,87.29
2017-08-29,87.31
2017-08-28,87.18
2017-08-25,87.15
2017-08-24,87.09
2017-08-23,87.2
2017-08-22,87.0
2017-08-21,87.08
2017-08-18,87.01
2017-08-17,87.07
2017-08-16,86.94
2017-08-15,86.78
2017-08-14,86.91
2017-08-11,86.95
2017-08-10,86.88
2017-08-09,86.79
2017-08-08,86.71
2017-08-07,86.79
2017-08-04,86.8
2017-08-03,86.94
2017-08-02,86.77
2017-08-01,86.83
2017-07-31,86.78
2017-07-28,86.63
2017-07-27,86.46
2017-07-26,86.58
2017-07-25,86.42
2017-07-24,86.72
2017-07-21,86.8
2017-07-20,86.65
2017-07-19,86.63
2017-07-18,86.61
2017-07-17,86.41
2017-07-14,86.37
2017-07-13,86.28
2017-07-12,86.38
2017-07-11,86.12
2017-07-10,86.04
2017-07-07,86.0
2017-07-06,86.03
2017-07-05,86.2
2017-07-03,86.15
2017-06-30,86.48
2017-06-29,86.59
2017-06-28,86.76
2017-06-27,86.72
2017-06-26,86.99
2017-06-23,86.91
2017-06-22,86.89
2017-06-21,86.85
2017-06-20,86.84
2017-06-19,86.7
2017-06-16,86.82
2017-06-15,86.76
2017-06-14,86.82
2017-06-13,86.54
2017-06-12,86.52
2017-06-09,86.52
2017-06-08,86.59
2017-06-07,86.68
2017-06-06,86.78
2017-06-05,86.61
2017-06-02,86.74
2017-06-01,86.46
2017-05-31,86.68
2017-05-30,86.41
2017-05-26,86.24
2017-05-25,86.28
2017-05-24,86.24
2017-05-23,86.09
2017-05-22,86.25
2017-05-19,86.31
2017-05-18,86.31
2017-05-17,86.35
2017-05-16,85.91
2017-05-15,85.8
2017-05-12,85.83
2017-05-11,85.52
2017-05-10,85.53
2017-05-09,85.5
2017-05-08,85.5
2017-05-05,85.66
2017-05-04,85.65
2017-05-03,85.72
2017-05-02,85.8
2017-05-01,85.68
2017-04-28,86.09
2017-04-27,85.94
2017-04-26,85.87
2017-04-25,85.76
2017-04-24,86.04
2017-04-21,86.17
2017-04-20,86.14
2017-04-19,86.28
2017-04-18,86.41
2017-04-17,86.06
2017-04-13,86.11
2017-04-12,86.0
2017-04-11,85.81
2017-04-10,85.57
2017-04-07,85.46
2017-04-06,85.65
2017-04-05,85.65
2017-04-04,85.56
2017-04-03,85.64
2017-03-31,85.5
2017-03-30,85.43
2017-03-29,85.59
2017-03-28,85.4
2017-03-27,85.6
2017-03-24,85.39
2017-03-23,85.46
2017-03-22,85.44
2017-03-21,85.32
2017-03-20,85.15
2017-03-17,85.02
2017-03-16,84.84
2017-03-15,84.94
2017-03-14,84.45
2017-03-13,84.42
2017-03-10,84.56
2017-03-09,84.43
2017-03-08,84.69
2017-03-07,84.9
2017-03-06,85.01
2017-03-03,85.05
2017-03-02,84.98
2017-03-01,85.14
2017-02-28,85.72
2017-02-27,85.57
2017-02-24,85.73
2017-02-23,85.41
2017-02-22,85.27
2017-02-21,85.22
2017-02-17,85.22
2017-02-16,85.04
2017-02-15,84.85
2017-02-14,84.99
2017-02-13,85.18
2017-02-10,85.3
2017-02-09,85.32
2017-02-08,85.52
2017-02-07,85.28
2017-02-06,85.19
2017-02-03,84.95
2017-02-02,84.93
2017-02-01,84.88
2017-01-31,85.17
2017-01-30,84.79
2017-01-27,84.83
2017-01-26,84.76
2017-01-25,84.7
2017-01-24,84.93
2017-01-23,85.06
2017-01-20,84.83
2017-01-19,84.8
2017-01-18,85.02
2017-01-17,85.39
2017-01-13,85.1
2017-01-12,85.24
2017-01-11,85.21
2017-01-10,85.11
2017-01-09,85.13
2017-01-06,84.99
2017-01-05,85.28
2017-01-04,84.92
2017-01-03,84.9
2016-12-30,84.81
2016-12-29,84.64
2016-12-28,84.38
2016-12-27,84.25
2016-12-23,84.31
2016-12-22,84.29
2016-12-21,84.48
2016-12-20,84.3
2016-12-19,84.38
2016-12-16,84.16
2016-12-15,84.11
2016-12-14,84.21
2016-12-13,84.67
2016-12-12,84.56
2016-12-09,84.64
2016-12-08,84.9
2016-12-07,85.06
2016-12-06,84.84
2016-12-05,84.85
2016-12-02,84.78
2016-12-01,84.51
2016-11-30,84.95
2016-11-29,85.29
2016-11-28,85.2
2016-11-25,84.9
2016-11-23,84.91
2016-11-22,85.21
2016-11-21,85.13
2016-11-18,85.06
2016-11-17,85.33
2016-11-16,85.65
2016-11-15,85.46
2016-11-14,85.4
2016-11-11,85.75
2016-11-10,85.9
2016-11-09,86.26
2016-11-08,87.07
2016-11-07,87.21
2016-11-04,87.31
2016-11-03,87.13
2016-11-02,87.25
2016-11-01,87.14
2016-10-31,87.36
2016-10-28,87.25
2016-10-27,87.25
2016-10-26,87.47
2016-10-25,87.64
2016-10-24,87.64
2016-10-21,87.77
2016-10-20,87.72
2016-10-19,87.75
2016-10-18,87.7
2016-10-17,87.56
2016-10-14,87.41
2016-10-13,87.56
2016-10-12,87.43
2016-10-11,87.4
2016-10-10,87.54
2016-10-07,87.58
2016-10-06,87.56
2016-10-05,87.56
2016-10-04,87.68
2016-10-03,87.98
2016-09-30,88.24
2016-09-29,88.33
2016-09-28,88.33
2016-09-27,88.31
2016-09-26,88.2
2016-09-23,88.09
2016-09-22,88.11
2016-09-21,87.93
2016-09-20,87.71
2016-09-19,87.68
2016-09-16,87.75
2016-09-15,87.69
2016-09-14,87.63
2016-09-13,87.52
2016-09-12,87.76
2016-09-09,87.69
2016-09-08,88.08
2016-09-07,88.38
2016-09-06,88.34
2016-09-02,88.15
2016-09-01,88.27
2016-08-31,88.35
2016-08-30,88.37
2016-08-29,88.42
2016-08-26,88.17
2016-08-25,88.31
2016-08-24,88.41
2016-08-23,88.44
2016-08-22,88.42
2016-08-19,88.28
2016-08-18,88.48
2016-08-17,88.35
2016-08-16,88.19
2016-08-15,88.24
2016-08-12,88.4
2016-08-11,88.19
2016-08-10,88.42
2016-08-09,88.32
2016-08-08,88.09
2016-08-05,88.04
2016-08-04,88.34
2016-08-03,88.17
2016-08-02,88.08
2016-08-01,88.34
2016-07-29,88.71
2016-07-28,88.47
2016-07-27,88.48
2016-07-26,88.22
2016-07-25,88.22
2016-07-22,88.32
2016-07-21,88.31
2016-07-20,88.23
2016-07-19,88.31
2016-07-18,88.16
2016-07-15,88.11
2016-07-14,88.43
2016-07-13,88.51
2016-07-12,88.38
2016-07-11,88.65
2016-07-08,88.89
2016-07-07,88.75
2016-07-06,88.82
2016-07-05,88.65
2016-07-01,88.42
2016-06-30,88.39
2016-06-29,88.21
2016-06-28,88.27
2016-06-27,88.16
2016-06-24,87.8
2016-06-23,87.34
2016-06-22,87.49
2016-06-21,87.43
2016-06-20,87.5
2016-06-17,87.74
2016-06-16,87.8
2016-06-15,87.75
2016-06-14,87.56
2016-06-13,87.6
2016-06-10,87.53
2016-06-09,87.41
2016-06-08,87.35
2016-06-07,87.32
2016-06-06,87.24
2016-06-03,87.36
2016-06-02,86.89
2016-06-01,86.67
2016-05-31,86.89
2016-05-27,86.83
2016-05-26,86.85
2016-05-25,86.71
2016-05-24,86.7
2016-05-23,86.74
2016-05-20,86.76
2016-05-19,86.7
2016-05-18,86.65
2016-05-17,87.01
2016-05-16,87.13
2016-05-13,87.28
2016-05-12,87.11
2016-05-11,87.19
2016-05-10,87.19
2016-05-09,87.15
2016-05-06,87.1
2016-05-05,87.23
2016-05-04,87.01
2016-05-03,86.97
2016-05-02,86.81
2016-04-29,87.03
2016-04-28,87.04
2016-04-27,86.87
2016-04-26,86.61
2016-04-25,86.65
2016-04-22,86.74
2016-04-21,86.74
2016-04-20,86.85
2016-04-19,87.07
2016-04-18,87.07
2016-04-15,87.08
2016-04-14,86.84
2016-04-13,86.99
2016-04-12,86.95
2016-04-11,87.09
2016-04-08,87.03
2016-04-07,87.11
2016-04-06,86.92
2016-04-05,86.94
2016-04-04,86.82
2016-04-01,86.74
2016-03-31,86.99
2016-03-30,86.71
2016-03-29,86.74
2016-03-28,86.48
2016-03-24,86.42
2016-03-23,86.41
2016-03-22,86.23
2016-03-21,86.28
2016-03-18,86.47
2016-03-17,86.4
2016-03-16,86.22
2016-03-15,85.85
2016-03-14,85.93
2016-03-11,85.88
2016-03-10,86.04
2016-03-09,86.0
2016-03-08,86.04
2016-03-07,85.83
2016-03-04,85.85
2016-03-03,85.98
2016-03-02,85.88
2016-03-01,85.97
2016-02-29,86.41
2016-02-26,86.3
2016-02-25,86.46
2016-02-24,86.24
2016-02-23,86.21
2016-02-22,86.19
2016-02-19,86.17
2016-02-18,86.16
2016-02-17,85.9
2016-02-16,85.94
2016-02-12,86.16
2016-02-11,86.39
2016-02-10,86.34
2016-02-09,86.12
2016-02-08,86.13
2016-02-05,85.8
2016-02-04,85.88
2016-02-03,85.79
2016-02-02,85.8
2016-02-01,85.54
2016-01-29,85.83
2016-01-28,85.57
2016-01-27,85.5
2016-01-26,85.49
2016-01-25,85.38
2016-01-22,85.43
2016-01-21,85.36
2016-01-20,85.48
2016-01-19,85.41
2016-01-15,85.5
2016-01-14,85.39
2016-01-13,85.43
2016-01-12,85.23
2016-01-11,85.04
2016-01-08,85.28
2016-01-07,85.1
2016-01-06,85.1
2016-01-05,84.78
2016-01-04,84.74
2015-12-31,84.77
2015-12-30,84.55
2015-12-29,84.56
2015-12-28,84.77
2015-12-24,84.77
2015-12-23,84.91
2015-12-22,84.92
2015-12-21,84.99
2015-12-18,85.06
2015-12-17,84.88
2015-12-16,84.77
2015-12-15,84.92
2015-12-14,84.91
2015-12-11,85.31
2015-12-10,85.1
2015-12-09,85.11
2015-12-08,85.11
2015-12-07,85.08
2015-12-04,84.95
2015-12-03,84.68
2015-12-02,85.31
2015-12-01,85.41
2015-11-30,85.4
2015-11-27,85.37
2015-11-25,85.39
2015-11-24,85.35
2015-11-23,85.28
2015-11-20,85.25
2015-11-19,85.31
2015-11-18,85.27
2015-11-17,85.33
2015-11-16,85.27
2015-11-13,85.2
2015-11-12,85.03
2015-11-11,84.95
2015-11-10,85.06
2015-11-09,84.91
2015-11-06,84.96
2015-11-05,85.37
2015-11-04,85.41
2015-11-03,85.41
2015-11-02,85.57
2015-10-30,85.9
2015-10-29,85.68
2015-10-28,86.05
2015-10-27,86.3
2015-10-26,86.18
2015-10-23,86.14
2015-10-22,86.29
2015-10-21,86.27
2015-10-20,86.07
2015-10-19,86.24
2015-10-16,86.16
2015-10-15,86.24
2015-10-14,86.36
2015-10-13,86.04
2015-10-12,86.03
2015-10-09,85.81
2015-10-08,85.88
2015-10-07,86.0
2015-10-06,86.06
2015-10-05,85.85
2015-10-02,86.17
2015-10-01,85.91
2015-09-30,86.01
2015-09-29,85.97
2015-09-28,85.84
2015-09-25,85.64
2015-09-24,85.79
2015-09-23,85.68
2015-09-22,85.75
2015-09-21,85.54
2015-09-18,85.77
2015-09-17,85.7
2015-09-16,85.17
2015-09-15,85.24
2015-09-14,85.62
2015-09-11,85.6
2015-09-10,85.5
2015-09-09,85.59
2015-09-08,85.56
2015-09-04,85.76
2015-09-03,85.58
2015-09-02,85.46
2015-09-01,85.57
2015-08-31,85.49
2015-08-28,85.55
2015-08-27,85.63
2015-08-26,85.51
2015-08-25,85.91
2015-08-24,86.12
2015-08-21,86.15
2015-08-20,86.0
2015-08-19,85.86
2015-08-18,85.6
2015-08-17,85.75
2015-08-14,85.61
2015-08-13,85.65
2015-08-12,85.83
2015-08-11,85.88
2015-08-10,85.6
2015-08-07,85.71
2015-08-06,85.56
2015-08-05,85.46
2015-08-04,85.61
2015-08-03,85.86
2015-07-31,85.94
2015-07-30,85.61
2015-07-29,85.6
2015-07-28,85.67
2015-07-27,85.75
2015-07-24,85.65
2015-07-23,85.66
2015-07-22,85.42
2015-07-21,85.38
2015-07-20,85.24
2015-07-17,85.39
2015-07-16,85.38
2015-07-15,85.31
2015-07-14,85.08
2015-07-13,84.94
2015-07-10,85.06
2015-07-09,85.43
2015-07-08,85.74
2015-07-07,85.54
2015-07-06,85.42
2015-07-02,85.11
2015-07-01,84.99
2015-06-30,85.38
2015-06-29,85.43
2015-06-26,84.93
2015-06-25,85.13
2015-06-24,85.23
2015-06-23,85.1
2015-06-22,85.29
2015-06-19,85.72
2015-06-18,85.45
2015-06-17,85.47
2015-06-16,85.46
2015-06-15,85.32
2015-06-12,85.22
2015-06-11,85.32
2015-06-10,84.87
2015-06-09,85.08
2015-06-08,85.32
2015-06-05,85.2
2015-06-04,85.57
2015-06-03,85.39
2015-06-02,85.73
2015-06-01,86.07
2015-05-29,86.47
2015-05-28,86.44
2015-05-27,86.47
2015-05-26,86.38
2015-05-22,86.17
2015-05-21,86.27
2015-05-20,86.0
2015-05-19,85.86
2015-05-18,86.16
2015-05-15,86.49
2015-05-14,86.13
2015-05-13,86.0
2015-05-12,86.01
2015-05-11,86.01
2015-05-08,86.56
2015-05-07,86.28
2015-05-06,86.07
2015-05-05,86.36
2015-05-04,86.44
2015-05-01,86.6
2015-04-30,87.01
2015-04-29,87.01
2015-04-28,87.21
2015-04-27,87.54
2015-04-24,87.51
2015-04-23,87.36
2015-04-22,87.23
2015-04-21,87.49
2015-04-20,87.58
2015-04-17,87.65
2015-04-16,87.58
2015-04-15,87.62
2015-04-14,87.51
2015-04-13,87.41
2015-04-10,87.32
2015-04-09,87.32
2015-04-08,87.54
2015-04-07,87.53
2015-04-06,87.51
2015-04-02,87.46
2015-04-01,87.58
2015-03-31,87.46
2015-03-30,87.31
2015-03-27,87.27
2015-03-26,87.14
2015-03-25,87.46
2015-03-24,87.62
2015-03-23,87.39
2015-03-20,87.37
2015-03-19,87.1
2015-03-18,87.41
2015-03-17,86.78
2015-03-16,86.79
2015-03-13,86.6
2015-03-12,86.77
2015-03-11,86.7
2015-03-10,86.52
2015-03-09,86.32
2015-03-06,86.1
2015-03-05,86.67
2015-03-04,86.63
2015-03-03,86.58
2015-03-02,86.69
2015-02-27,87.28
2015-02-26,87.06
2015-02-25,87.37
2015-02-24,87.31
2015-02-23,86.92
2015-02-20,86.77
2015-02-19,86.75
2015-02-18,86.82
2015-02-17,86.58
2015-02-13,86.93
2015-02-12,87.03
2015-02-11,87.02
2015-02-10,87.06
2015-02-09,87.15
2015-02-06,87.17
2015-02-05,87.68
2015-02-04,87.86
2015-02-03,87.72
2015-02-02,88.06
2015-01-30,88.2
2015-01-29,87.89
2015-01-28,87.96
2015-01-27,87.59
2015-01-26,87.64
2015-01-23,87.68
2015-01-22,87.46
2015-01-21,87.51
2015-01-20,87.66
2015-01-16,87.51
2015-01-15,87.85
2015-01-14,87.45
2015-01-13,87.24
2015-01-12,87.21
2015-01-09,87.14
2015-01-08,86.93
2015-01-07,87.07
2015-01-06,87.08
2015-01-05,86.86
2015-01-02,86.67
2014-12-31,86.43
2014-12-30,86.41
2014-12-29,86.31
2014-12-26,86.13
2014-12-24,86.09
2014-12-23,86.29
2014-12-22,86.69
2014-12-19,86.56
2014-12-18,86.41
2014-12-17,86.64
2014-12-16,86.75
2014-12-15,86.54
2014-12-12,86.78
2014-12-11,86.5
2014-12-10,86.53
2014-12-09,86.38
2014-12-08,86.25
2014-12-05,86.04
2014-12-04,86.41
2014-12-03,86.15
2014-12-02,86.23
2014-12-01,86.4
2014-11-28,86.81
2014-11-26,86.55
2014-11-25,86.48
2014-11-24,86.29
2014-11-21,86.26
2014-11-20,86.16
2014-11-19,86.0
2014-11-18,86.2
2014-11-17,86.12
2014-11-14,86.23
2014-11-13,86.15
2014-11-12,86.11
2014-11-11,86.1
2014-11-10,86.06
2014-11-07,86.27
2014-11-06,85.97
2014-11-05,86.12
2014-11-04,86.09
2014-11-03,86.08
2014-10-31,86.4
2014-10-30,86.4
2014-10-29,86.26
2014-10-28,86.45
2014-10-27,86.58
2014-10-24,86.55
2014-10-23,86.52
2014-10-22,86.72
2014-10-21,86.77
2014-10-20,86.85
2014-10-17,86.74
2014-10-16,86.86
2014-10-15,86.93
2014-10-14,86.78
2014-10-13,86.58
2014-10-10,86.33
2014-10-09,86.27
2014-10-08,86.44
2014-10-07,86.19
2014-10-06,85.86
2014-10-03,85.79
2014-10-02,85.83
2014-10-01,85.97
2014-09-30,85.64
2014-09-29,85.69
2014-09-26,85.6
2014-09-25,85.61
2014-09-24,85.44
2014-09-23,85.5
2014-09-22,85.42
2014-09-19,85.3
2014-09-18,85.16
2014-09-17,85.15
2014-09-16,85.24
2014-09-15,85.24
2014-09-12,85.26
2014-09-11,85.43
2014-09-10,85.52
2014-09-09,85.64
2014-09-08,85.75
2014-09-05,85.84
2014-09-04,85.89
2014-09-03,86.0
2014-09-02,85.9
2014-08-29,86.32
2014-08-28,86.35
2014-08-27,86.18
2014-08-26,86.07
2014-08-25,86.06
2014-08-22,85.99
2014-08-21,86.01
2014-08-20,85.86
2014-08-19,85.95
2014-08-18,86.07
2014-08-15,86.25
2014-08-14,86.04
2014-08-13,85.99
2014-08-12,85.82
2014-08-11,85.86
2014-08-08,85.85
2014-08-07,85.82
2014-08-06,85.65
2014-08-05,85.65
2014-08-04,85.65
2014-08-01,85.66
2014-07-31,85.5
2014-07-30,85.61
2014-07-29,85.91
2014-07-28,85.83
2014-07-25,85.81
2014-07-24,85.65
2014-07-23,85.91
2014-07-22,85.9
2014-07-21,85.75
2014-07-18,85.72
2014-07-17,85.82
2014-07-16,85.57
2014-07-15,85.5
2014-07-14,85.61
2014-07-11,85.68
2014-07-10,85.56
2014-07-09,85.52
2014-07-08,85.45
2014-07-07,85.28
2014-07-03,85.25
2014-07-02,85.31
2014-07-01,85.61
2014-06-30,85.86
2014-06-27,85.86
2014-06-26,85.86
2014-06-25,85.69
2014-06-24,85.57
2014-06-23,85.43
2014-06-20,85.5
2014-06-19,85.35
2014-06-18,85.48
2014-06-17,85.25
2014-06-16,85.41
2014-06-13,85.46
2014-06-12,85.48
2014-06-11,85.32
2014-06-10,85.25
2014-06-09,85.38
2014-06-06,85.46
2014-06-05,85.5
2014-06-04,85.39
2014-06-03,85.43
2014-06-02,85.65
2014-05-30,86.08
2014-05-29,86.0
2014-05-28,86.05
2014-05-27,85.81
2014-05-23,85.73
2014-05-22,85.65
2014-05-21,85.68
2014-05-20,85.72
2014-05-19,85.68
2014-05-16,85.71
2014-05-15,85.8
2014-05-14,85.62
2014-05-13,85.38
2014-05-12,85.24
2014-05-09,85.31
2014-05-08,85.39
2014-05-07,85.33
2014-05-06,85.33
2014-05-05,85.27
2014-05-02,85.3
2014-05-01,85.2
2014-04-30,85.23
2014-04-29,85.06
2014-04-28,85.02
2014-04-25,85.07
2014-04-24,85.06
2014-04-23,84.98
2014-04-22,84.89
2014-04-21,84.91
2014-04-17,84.92
2014-04-16,85.19
2014-04-15,85.14
2014-04-14,85.13
2014-04-11,85.1
2014-04-10,85.02
2014-04-09,84.83
2014-04-08,84.82
2014-04-07,84.72
2014-04-04,84.59
2014-04-03,84.33
2014-04-02,84.26
2014-04-01,84.4
2014-03-31,84.7
2014-03-28,84.69
2014-03-27,84.81
2014-03-26,84.75
2014-03-25,84.48
2014-03-24,84.57
2014-03-21,84.44
2014-03-20,84.33
2014-03-19,84.39
2014-03-18,84.77
2014-03-17,84.66
2014-03-14,84.71
2014-03-13,84.75
2014-03-12,84.53
2014-03-11,84.34
2014-03-10,84.35
2014-03-07,84.35
2014-03-06,84.59
2014-03-05,84.77
2014-03-04,84.73
2014-03-03,85.04
2014-02-28,84.98
2014-02-27,85.02
2014-02-26,84.94
2014-02-25,84.76
2014-02-24,84.53
2014-02-21,84.61
2014-02-20,84.53
2014-02-19,84.58
2014-02-18,84.64
2014-02-14,84.59
2014-02-13,84.59
2014-02-12,84.4
2014-02-11,84.55
2014-02-10,84.71
2014-02-07,84.62
2014-02-06,84.49
2014-02-05,84.53
2014-02-04,84.74
2014-02-03,84.95
2014-01-31,84.82
2014-01-30,84.66
2014-01-29,84.65
2014-01-28,84.4
2014-01-27,84.26
2014-01-24,84.44
2014-01-23,84.26
2014-01-22,84.04
2014-01-21,84.22
2014-01-17,84.18
2014-01-16,84.14
2014-01-15,83.94
2014-01-14,84.01
2014-01-13,84.14
2014-01-10,84.06
2014-01-09,83.64
2014-01-08,83.52
2014-01-07,83.77
2014-01-06,83.73
2014-01-03,83.62
2014-01-02,83.59
2013-12-31,83.53
2013-12-30,83.61
2013-12-27,83.53
2013-12-26,83.5
2013-12-24,83.71
2013-12-23,83.83
2013-12-20,83.87
2013-12-19,83.73
2013-12-18,83.87
2013-12-17,83.91
2013-12-16,83.77
2013-12-13,83.71
2013-12-12,83.67
2013-12-11,83.79
2013-12-10,83.93
2013-12-09,83.79
2013-12-06,83.69
2013-12-05,83.55
2013-12-04,83.73
2013-12-03,83.95
2013-12-02,83.85
2013-11-29,84.33
2013-11-27,84.3
2013-11-26,84.26
2013-11-25,84.23
2013-11-22,84.17
2013-11-21,84.05
2013-11-20,83.97
2013-11-19,84.2
2013-11-18,84.43
2013-11-15,84.26
2013-11-14,84.24
2013-11-13,83.98
2013-11-12,83.76
2013-11-11,83.79
2013-11-08,83.84
2013-11-07,84.37
2013-11-06,84.3
2013-11-05,84.17
2013-11-04,84.42
2013-11-01,84.33
2013-10-31,84.69
2013-10-30,84.68
2013-10-29,84.84
2013-10-28,84.73
2013-10-25,84.77
2013-10-24,84.74
2013-10-23,84.77
2013-10-22,84.8
2013-10-21,84.5
2013-10-18,84.58
2013-10-17,84.44
2013-10-16,84.2
2013-10-15,83.84
2013-10-14,83.88
2013-10-11,84.04
2013-10-10,84.0
2013-10-09,83.91
2013-10-08,83.97
2013-10-07,84.01
2013-10-04,84.03
2013-10-03,84.1
2013-10-02,84.04
2013-10-01,83.93
2013-09-30,84.14
2013-09-27,84.21
2013-09-26,84.16
2013-09-25,84.18
2013-09-24,84.06
2013-09-23,83.86
2013-09-20,83.8
2013-09-19,83.8
2013-09-18,83.9
2013-09-17,83.2
2013-09-16,83.13
2013-09-13,82.95
2013-09-12,82.84
2013-09-11,82.93
2013-09-10,82.65
2013-09-09,82.8
2013-09-06,82.63
2013-09-05,82.33
2013-09-04,82.88
2013-09-03,83.0
2013-08-30,83.36
2013-08-29,83.49
2013-08-28,83.33
2013-08-27,83.49
2013-08-26,83.27
2013-08-23,83.12
2013-08-22,82.84
2013-08-21,82.74
2013-08-20,83.05
2013-08-19,82.8
2013-08-16,83.06
2013-08-15,83.3
2013-08-14,83.6
2013-08-13,83.71
2013-08-12,84.04
2013-08-09,84.1
2013-08-08,84.04
2013-08-07,83.93
2013-08-06,83.82
2013-08-05,83.9
2013-08-02,83.86
2013-08-01,83.58
2013-07-31,84.22
2013-07-30,84.15
2013-07-29,84.19
2013-07-26,84.19
2013-07-25,84.21
2013-07-24,84.18
2013-07-23,84.45
2013-07-22,84.5
2013-07-19,84.39
2013-07-18,84.17
2013-07-17,84.33
2013-07-16,84.15
2013-07-15,84.01
2013-07-12,83.83
2013-07-11,83.93
2013-07-10,83.37
2013-07-09,83.59
2013-07-08,83.5
2013-07-05,83.07
2013-07-03,83.99
2013-07-02,84.11
2013-07-01,84.11
2013-06-28,84.15
2013-06-27,84.14
2013-06-26,83.78
2013-06-25,83.43
2013-06-24,83.34
2013-06-21,83.67
2013-06-20,84.15
2013-06-19,84.71
2013-06-18,85.28
2013-06-17,85.32
2013-06-14,85.38
2013-06-13,85.35
2013-06-12,84.94
2013-06-11,85.08
2013-06-10,85.07
2013-06-07,85.24
2013-06-06,85.51
2013-06-05,85.29
2013-06-04,85.34
2013-06-03,85.53
2013-05-31,85.64
2013-05-30,85.8
2013-05-29,85.83
2013-05-28,85.71
2013-05-24,86.24
2013-05-23,86.24
2013-05-22,86.27
2013-05-21,86.56
2013-05-20,86.49
2013-05-17,86.58
2013-05-16,86.79
2013-05-15,86.56
2013-05-14,86.43
2013-05-13,86.63
2013-05-10,86.71
2013-05-09,86.89
2013-05-08,87.0
2013-05-07,86.92
2013-05-06,86.97
2013-05-03,87.11
2013-05-02,87.43
2013-05-01,87.43
2013-04-30,87.54
2013-04-29,87.56
2013-04-26,87.51
2013-04-25,87.32
2013-04-24,87.36
2013-04-23,87.38
2013-04-22,87.42
2013-04-19,87.31
2013-04-18,87.3
2013-04-17,87.32
2013-04-16,87.32
2013-04-15,87.32
2013-04-12,87.28
2013-04-11,86.99
2013-04-10,86.98
2013-04-09,87.16
2013-04-08,87.13
2013-04-05,87.28
2013-04-04,87.03
2013-04-03,86.78
2013-04-02,86.69
2013-04-01,86.78
2013-03-28,86.91
2013-03-27,86.91
2013-03-26,86.73
2013-03-25,86.63
2013-03-22,86.66
2013-03-21,86.63
2013-03-20,86.61
2013-03-19,86.7
2013-03-18,86.58
2013-03-15,86.5
2013-03-14,86.42
2013-03-13,86.33
2013-03-12,86.4
2013-03-11,86.24
2013-03-08,86.19
2013-03-07,86.45
2013-03-06,86.63
2013-03-05,86.72
2013-03-04,86.79
2013-03-01,86.85
2013-02-28,86.99
2013-02-27,86.91
2013-02-26,86.89
2013-02-25,86.91
2013-02-22,86.58
2013-02-21,86.53
2013-02-20,86.48
2013-02-19,86.43
2013-02-15,86.53
2013-02-14,86.52
2013-02-13,86.37
2013-02-12,86.45
2013-02-11,86.47
2013-02-08,86.56
2013-02-07,86.53
2013-02-06,86.5
2013-02-05,86.35
2013-02-04,86.53
2013-02-01,86.29
2013-01-31,86.64
2013-01-30,86.56
2013-01-29,86.6
2013-01-28,86.66
2013-01-25,86.78
2013-01-24,86.99
2013-01-23,87.11
2013-01-22,87.02
2013-01-18,87.07
2013-01-17,86.96
2013-01-16,87.15
2013-01-15,87.1
2013-01-14,87.08
2013-01-11,87.0
2013-01-10,86.92
2013-01-09,86.92
2013-01-08,86.99
2013-01-07,86.91
2013-01-04,86.96
2013-01-03,86.86
2013-01-02,87.08
2012-12-31,87.18
2012-12-28,87.34
2012-12-27,87.21
2012-12-26,87.16
2012-12-24,87.22
2012-12-21,87.21
2012-12-20,87.14
2012-12-19,87.13
2012-12-18,86.98
2012-12-17,87.18
2012-12-14,87.4
2012-12-13,87.24
2012-12-12,87.38
2012-12-11,87.62
2012-12-10,87.65
2012-12-07,87.64
2012-12-06,87.72
2012-12-05,87.72
2012-12-04,87.65
2012-12-03,87.59
2012-11-30,88.1
2012-11-29,88.15
2012-11-28,88.04
2012-11-27,88.02
2012-11-26,87.91
2012-11-23,87.87
2012-11-21,87.82
2012-11-20,87.97
2012-11-19,88.13
2012-11-16,88.07
2012-11-15,88.04
2012-11-14,88.13
2012-11-13,88.1
2012-11-12,87.94
2012-11-09,87.97
2012-11-08,88.02
2012-11-07,87.91
2012-11-06,87.7
2012-11-05,87.95
2012-11-02,87.8
2012-11-01,87.75
2012-10-31,88.05
2012-10-26,87.93
2012-10-25,87.69
2012-10-24,87.88
2012-10-23,87.94
2012-10-22,87.75
2012-10-19,87.87
2012-10-18,87.76
2012-10-17,87.79
2012-10-16,88.06
2012-10-15,88.2
2012-10-12,88.16
2012-10-11,88.09
2012-10-10,87.98
2012-10-09,87.83
2012-10-08,87.93
2012-10-05,87.8
2012-10-04,87.98
2012-10-03,88.1
2012-10-02,88.13
2012-10-01,88.06
2012-09-28,88.26
2012-09-27,88.13
2012-09-26,88.19
2012-09-25,88.1
2012-09-24,87.96
2012-09-21,87.87
2012-09-20,87.72
2012-09-19,87.78
2012-09-18,87.61
2012-09-17,87.55
2012-09-14,87.41
2012-09-13,87.77
2012-09-12,87.57
2012-09-11,87.73
2012-09-10,87.83
2012-09-07,87.82
2012-09-06,87.8
2012-09-05,88.01
2012-09-04,88.01
2012-08-31,88.2
2012-08-30,87.92
2012-08-29,87.87
2012-08-28,87.95
2012-08-27,87.88
2012-08-24,87.76
2012-08-23,87.83
2012-08-22,87.76
2012-08-21,87.39
2012-08-20,87.27
2012-08-17,87.3
2012-08-16,87.2
2012-08-15,87.31
2012-08-14,87.59
2012-08-13,87.8
2012-08-10,87.8
2012-08-09,87.66
2012-08-08,87.69
2012-08-07,87.8
2012-08-06,88.03
2012-08-03,87.9
2012-08-02,88.11
2012-08-01,88.09
2012-07-31,88.37
2012-07-30,88.28
2012-07-27,88.13
2012-07-26,88.4
2012-07-25,88.45
2012-07-24,88.42
2012-07-23,88.31
2012-07-20,88.24
2012-07-19,88.11
2012-07-18,88.18
2012-07-17,88.01
2012-07-16,88.04
2012-07-13,87.97
2012-07-12,87.94
2012-07-11,87.78
2012-07-10,87.79
2012-07-09,87.75
2012-07-06,87.58
2012-07-05,87.51
2012-07-03,87.29
2012-07-02,87.35
2012-06-29,87.36
2012-06-28,87.47
2012-06-27,87.37
2012-06-26,87.33
2012-06-25,87.43
2012-06-22,87.15
2012-06-21,87.28
2012-06-20,87.16
2012-06-19,87.29
2012-06-18,87.4
2012-06-15,87.42
2012-06-14,87.21
2012-06-13,87.28
2012-06-12,87.05
2012-06-11,87.12
2012-06-08,87.04
2012-06-07,87.08
2012-06-06,86.95
2012-06-05,87.21
2012-06-04,87.39
2012-06-01,87.59
2012-05-31,87.56
2012-05-30,87.3
2012-05-29,87.01
2012-05-25,87.06
2012-05-24,86.92
2012-05-23,86.99
2012-05-22,86.89
2012-05-21,87.1
2012-05-18,87.12
2012-05-17,87.14
2012-05-16,87.09
2012-05-15,87.1
2012-05-14,87.15
2012-05-11,86.96
2012-05-10,86.89
2012-05-09,86.98
2012-05-08,86.96
2012-05-07,86.89
2012-05-04,86.86
2012-05-03,86.78
2012-05-02,86.68
2012-05-01,86.59
2012-04-30,86.81
2012-04-27,86.84
2012-04-26,86.85
2012-04-25,86.71
2012-04-24,86.67
2012-04-23,86.8
2012-04-20,86.71
2012-04-19,86.7
2012-04-18,86.76
2012-04-17,86.65
2012-04-16,86.63
2012-04-13,86.62
2012-04-12,86.35
2012-04-11,86.44
2012-04-10,86.43
2012-04-09,86.42
2012-04-05,86.05
2012-04-04,85.85
2012-04-03,85.67
2012-04-02,86.04
2012-03-30,86.22
2012-03-29,86.35
2012-03-28,86.12
2012-03-27,86.13
2012-03-26,86.04
2012-03-23,86.1
2012-03-22,85.9
2012-03-21,85.83
2012-03-20,85.62
2012-03-19,85.5
2012-03-16,85.77
2012-03-15,85.76
2012-03-14,85.8
2012-03-13,86.27
2012-03-12,86.56
2012-03-09,86.48
2012-03-08,86.5
2012-03-07,86.7
2012-03-06,86.78
2012-03-05,86.6
2012-03-02,86.73
2012-03-01,86.54
2012-02-29,86.93
2012-02-28,87.02
2012-02-27,87.08
2012-02-24,86.81
2012-02-23,86.78
2012-02-22,86.71
2012-02-21,86.47
2012-02-17,86.6
2012-02-16,86.71
2012-02-15,86.73
2012-02-14,86.76
2012-02-13,86.69
2012-02-10,86.66
2012-02-09,86.54
2012-02-08,86.68
2012-02-07,86.75
2012-02-06,86.84
2012-02-03,86.78
2012-02-02,86.81
2012-02-01,86.79
2012-01-31,87.16
2012-01-30,87.01
2012-01-27,86.76
2012-01-26,86.62
2012-01-25,86.45
2012-01-24,86.32
2012-01-23,86.25
2012-01-20,86.32
2012-01-19,86.54
2012-01-18,86.68
2012-01-17,86.79
2012-01-13,86.77
2012-01-12,86.57
2012-01-11,86.64
2012-01-10,86.34
2012-01-09,86.36
2012-01-06,86.43
2012-01-05,86.36
2012-01-04,86.24
2012-01-03,86.36
2011-12-30,86.53
2011-12-29,86.64
2011-12-28,86.44
2011-12-27,86.29
2011-12-23,86.16
2011-12-22,86.26
2011-12-21,86.12
2011-12-20,86.34
2011-12-19,86.46
2011-12-16,86.37
2011-12-15,86.08
2011-12-14,86.27
2011-12-13,86.05
2011-12-12,85.88
2011-12-09,85.86
2011-12-08,85.9
2011-12-07,85.82
2011-12-06,85.66
2011-12-05,85.74
2011-12-02,85.65
2011-12-01,85.43
2011-11-30,85.85
2011-11-29,86.07
2011-11-28,86.04
2011-11-25,86.05
2011-11-23,86.16
2011-11-22,86.08
2011-11-21,86.02
2011-11-18,86.04
2011-11-17,86.05
2011-11-16,86.1
2011-11-15,86.13
2011-11-14,86.24
2011-11-11,86.17
2011-11-10,86.27
2011-11-09,86.44
2011-11-08,86.29
2011-11-07,86.41
2011-11-04,86.34
2011-11-03,86.36
2011-11-02,86.55
2011-11-01,86.55
2011-10-31,86.36
2011-10-28,85.95
2011-10-27,85.61
2011-10-26,85.94
2011-10-25,86.18
2011-10-24,85.74
2011-10-21,85.87
2011-10-20,85.83
2011-10-19,85.87
2011-10-18,85.75
2011-10-17,85.84
2011-10-14,85.5
2011-10-13,85.65
2011-10-12,85.6
2011-10-11,85.76
2011-10-10,85.56
2011-10-07,85.73
2011-10-06,85.9
2011-10-05,86.05
2011-10-04,86.34
2011-10-03,86.6
2011-09-30,86.42
2011-09-29,86.1
2011-09-28,86.13
2011-09-27,86.2
2011-09-26,86.32
2011-09-23,86.52
2011-09-22,86.96
2011-09-21,86.71
2011-09-20,86.57
2011-09-19,86.4
2011-09-16,86.21
2011-09-15,86.08
2011-09-14,86.34
2011-09-13,86.32
2011-09-12,86.29
2011-09-09,86.46
2011-09-08,86.34
2011-09-07,86.32
2011-09-06,86.52
2011-09-02,86.3
2011-09-01,86.04
2011-08-31,85.94
2011-08-30,86.02
2011-08-29,85.75
2011-08-26,85.85
2011-08-25,85.73
2011-08-24,85.56
2011-08-23,86.05
2011-08-22,86.25
2011-08-19,86.36
2011-08-18,86.32
2011-08-17,86.19
2011-08-16,86.05
2011-08-15,85.87
2011-08-12,85.74
2011-08-11,85.36
2011-08-10,86.44
2011-08-09,85.74
2011-08-08,85.24
2011-08-05,85.2
2011-08-04,85.76
2011-08-03,85.31
2011-08-02,85.22
2011-08-01,84.86
2011-07-29,84.89
2011-07-28,84.39
2011-07-27,84.22
2011-07-26,84.37
2011-07-25,84.17
2011-07-22,84.41
2011-07-21,84.23
2011-07-20,84.37
2011-07-19,84.5
2011-07-18,84.32
2011-07-15,84.44
2011-07-14,84.33
2011-07-13,84.54
2011-07-12,84.37
2011-07-11,84.3
2011-07-08,84.08
2011-07-07,83.64
2011-07-06,83.88
2011-07-05,83.83
2011-07-01,83.51
2011-06-30,83.72
2011-06-29,83.74
2011-06-28,83.99
2011-06-27,84.33
2011-06-24,84.48
2011-06-23,84.55
2011-06-22,84.28
2011-06-21,84.33
2011-06-20,84.26
2011-06-17,84.37
2011-06-16,84.29
2011-06-15,84.23
2011-06-14,84.02
2011-06-13,84.25
2011-06-10,84.36
2011-06-09,84.37
2011-06-08,84.49
2011-06-07,84.42
2011-06-06,84.25
2011-06-03,84.23
2011-06-02,84.12
2011-06-01,84.46
2011-05-31,84.34
2011-05-27,84.32
2011-05-26,84.24
2011-05-25,84.06
2011-05-24,84.08
2011-05-23,84.04
2011-05-20,83.97
2011-05-19,83.89
2011-05-18,83.96
2011-05-17,84.09
2011-05-16,84.0
2011-05-13,83.82
2011-05-12,83.68
2011-05-11,83.81
2011-05-10,83.66
2011-05-09,83.81
2011-05-06,83.71
2011-05-05,83.72
2011-05-04,83.53
2011-05-03,83.38
2011-05-02,83.35
2011-04-29,83.56
2011-04-28,83.49
2011-04-27,83.29
2011-04-26,83.36
2011-04-25,83.05
2011-04-21,83.01
2011-04-20,82.95
2011-04-19,83.07
2011-04-18,82.91
2011-04-15,82.76
2011-04-14,82.47
2011-04-13,82.54
2011-04-12,82.46
2011-04-11,82.14
2011-04-08,82.07
2011-04-07,82.22
2011-04-06,82.1
2011-04-05,82.34
2011-04-04,82.51
2011-04-01,82.38
2011-03-31,82.51
2011-03-30,82.61
2011-03-29,82.47
2011-03-28,82.57
2011-03-25,82.61
2011-03-24,82.68
2011-03-23,82.91
2011-03-22,82.95
2011-03-21,82.94
2011-03-18,83.13
2011-03-17,83.16
2011-03-16,83.22
2011-03-15,82.98
2011-03-14,82.95
2011-03-11,82.91
2011-03-10,82.89
2011-03-09,82.6
2011-03-08,82.4
2011-03-07,82.47
2011-03-04,82.43
2011-03-03,82.21
2011-03-02,82.5
2011-03-01,82.63
2011-02-28,82.92
2011-02-25,82.76
2011-02-24,82.54
2011-02-23,82.53
2011-02-22,82.47
2011-02-18,82.17
2011-02-17,82.2
2011-02-16,82.0
2011-02-15,82.0
2011-02-14,81.9
2011-02-11,81.86
2011-02-10,81.54
2011-02-09,81.78
2011-02-08,81.63
2011-02-07,81.86
2011-02-04,81.83
2011-02-03,82.11
2011-02-02,82.41
2011-02-01,82.51
2011-01-31,82.93
2011-01-28,83.09
2011-01-27,82.97
2011-01-26,82.83
2011-01-25,83.1
2011-01-24,82.84
2011-01-21,82.89
2011-01-20,82.63
2011-01-19,82.95
2011-01-18,82.93
2011-01-14,82.98
2011-01-13,83.16
2011-01-12,82.86
2011-01-11,82.87
2011-01-10,83.03
2011-01-07,82.81
2011-01-06,82.54
2011-01-05,82.53
2011-01-04,82.93
2011-01-03,82.91
2010-12-31,83.0
2010-12-30,82.66
2010-12-29,82.73
2010-12-28,82.14
2010-12-27,82.9
2010-12-23,82.66
2010-12-22,82.82
2010-12-21,82.91
2010-12-20,82.76
2010-12-17,82.7
2010-12-16,82.25
2010-12-15,82.1
2010-12-14,82.24
2010-12-13,82.7
2010-12-10,82.65
2010-12-09,82.8
2010-12-08,82.65
2010-12-07,83.05
2010-12-06,83.71
2010-12-03,83.4
2010-12-02,83.24
2010-12-01,83.4
2010-11-30,84.27
2010-11-29,84.33
2010-11-26,84.27
2010-11-24,84.1
2010-11-23,84.51
2010-11-22,84.42
2010-11-19,84.22
2010-11-18,84.12
2010-11-17,84.15
2010-11-16,84.12
2010-11-15,83.92
2010-11-12,84.38
2010-11-11,84.72
2010-11-10,84.73
2010-11-09,84.8
2010-11-08,85.21
2010-11-05,85.25
2010-11-04,85.49
2010-11-03,85.08
2010-11-02,85.1
2010-11-01,84.95
2010-10-29,85.2
2010-10-28,85.02
2010-10-27,84.81
2010-10-26,84.97
2010-10-25,85.17
2010-10-22,85.16
2010-10-21,85.12
2010-10-20,85.25
2010-10-19,85.15
2010-10-18,85.08
2010-10-15,84.78
2010-10-14,84.95
2010-10-13,85.27
2010-10-12,85.28
2010-10-11,85.36
2010-10-08,85.41
2010-10-07,85.24
2010-10-06,85.2
2010-10-05,85.11
2010-10-04,85.11
2010-10-01,84.97
2010-09-30,85.28
2010-09-29,85.31
2010-09-28,85.37
2010-09-27,85.17
2010-09-24,84.88
2010-09-23,85.19
2010-09-22,85.1
2010-09-21,85.07
2010-09-20,84.71
2010-09-17,84.68
2010-09-16,84.57
2010-09-15,84.71
2010-09-14,84.87
2010-09-13,84.56
2010-09-10,84.37
2010-09-09,84.55
2010-09-08,84.96
2010-09-07,85.02
2010-09-03,84.78
2010-09-02,84.98
2010-09-01,85.09
2010-08-31,85.5
2010-08-30,85.44
2010-08-27,84.87
2010-08-26,85.34
2010-08-25,85.23
2010-08-24,85.43
2010-08-23,85.09
2010-08-20,85.0
2010-08-19,85.12
2010-08-18,84.84
2010-08-17,84.94
2010-08-16,85.04
2010-08-13,84.76
2010-08-12,84.56
2010-08-11,84.7
2010-08-10,84.62
2010-08-09,84.48
2010-08-06,84.48
2010-08-05,84.31
2010-08-04,84.21
2010-08-03,84.36
2010-08-02,84.3
2010-07-30,84.65
2010-07-29,84.51
2010-07-28,84.43
2010-07-27,84.27
2010-07-26,84.3
2010-07-23,84.32
2010-07-22,84.47
2010-07-21,84.55
2010-07-20,84.18
2010-07-19,84.24
2010-07-16,84.32
2010-07-15,84.06
2010-07-14,83.94
2010-07-13,83.66
2010-07-12,83.87
2010-07-09,83.78
2010-07-08,83.9
2010-07-07,83.92
2010-07-06,84.03
2010-07-02,83.77
2010-07-01,83.89
2010-06-30,84.18
2010-06-29,84.17
2010-06-28,83.92
2010-06-25,83.76
2010-06-24,83.64
2010-06-23,83.71
2010-06-22,83.5
2010-06-21,83.42
2010-06-18,83.24
2010-06-17,83.37
2010-06-16,83.17
2010-06-15,83.05
2010-06-14,83.05
2010-06-11,82.93
2010-06-10,82.88
2010-06-09,83.13
2010-06-08,83.09
2010-06-07,83.18
2010-06-04,82.94
2010-06-03,82.73
2010-06-02,82.76
2010-06-01,82.85
2010-05-28,82.97
2010-05-27,82.88
2010-05-26,83.08
2010-05-25,83.17
2010-05-24,83.07
2010-05-21,83.12
2010-05-20,82.76
2010-05-19,82.84
2010-05-18,82.8
2010-05-17,82.51
2010-05-14,82.58
2010-05-13,82.28
2010-05-12,82.16
2010-05-11,82.25
2010-05-10,81.94
2010-05-07,81.95
2010-05-06,82.31
2010-05-05,82.19
2010-05-04,82.25
2010-05-03,81.92
2010-04-30,82.33
2010-04-29,81.97
2010-04-28,81.94
2010-04-27,82.07
2010-04-26,81.81
2010-04-23,81.81
2010-04-22,81.92
2010-04-21,82.08
2010-04-20,81.94
2010-04-19,81.81
2010-04-16,81.96
2010-04-15,81.83
2010-04-14,81.68
2010-04-13,81.78
2010-04-12,81.64
2010-04-09,81.45
2010-04-08,81.37
2010-04-07,81.45
2010-04-06,81.1
2010-04-05,81.0
2010-04-01,81.5
2010-03-31,81.78
2010-03-30,81.74
2010-03-29,81.7
2010-03-26,81.8
2010-03-25,81.67
2010-03-24,81.88
2010-03-23,82.29
2010-03-22,82.28
2010-03-19,82.22
2010-03-18,82.28
2010-03-17,82.35
2010-03-16,82.29
2010-03-15,82.14
2010-03-12,82.03
2010-03-11,82.03
2010-03-10,82.03
2010-03-09,82.08
2010-03-08,81.99
2010-03-05,81.93
2010-03-04,82.09
2010-03-03,81.94
2010-03-02,81.94
2010-03-01,81.91
2010-02-26,82.04
2010-02-25,82.03
2010-02-24,81.86
2010-02-23,81.78
2010-02-22,81.49
2010-02-19,81.63
2010-02-18,81.56
2010-02-17,81.6
2010-02-16,81.85
2010-02-12,81.64
2010-02-11,81.63
2010-02-10,81.76
2010-02-09,81.95
2010-02-08,82.1
2010-02-05,81.94
2010-02-04,81.91
2010-02-03,81.71
2010-02-02,81.86
2010-02-01,81.77
2010-01-29,82.14
2010-01-28,81.95
2010-01-27,82.02
2010-01-26,82.08
2010-01-25,81.98
2010-01-22,81.99
2010-01-21,81.94
2010-01-20,81.92
2010-01-19,81.7
2010-01-15,81.84
2010-01-14,81.68
2010-01-13,81.47
2010-01-12,81.81
2010-01-11,81.3
2010-01-08,81.36
2010-01-07,81.31
2010-01-06,81.41
2010-01-05,81.45
2010-01-04,81.08
2009-12-31,80.99
2009-12-30,81.09
2009-12-29,80.89
2009-12-28,81.03
2009-12-24,81.52
2009-12-23,81.67
2009-12-22,81.63
2009-12-21,81.87
2009-12-18,82.22
2009-12-17,82.22
2009-12-16,82.08
2009-12-15,81.93
2009-12-14,82.16
2009-12-11,82.11
2009-12-10,82.31
2009-12-09,82.37
2009-12-08,82.46
2009-12-07,82.35
2009-12-04,82.27
2009-12-03,82.43
2009-12-02,82.43
2009-12-01,82.58
2009-11-30,83.06
2009-11-27,82.92
2009-11-25,82.85
2009-11-24,82.77
2009-11-23,82.53
2009-11-20,82.54
2009-11-19,82.51
2009-11-18,82.43
2009-11-17,82.6
2009-11-16,82.53
2009-11-13,82.33
2009-11-12,82.25
2009-11-11,82.08
2009-11-10,82.05
2009-11-09,82.03
2009-11-06,81.92
2009-11-05,81.85
2009-11-04,81.63
2009-11-03,81.77
2009-11-02,81.88
2009-10-30,82.26
2009-10-29,81.95
2009-10-28,82.11
2009-10-27,82.0
2009-10-26,81.67
2009-10-23,81.89
2009-10-22,82.0
2009-10-21,82.12
2009-10-20,82.18
2009-10-19,81.98
2009-10-16,81.81
2009-10-15,81.82
2009-10-14,81.95
2009-10-13,82.14
2009-10-12,81.94
2009-10-09,81.75
2009-10-08,82.33
2009-10-07,82.38
2009-10-06,82.05
2009-10-05,82.17
2009-10-02,82.11
2009-10-01,82.27
2009-09-30,82.35
2009-09-29,82.2
2009-09-28,82.24
2009-09-25,82.25
2009-09-24,82.0
2009-09-23,81.9
2009-09-22,81.7
2009-09-21,81.75
2009-09-18,81.81
2009-09-17,82.02
2009-09-16,81.63
2009-09-15,81.57
2009-09-14,81.7
2009-09-11,81.81
2009-09-10,81.82
2009-09-09,81.41
2009-09-08,81.25
2009-09-04,81.37
2009-09-03,81.52
2009-09-02,81.67
2009-09-01,81.24
2009-08-31,81.64
2009-08-28,81.3
2009-08-27,81.36
2009-08-26,81.42
2009-08-25,81.3
2009-08-24,81.17
2009-08-21,80.84
2009-08-20,81.31
2009-08-19,81.18
2009-08-18,81.01
2009-08-17,81.28
2009-08-14,80.94
2009-08-13,80.8
2009-08-12,80.6
2009-08-11,80.64
2009-08-10,80.35
2009-08-07,79.73
2009-08-06,80.21
2009-08-05,80.17
2009-08-04,80.25
2009-08-03,80.49
2009-07-31,80.92
2009-07-30,80.51
2009-07-29,80.41
2009-07-28,80.27
2009-07-27,80.12
2009-07-24,80.36
2009-07-23,80.36
2009-07-22,80.57
2009-07-21,80.84
2009-07-20,80.28
2009-07-17,80.19
2009-07-16,80.19
2009-07-15,79.94
2009-07-14,80.46
2009-07-13,80.71
2009-07-10,80.75
2009-07-09,80.47
2009-07-08,80.7
2009-07-07,80.26
2009-07-06,80.0
2009-07-02,80.06
2009-07-01,79.88
2009-06-30,80.17
2009-06-29,80.16
2009-06-26,80.23
2009-06-25,79.99
2009-06-24,79.63
2009-06-23,79.84
2009-06-22,79.58
2009-06-19,79.46
2009-06-18,79.17
2009-06-17,79.69
2009-06-16,79.53
2009-06-15,79.42
2009-06-12,79.12
2009-06-11,78.74
2009-06-10,78.46
2009-06-09,78.68
2009-06-08,78.33
2009-06-05,78.54
2009-06-04,78.95
2009-06-03,79.61
2009-06-02,79.39
2009-06-01,78.85
2009-05-29,80.08
2009-05-28,79.23
2009-05-27,79.2
2009-05-26,79.64
2009-05-22,79.82
2009-05-21,80.03
2009-05-20,80.28
2009-05-19,80.04
2009-05-18,79.97
2009-05-15,80.21
2009-05-14,80.03
2009-05-13,79.98
2009-05-12,79.91
2009-05-11,79.47
2009-05-08,79.41
2009-05-07,79.26
2009-05-06,79.62
2009-05-05,79.44
2009-05-04,79.27
2009-05-01,79.21
2009-04-30,79.77
2009-04-29,79.39
2009-04-28,79.72
2009-04-27,79.74
2009-04-24,79.62
2009-04-23,79.53
2009-04-22,79.43
2009-04-21,79.22
2009-04-20,79.47
2009-04-17,79.01
2009-04-16,79.45
2009-04-15,79.59
2009-04-14,79.37
2009-04-13,79.39
2009-04-09,78.82
2009-04-08,78.93
2009-04-07,78.68
2009-04-06,78.8
2009-04-03,78.82
2009-04-02,79.08
2009-04-01,79.33
2009-03-31,79.64
2009-03-30,79.23
2009-03-27,78.86
2009-03-26,78.8
2009-03-25,78.64
2009-03-24,78.99
2009-03-23,79.53
2009-03-20,79.53
2009-03-19,79.98
2009-03-18,79.78
2009-03-17,78.53
2009-03-16,78.77
2009-03-13,79.01
2009-03-12,78.93
2009-03-11,78.86
2009-03-10,78.68
2009-03-09,78.49
2009-03-06,79.04
2009-03-05,78.82
2009-03-04,78.57
2009-03-03,78.93
2009-03-02,79.04
2009-02-27,79.03
2009-02-26,79.02
2009-02-25,79.44
2009-02-24,79.51
2009-02-23,79.66
2009-02-20,79.26
2009-02-19,79.66
2009-02-18,79.79
2009-02-17,79.95
2009-02-13,79.89
2009-02-12,80.14
2009-02-11,79.71
2009-02-10,79.73
2009-02-09,79.24
2009-02-06,79.23
2009-02-05,79.02
2009-02-04,79.27
2009-02-03,79.38
2009-02-02,79.73
2009-01-30,80.16
2009-01-29,79.66
2009-01-28,80.37
2009-01-27,80.32
2009-01-26,79.92
2009-01-23,79.99
2009-01-22,80.12
2009-01-21,80.46
2009-01-20,80.89
2009-01-16,81.31
2009-01-15,80.9
2009-01-14,80.9
2009-01-13,81.01
2009-01-12,80.88
2009-01-09,80.46
2009-01-08,80.73
2009-01-07,81.35
2009-01-06,82.11
2009-01-05,82.57
2009-01-02,81.27
2008-12-31,81.78
2008-12-30,81.73
2008-12-29,81.7
2008-12-26,81.37
2008-12-24,81.64
2008-12-23,81.26
2008-12-22,80.47
2008-12-19,80.04
2008-12-18,80.3
2008-12-17,79.8
2008-12-16,79.37
2008-12-15,79.06
2008-12-12,78.87
2008-12-11,78.85
2008-12-10,78.44
2008-12-09,78.58
2008-12-08,77.85
2008-12-05,77.95
2008-12-04,78.38
2008-12-03,78.13
2008-12-02,78.12
2008-12-01,78.04
2008-11-28,77.27
2008-11-26,77.42
2008-11-25,77.72
2008-11-24,75.83
2008-11-21,75.83
2008-11-20,76.45
2008-11-19,76.43
2008-11-18,76.21
2008-11-17,76.32
2008-11-14,76.12
2008-11-13,75.89
2008-11-12,75.63
2008-11-11,76.29
2008-11-10,75.72
2008-11-07,76.2
2008-11-06,75.82
2008-11-05,76.13
2008-11-04,74.99
2008-11-03,73.81
2008-10-31,75.32
2008-10-30,75.55
2008-10-29,75.65
2008-10-28,74.23
2008-10-27,73.97
2008-10-24,74.72
2008-10-23,75.36
2008-10-22,76.71
2008-10-21,75.83
2008-10-20,75.17
2008-10-17,73.85
2008-10-16,73.58
2008-10-15,74.76
2008-10-14,73.58
2008-10-13,72.07
2008-10-10,69.38
2008-10-09,74.48
2008-10-08,74.3
2008-10-07,75.83
2008-10-06,77.43
2008-10-03,77.4
2008-10-02,76.82
2008-10-01,76.52
2008-09-30,77.38
2008-09-29,77.12
2008-09-26,77.47
2008-09-25,77.87
2008-09-24,78.01
2008-09-23,77.91
2008-09-22,78.03
2008-09-19,79.27
2008-09-18,78.92
2008-09-17,79.14
2008-09-16,78.94
2008-09-15,79.75
2008-09-12,79.44
2008-09-11,79.76
2008-09-10,79.86
2008-09-09,79.92
2008-09-08,79.56
2008-09-05,79.07
2008-09-04,79.3
2008-09-03,79.01
2008-09-02,79.03
2008-08-29,79.08
2008-08-28,79.1
2008-08-27,79.03
2008-08-26,78.93
2008-08-25,79.03
2008-08-22,78.79
2008-08-21,78.87
2008-08-20,78.86
2008-08-19,78.73
2008-08-18,78.79
2008-08-15,78.66
2008-08-14,78.43
2008-08-13,78.24
2008-08-12,78.38
2008-08-11,78.05
2008-08-08,78.24
2008-08-07,78.36
2008-08-06,77.95
2008-08-05,78.04
2008-08-04,78.17
2008-08-01,78.4
2008-07-31,78.81
2008-07-30,78.41
2008-07-29,78.32
2008-07-28,78.42
2008-07-25,78.06
2008-07-24,78.46
2008-07-23,77.92
2008-07-22,77.83
2008-07-21,78.0
2008-07-18,77.69
2008-07-17,78.14
2008-07-16,78.49
2008-07-15,79.09
2008-07-14,78.79
2008-07-11,78.67
2008-07-10,79.11
2008-07-09,79.04
2008-07-08,78.74
2008-07-07,78.43
2008-07-03,78.16
2008-07-02,78.13
2008-07-01,78.23
2008-06-30,78.8
2008-06-27,78.76
2008-06-26,78.57
2008-06-25,78.47
2008-06-24,78.43
2008-06-23,78.28
2008-06-20,78.38
2008-06-19,78.14
2008-06-18,78.54
2008-06-17,78.21
2008-06-16,77.95
2008-06-13,77.86
2008-06-12,78.06
2008-06-11,78.54
2008-06-10,78.44
2008-06-09,78.86
2008-06-06,79.26
2008-06-05,78.82
2008-06-04,79.11
2008-06-03,79.39
2008-06-02,79.24
2008-05-30,79.26
2008-05-29,78.97
2008-05-28,79.19
2008-05-27,79.56
2008-05-23,80.01
2008-05-22,79.7
2008-05-21,80.18
2008-05-20,80.29
2008-05-19,80.12
2008-05-16,79.99
2008-05-15,80.18
2008-05-14,79.76
2008-05-13,79.64
2008-05-12,80.1
2008-05-09,80.24
2008-05-08,80.21
2008-05-07,80.0
2008-05-06,79.77
2008-05-05,80.03
2008-05-02,80.0
2008-05-01,80.14
2008-04-30,80.53
2008-04-29,80.04
2008-04-28,79.92
2008-04-25,79.73
2008-04-24,79.81
2008-04-23,80.1
2008-04-22,80.18
2008-04-21,80.06
2008-04-18,80.06
2008-04-17,79.84
2008-04-16,79.86
2008-04-15,80.15
2008-04-14,80.58
2008-04-11,80.68
2008-04-10,80.5
2008-04-09,80.76
2008-04-08,80.4
2008-04-07,80.41
2008-04-04,80.42
2008-04-03,79.74
2008-04-02,79.76
2008-04-01,79.72
2008-03-31,80.59
2008-03-28,80.72
2008-03-27,80.52
2008-03-26,80.49
2008-03-25,80.72
2008-03-24,80.57
2008-03-20,81.17
2008-03-19,80.89
2008-03-18,80.65
2008-03-17,80.83
2008-03-14,80.49
2008-03-13,80.15
2008-03-12,80.5
2008-03-11,79.68
2008-03-10,80.17
2008-03-07,79.74
2008-03-06,79.5
2008-03-05,79.62
2008-03-04,80.13
2008-03-03,80.47
2008-02-29,80.79
2008-02-28,80.48
2008-02-27,80.0
2008-02-26,79.84
2008-02-25,79.45
2008-02-22,79.73
2008-02-21,80.16
2008-02-20,79.51
2008-02-19,79.63
2008-02-15,80.02
2008-02-14,80.06
2008-02-13,80.31
2008-02-12,80.79
2008-02-11,80.82
2008-02-08,80.65
2008-02-07,80.26
2008-02-06,80.98
2008-02-05,81.04
2008-02-04,80.79
2008-02-01,80.83
2008-01-31,81.24
2008-01-30,80.89
2008-01-29,80.76
2008-01-28,81.01
2008-01-25,80.86
2008-01-24,80.72
2008-01-23,80.92
2008-01-22,81.16
2008-01-18,81.04
2008-01-17,81.05
2008-01-16,80.57
2008-01-15,80.81
2008-01-14,80.52
2008-01-11,80.46
2008-01-10,80.11
2008-01-09,80.28
2008-01-08,80.46
2008-01-07,80.06
2008-01-04,80.16
2008-01-03,79.99
2008-01-02,79.78
2007-12-31,79.41
2007-12-28,79.38
2007-12-27,78.96
2007-12-26,78.85
2007-12-24,79.09
2007-12-21,79.07
2007-12-20,79.41
2007-12-19,79.48
2007-12-18,79.32
2007-12-17,78.9
2007-12-14,78.79
2007-12-13,79.01
2007-12-12,79.31
2007-12-11,79.39
2007-12-10,79.01
2007-12-07,79.16
2007-12-06,79.62
2007-12-05,79.7
2007-12-04,79.85
2007-12-03,80.16
2007-11-30,80.05
2007-11-29,79.89
2007-11-28,79.66
2007-11-27,79.86
2007-11-26,80.19
2007-11-23,79.47
2007-11-21,79.88
2007-11-20,79.27
2007-11-19,79.44
2007-11-16,79.26
2007-11-15,79.32
2007-11-14,78.98
2007-11-13,79.01
2007-11-12,79.01
2007-11-09,79.11
2007-11-08,78.84
2007-11-07,78.76
2007-11-06,78.75
2007-11-05,78.85
2007-11-02,78.92
2007-11-01,78.83
2007-10-31,78.97
2007-10-30,79.19
2007-10-29,79.08
2007-10-26,79.08
2007-10-25,79.15
2007-10-24,79.36
2007-10-23,79.01
2007-10-22,79.04
2007-10-19,79.06
2007-10-18,78.7
2007-10-17,78.47
2007-10-16,78.2
2007-10-15,78.08
2007-10-12,78.06
2007-10-11,78.2
2007-10-10,78.15
2007-10-09,78.05
2007-10-08,78.21
2007-10-05,77.6
2007-10-04,78.22
2007-10-03,78.25
2007-10-02,78.21
2007-10-01,77.91
2007-09-28,78.5
2007-09-27,78.38
2007-09-26,78.25
2007-09-25,78.33
2007-09-24,78.27
2007-09-21,78.26
2007-09-20,78.03
2007-09-19,78.59
2007-09-18,78.6
2007-09-17,78.44
2007-09-14,78.41
2007-09-13,78.35
2007-09-12,78.58
2007-09-11,78.69
2007-09-10,78.83
2007-09-07,78.64
2007-09-06,78.16
2007-09-05,78.17
2007-09-04,77.92
2007-08-31,78.35
2007-08-30,78.3
2007-08-29,78.13
2007-08-28,78.29
2007-08-27,77.98
2007-08-24,77.74
2007-08-23,77.94
2007-08-22,77.84
2007-08-21,77.91
2007-08-20,77.55
2007-08-17,77.62
2007-08-16,77.44
2007-08-15,77.49
2007-08-14,77.39
2007-08-13,77.18
2007-08-10,77.03
2007-08-09,77.29
2007-08-08,77.2
2007-08-07,77.29
2007-08-06,77.35
2007-08-03,77.47
2007-08-02,77.14
2007-08-01,77.18
2007-07-31,77.69
2007-07-30,77.45
2007-07-27,77.49
2007-07-26,77.57
2007-07-25,77.29
2007-07-24,77.34
2007-07-23,77.18
2007-07-20,77.23
2007-07-19,77.05
2007-07-18,77.05
2007-07-17,76.85
2007-07-16,77.0
2007-07-13,76.84
2007-07-12,76.74
2007-07-11,76.82
2007-07-10,77.0
2007-07-09,76.67
2007-07-06,76.53
2007-07-05,76.67
2007-07-03,76.99
2007-07-02,77.07
2007-06-29,77.2
2007-06-28,77.05
2007-06-27,77.11
2007-06-26,76.96
2007-06-25,77.05
2007-06-22,76.98
2007-06-21,76.8
2007-06-20,76.89
2007-06-19,77.13
2007-06-18,76.89
2007-06-15,76.83
2007-06-14,76.56
2007-06-13,76.41
2007-06-12,76.29
2007-06-11,76.74
2007-06-08,76.69
2007-06-07,76.78
2007-06-06,77.32
2007-06-05,77.29
2007-06-04,77.51
2007-06-01,77.41
2007-05-31,77.83
2007-05-30,78.0
2007-05-29,77.91
2007-05-25,77.98
2007-05-24,78.02
2007-05-23,77.99
2007-05-22,78.06
2007-05-21,78.21
2007-05-18,78.06
2007-05-17,78.28
2007-05-16,78.42
2007-05-15,78.4
2007-05-14,78.43
2007-05-11,78.42
2007-05-10,78.57
2007-05-09,78.44
2007-05-08,78.53
2007-05-07,78.62
2007-05-04,78.54
2007-05-03,78.44
2007-05-02,78.53
2007-05-01,78.5
2007-04-30,78.85
2007-04-27,78.58
2007-04-26,78.6
2007-04-25,78.75
2007-04-24,78.71
2007-04-23,78.68
2007-04-20,78.6
2007-04-19,78.64
2007-04-18,78.67
2007-04-17,78.55
2007-04-16,78.32
2007-04-13,78.17
2007-04-12,78.29
2007-04-11,78.2
2007-04-10,78.24
2007-04-09,78.13
2007-04-05,78.42
2007-04-04,78.49
2007-04-03,78.41
2007-04-02,78.49
2007-03-30,78.69
2007-03-29,78.76
2007-03-28,78.82
2007-03-27,78.78
2007-03-26,78.76
2007-03-23,78.81
2007-03-22,78.92
2007-03-21,79.07
2007-03-20,78.97
2007-03-19,78.89
2007-03-16,78.94
2007-03-15,78.93
2007-03-14,79.02
2007-03-13,79.11
2007-03-12,78.91
2007-03-09,78.67
2007-03-08,78.89
2007-03-07,78.96
2007-03-06,78.9
2007-03-05,78.95
2007-03-02,79.0
2007-03-01,78.83
2007-02-28,79.16
2007-02-27,79.21
2007-02-26,78.89
2007-02-23,78.71
2007-02-22,78.53
2007-02-21,78.68
2007-02-20,78.69
2007-02-16,78.65
2007-02-15,78.6
2007-02-14,78.49
2007-02-13,78.19
2007-02-12,78.2
2007-02-09,78.28
2007-02-08,78.46
2007-02-07,78.41
2007-02-06,78.31
2007-02-05,78.17
2007-02-02,78.04
2007-02-01,77.93
2007-01-31,78.2
2007-01-30,78.13
2007-01-29,78.02
2007-01-26,78.12
2007-01-25,78.13
2007-01-24,78.23
2007-01-23,78.25
2007-01-22,78.4
2007-01-19,78.36
2007-01-18,78.39
2007-01-17,78.28
2007-01-16,78.35
2007-01-12,78.23
2007-01-11,78.34
2007-01-10,78.49
2007-01-09,78.57
2007-01-08,78.57
2007-01-05,78.53
2007-01-04,78.58
2007-01-03,78.42
2006-12-29,78.25
2006-12-28,78.26
2006-12-27,78.36
2006-12-26,78.86
2006-12-22,78.89
2006-12-21,78.96
2006-12-20,78.8
2006-12-19,78.83
2006-12-18,78.78
2006-12-15,78.73
2006-12-14,78.75
2006-12-13,78.86
2006-12-12,79.1
2006-12-11,78.94
2006-12-08,78.9
2006-12-07,79.06
2006-12-06,79.13
2006-12-05,79.19
2006-12-04,79.24
2006-12-01,79.16
2006-11-30,79.33
2006-11-29,79.08
2006-11-28,79.2
2006-11-27,78.99
2006-11-24,79.03
2006-11-22,78.99
2006-11-21,78.9
2006-11-20,78.79
2006-11-17,78.74
2006-11-16,78.53
2006-11-15,78.6
2006-11-14,78.75
2006-11-13,78.64
2006-11-10,78.74
2006-11-09,78.57
2006-11-08,78.54
2006-11-07,78.33
2006-11-06,78.13
2006-11-03,78.13
2006-11-02,78.54
2006-11-01,78.63
2006-10-31,78.82
2006-10-30,78.53
2006-10-27,78.52
2006-10-26,78.36
2006-10-25,78.09
2006-10-24,77.91
2006-10-23,77.82
2006-10-20,78.05
2006-10-19,78.07
2006-10-18,78.11
2006-10-17,78.02
2006-10-16,77.9
2006-10-13,77.77
2006-10-12,77.97
2006-10-11,77.89
2006-10-10,77.98
2006-10-09,78.28
2006-10-06,78.12
2006-10-05,78.41
2006-10-04,78.65
2006-10-03,78.35
2006-10-02,78.36
2006-09-29,78.61
2006-09-28,78.57
2006-09-27,78.65
2006-09-26,78.68
2006-09-25,78.69
2006-09-22,78.53
2006-09-21,78.49
2006-09-20,78.15
2006-09-19,78.06
2006-09-18,77.88
2006-09-15,77.9
2006-09-14,77.92
2006-09-13,78.03
2006-09-12,77.97
2006-09-11,77.78
2006-09-08,77.84
2006-09-07,77.73
2006-09-06,77.76
2006-09-05,77.74
2006-09-01,77.84
2006-08-31,78.13
2006-08-30,78.03
2006-08-29,77.91
2006-08-28,77.88
2006-08-25,77.95
2006-08-24,77.87
2006-08-23,77.88
2006-08-22,77.86
2006-08-21,77.9
2006-08-18,77.71
2006-08-17,77.66
2006-08-16,77.64
2006-08-15,77.39
2006-08-14,77.2
2006-08-11,77.29
2006-08-10,77.42
2006-08-09,77.46
2006-08-08,77.4
2006-08-07,77.4
2006-08-04,77.39
2006-08-03,77.14
2006-08-02,77.13
2006-08-01,77.1
2006-07-31,77.23
2006-07-28,77.33
2006-07-27,77.16
2006-07-26,77.03
2006-07-25,76.99
2006-07-24,77.05
2006-07-21,76.93
2006-07-20,76.98
2006-07-19,76.9
2006-07-18,76.6
2006-07-17,76.66
2006-07-14,76.82
2006-07-13,76.72
2006-07-12,76.66
2006-07-11,76.61
2006-07-10,76.49
2006-07-07,76.41
2006-07-06,76.13
2006-07-05,76.06
2006-07-03,76.29
2006-06-30,76.48
2006-06-29,76.49
2006-06-28,76.22
2006-06-27,76.3
2006-06-26,76.09
2006-06-23,76.31
2006-06-22,76.27
2006-06-21,76.6
2006-06-20,76.57
2006-06-19,76.52
2006-06-16,76.73
2006-06-15,76.78
2006-06-14,76.9
2006-06-13,77.19
2006-06-12,76.97
2006-06-09,77.21
2006-06-08,77.1
2006-06-07,76.84
2006-06-06,77.08
2006-06-05,76.88
2006-06-02,77.13
2006-06-01,76.54
2006-05-31,76.9
2006-05-30,77.07
2006-05-26,77.25
2006-05-25,76.92
2006-05-24,76.93
2006-05-23,76.91
2006-05-22,77.12
2006-05-19,77.11
2006-05-18,77.12
2006-05-17,76.8
2006-05-16,77.02
2006-05-15,76.64
2006-05-12,76.6
2006-05-11,76.76
2006-05-10,76.81
2006-05-09,76.89
2006-05-08,76.93
2006-05-05,76.88
2006-05-04,76.74
2006-05-03,76.78
2006-05-02,76.83
2006-05-01,76.75
2006-04-28,77.35
2006-04-27,77.18
2006-04-26,77.0
2006-04-25,77.13
2006-04-24,77.39
2006-04-21,77.1
2006-04-20,77.11
2006-04-19,77.22
2006-04-18,77.15
2006-04-17,77.21
2006-04-13,77.08
2006-04-12,77.24
2006-04-11,77.31
2006-04-10,77.15
2006-04-07,77.22
2006-04-06,77.48
2006-04-05,77.55
2006-04-04,77.49
2006-04-03,77.39
2006-03-31,77.76
2006-03-30,77.51
2006-03-29,77.86
2006-03-28,78.02
2006-03-27,78.21
2006-03-24,78.15
2006-03-23,78.02
2006-03-22,78.08
2006-03-21,77.94
2006-03-20,78.14
2006-03-17,78.17
2006-03-16,78.35
2006-03-15,78.02
2006-03-14,78.23
2006-03-13,77.97
2006-03-10,77.83
2006-03-09,77.8
2006-03-08,77.9
2006-03-07,77.86
2006-03-06,77.66
2006-03-03,78.09
2006-03-02,78.25
2006-03-01,78.45
2006-02-28,78.74
2006-02-27,78.57
2006-02-24,78.74
2006-02-23,78.68
2006-02-22,78.72
2006-02-21,78.41
2006-02-17,78.7
2006-02-16,78.38
2006-02-15,78.46
2006-02-14,78.37
2006-02-13,78.49
2006-02-10,78.44
2006-02-09,78.6
2006-02-08,78.56
2006-02-07,78.6
2006-02-06,78.65
2006-02-03,78.67
2006-02-02,78.45
2006-02-01,78.39
2006-01-31,78.9
2006-01-30,78.89
2006-01-27,78.88
2006-01-26,78.78
2006-01-25,79.02
2006-01-24,79.22
2006-01-23,79.35
2006-01-20,79.35
2006-01-19,79.31
2006-01-18,79.43
2006-01-17,79.33
2006-01-13,79.3
2006-01-12,79.08
2006-01-11,78.87
2006-01-10,78.93
2006-01-09,79.08
2006-01-06,79.0
2006-01-05,79.18
2006-01-04,79.18
2006-01-03,78.99
2005-12-30,78.95
2005-12-29,78.86
2005-12-28,78.8
2005-12-27,79.38
2005-12-23,79.18
2005-12-22,78.97
2005-12-21,78.8
2005-12-20,78.8
2005-12-19,78.78
2005-12-16,78.71
2005-12-15,78.72
2005-12-14,78.8
2005-12-13,78.59
2005-12-12,78.29
2005-12-09,78.46
2005-12-08,78.72
2005-12-07,78.32
2005-12-06,78.42
2005-12-05,78.29
2005-12-02,78.25
2005-12-01,78.25
2005-11-30,78.66
2005-11-29,78.82
2005-11-28,78.93
2005-11-25,79.04
2005-11-23,78.97
2005-11-22,79.03
2005-11-21,78.82
2005-11-18,78.57
2005-11-17,78.6
2005-11-16,78.58
2005-11-15,78.4
2005-11-14,78.29
2005-11-11,78.56
2005-11-10,78.48
2005-11-09,78.2
2005-11-08,78.41
2005-11-07,78.14
2005-11-04,78.13
2005-11-03,78.06
2005-11-02,78.32
2005-11-01,78.39
2005-10-31,78.65
2005-10-28,78.66
2005-10-27,78.79
2005-10-26,78.6
2005-10-25,78.92
2005-10-24,79.15
2005-10-21,79.31
2005-10-20,79.13
2005-10-19,79.11
2005-10-18,78.97
2005-10-17,79.01
2005-10-14,78.88
2005-10-13,78.9
2005-10-12,79.11
2005-10-11,79.14
2005-10-10,79.37
2005-10-07,79.27
2005-10-06,79.35
2005-10-05,79.41
2005-10-04,79.28
2005-10-03,79.17
2005-09-30,79.7
2005-09-29,79.74
2005-09-28,79.92
2005-09-27,79.7
2005-09-26,79.76
2005-09-23,79.95
2005-09-22,80.1
2005-09-21,80.03
2005-09-20,79.84
2005-09-19,79.9
2005-09-16,79.83
2005-09-15,80.01
2005-09-14,80.21
2005-09-13,80.29
2005-09-12,80.1
2005-09-09,80.21
2005-09-08,80.23
2005-09-07,80.24
2005-09-06,80.37
2005-09-02,80.53
2005-09-01,80.57
2005-08-31,80.72
2005-08-30,80.41
2005-08-29,80.21
2005-08-26,80.18
2005-08-25,80.25
2005-08-24,80.25
2005-08-23,80.14
2005-08-22,80.09
2005-08-19,80.02
2005-08-18,80.1
2005-08-17,79.88
2005-08-16,80.04
2005-08-15,79.85
2005-08-12,79.92
2005-08-11,79.7
2005-08-10,79.48
2005-08-09,79.48
2005-08-08,79.33
2005-08-05,79.35
2005-08-04,79.74
2005-08-03,79.82
2005-08-02,79.56
2005-08-01,79.73
2005-07-29,80.04
2005-07-28,80.29
2005-07-27,80.06
2005-07-26,80.1
2005-07-25,80.02
2005-07-22,80.02
2005-07-21,79.9
2005-07-20,80.32
2005-07-19,80.18
2005-07-18,80.14
2005-07-15,80.28
2005-07-14,80.25
2005-07-13,80.25
2005-07-12,80.35
2005-07-11,80.39
2005-07-08,80.39
2005-07-07,80.52
2005-07-06,80.42
2005-07-05,80.29
2005-07-01,80.59
2005-06-30,81.14
2005-06-29,80.88
2005-06-28,80.92
2005-06-27,81.16
2005-06-24,81.09
2005-06-23,80.97
2005-06-22,81.05
2005-06-21,80.7
2005-06-20,80.37
2005-06-17,80.55
2005-06-16,80.55
2005-06-15,80.31
2005-06-14,80.35
2005-06-13,80.46
2005-06-10,80.53
2005-06-09,80.84
2005-06-08,80.85
2005-06-07,81.0
2005-06-06,80.79
2005-06-03,80.77
2005-06-02,80.98
2005-06-01,81.03
2005-05-31,80.71
2005-05-27,80.49
2005-05-26,80.54
2005-05-25,80.55
2005-05-24,80.57
2005-05-23,80.43
2005-05-20,80.16
2005-05-19,80.25
2005-05-18,80.45
2005-05-17,80.24
2005-05-16,80.14
2005-05-13,80.26
2005-05-12,80.18
2005-05-11,79.99
2005-05-10,79.86
2005-05-09,79.77
2005-05-06,79.84
2005-05-05,80.14
2005-05-04,80.08
2005-05-03,79.99
2005-05-02,80.05
2005-04-29,80.31
2005-04-28,80.44
2005-04-27,80.24
2005-04-26,79.91
2005-04-25,80.1
2005-04-22,80.14
2005-04-21,79.97
2005-04-20,80.17
2005-04-19,80.11
2005-04-18,80.01
2005-04-15,80.1
2005-04-14,79.82
2005-04-13,79.75
2005-04-12,79.64
2005-04-11,79.42
2005-04-08,79.27
2005-04-07,79.27
2005-04-06,79.37
2005-04-05,79.16
2005-04-04,79.32
2005-04-01,79.41
2005-03-31,79.22
2005-03-30,79.18
2005-03-29,78.94
2005-03-28,78.99
2005-03-24,79.15
2005-03-23,79.1
2005-03-22,79.0
2005-03-21,79.43
2005-03-18,79.43
2005-03-17,79.48
2005-03-16,79.5
2005-03-15,79.44
2005-03-14,79.43
2005-03-11,79.46
2005-03-10,79.4
2005-03-09,79.49
2005-03-08,79.98
2005-03-07,80.15
2005-03-04,80.13
2005-03-03,79.9
2005-03-02,79.84
2005-03-01,79.94
2005-02-28,80.22
2005-02-25,80.43
2005-02-24,80.36
2005-02-23,80.44
2005-02-22,80.4
2005-02-18,80.63
2005-02-17,80.61
2005-02-16,80.65
2005-02-15,80.74
2005-02-14,80.9
2005-02-11,80.88
2005-02-10,80.77
2005-02-09,81.19
2005-02-08,80.97
2005-02-07,80.92
2005-02-04,80.9
2005-02-03,80.57
2005-02-02,80.67
2005-02-01,80.61
2005-01-31,80.76
2005-01-28,80.87
2005-01-27,80.59
2005-01-26,80.7
2005-01-25,80.74
2005-01-24,80.88
2005-01-21,80.87
2005-01-20,80.83
2005-01-19,80.72
2005-01-18,80.6
2005-01-14,80.39
2005-01-13,80.68
2005-01-12,80.48
2005-01-11,80.36
2005-01-10,80.25
2005-01-07,80.29
2005-01-06,80.32
2005-01-05,80.26
2005-01-04,80.29
2005-01-03,80.37
2004-12-31,80.37
2004-12-30,80.5
2004-12-29,80.34
2004-12-28,80.35
2004-12-27,80.39
2004-12-23,80.7
2004-12-22,80.66
2004-12-21,80.49
2004-12-20,80.49
2004-12-17,80.41
2004-12-16,80.61
2004-12-15,80.92
2004-12-14,80.74
2004-12-13,80.66
2004-12-10,80.54
2004-12-09,80.65
2004-12-08,80.76
2004-12-07,80.48
2004-12-06,80.37
2004-12-03,80.28
2004-12-02,79.82
2004-12-01,79.67
2004-11-30,80.21
2004-11-29,80.17
2004-11-26,80.39
2004-11-24,80.63
2004-11-23,80.55
2004-11-22,80.6
2004-11-19,80.47
2004-11-18,80.64
2004-11-17,80.61
2004-11-16,80.4
2004-11-15,80.48
2004-11-12,80.44
2004-11-11,80.35
2004-11-10,80.27
2004-11-09,80.36
2004-11-08,80.17
2004-11-05,80.46
2004-11-04,80.67
2004-11-03,80.74
2004-11-02,80.57
2004-11-01,80.64
2004-10-29,81.03
2004-10-28,80.82
2004-10-27,80.72
2004-10-26,80.9
2004-10-25,81.14
2004-10-22,81.05
2004-10-21,80.85
2004-10-20,81.05
2004-10-19,80.77
2004-10-18,80.73
2004-10-15,80.8
2004-10-14,80.95
2004-10-13,80.57
2004-10-12,80.45
2004-10-11,80.53
2004-10-08,80.45
2004-10-07,80.06
2004-10-06,80.06
2004-10-05,80.21
2004-10-04,80.21
2004-10-01,80.19
2004-09-30,80.58
2004-09-29,80.46
2004-09-28,80.93
2004-09-27,80.79
2004-09-24,80.82
2004-09-23,80.79
2004-09-22,81.04
2004-09-21,80.77
2004-09-20,80.79
2004-09-17,80.45
2004-09-16,80.79
2004-09-15,80.54
2004-09-14,80.59
2004-09-13,80.5
2004-09-10,80.43
2004-09-09,80.25
2004-09-08,80.33
2004-09-07,80.09
2004-09-03,80.1
2004-09-02,80.14
2004-09-01,80.46
2004-08-31,80.42
2004-08-30,80.42
2004-08-27,80.34
2004-08-26,80.28
2004-08-25,80.14
2004-08-24,80.13
2004-08-23,80.12
2004-08-20,80.1
2004-08-19,80.33
2004-08-18,80.06
2004-08-17,80.32
2004-08-16,80.09
2004-08-13,80.18
2004-08-12,80.03
2004-08-11,79.86
2004-08-10,79.81
2004-08-09,80.02
2004-08-06,79.96
2004-08-05,79.45
2004-08-04,79.4
2004-08-03,79.22
2004-08-02,79.11
2004-07-30,79.39
2004-07-29,78.81
2004-07-28,78.99
2004-07-27,78.87
2004-07-26,79.05
2004-07-23,79.42
2004-07-22,79.24
2004-07-21,79.07
2004-07-20,79.26
2004-07-19,79.47
2004-07-16,79.59
2004-07-15,79.06
2004-07-14,79.21
2004-07-13,79.16
2004-07-12,79.25
2004-07-09,79.01
2004-07-08,79.25
2004-07-07,79.16
2004-07-06,79.21
2004-07-02,79.26
2004-07-01,78.76
2004-06-30,78.91
2004-06-29,78.29
2004-06-28,78.43
2004-06-25,78.69
2004-06-24,78.71
2004-06-23,78.42
2004-06-22,78.48
2004-06-21,78.51
2004-06-18,78.41
2004-06-17,78.29
2004-06-16,78.2
2004-06-15,78.36
2004-06-14,77.7
2004-06-10,77.92
2004-06-09,78.0
2004-06-08,77.98
2004-06-07,78.17
2004-06-04,78.09
2004-06-03,78.25
2004-06-02,78.28
2004-06-01,78.25
2004-05-28,78.59
2004-05-27,78.86
2004-05-26,78.49
2004-05-25,78.29
2004-05-24,78.31
2004-05-21,78.25
2004-05-20,78.38
2004-05-19,78.17
2004-05-18,78.3
2004-05-17,78.26
2004-05-14,77.87
2004-05-13,77.85
2004-05-12,77.87
2004-05-11,77.98
2004-05-10,77.78
2004-05-07,77.9
2004-05-06,78.57
2004-05-05,78.81
2004-05-04,78.91
2004-05-03,78.77
2004-04-30,79.1
2004-04-29,79.12
2004-04-28,79.35
2004-04-27,79.72
2004-04-26,79.52
2004-04-23,79.55
2004-04-22,79.7
2004-04-21,79.41
2004-04-20,79.6
2004-04-19,79.86
2004-04-16,79.96
2004-04-15,79.74
2004-04-14,79.86
2004-04-13,80.1
2004-04-12,80.24
2004-04-08,80.26
2004-04-07,80.21
2004-04-06,80.41
2004-04-05,80.18
2004-04-02,80.68
2004-04-01,81.42
2004-03-31,81.59
2004-03-30,81.19
2004-03-29,81.52
2004-03-26,81.67
2004-03-25,81.95
2004-03-24,82.0
2004-03-23,81.95
2004-03-22,81.94
2004-03-19,81.73
2004-03-18,81.81
2004-03-17,81.89
2004-03-16,81.93
2004-03-15,81.74
2004-03-12,81.72
2004-03-11,81.97
2004-03-10,81.79
2004-03-09,81.89
2004-03-08,81.77
2004-03-05,81.49
2004-03-04,80.9
2004-03-03,80.7
2004-03-02,80.79
2004-03-01,81.07
2004-02-27,81.23
2004-02-26,81.01
2004-02-25,81.14
2004-02-24,80.95
2004-02-23,81.02
2004-02-20,80.8
2004-02-19,81.05
2004-02-18,80.97
2004-02-17,81.03
2004-02-13,81.23
2004-02-12,80.87
2004-02-11,80.86
2004-02-10,80.54
2004-02-09,80.72
2004-02-06,80.66
2004-02-05,80.33
2004-02-04,80.56
2004-02-03,80.55
2004-02-02,80.33
2004-01-30,80.53
2004-01-29,80.37
2004-01-28,80.56
2004-01-27,80.72
2004-01-26,80.61
2004-01-23,80.92
2004-01-22,81.12
2004-01-21,80.98
2004-01-20,80.92
2004-01-16,80.99
2004-01-15,81.05
2004-01-14,80.95
2004-01-13,80.96
2004-01-12,80.77
2004-01-09,81.0
2004-01-08,80.33
2004-01-07,80.35
2004-01-06,80.17
2004-01-05,79.81
2004-01-02,79.72
2003-12-31,80.17
2003-12-30,80.29
2003-12-29,80.44
2003-12-26,80.64
2003-12-24,80.24
2003-12-23,80.17
2003-12-22,80.49
2003-12-19,80.53
2003-12-18,80.49
2003-12-17,80.37
2003-12-16,80.17
2003-12-15,80.13
2003-12-12,80.17
2003-12-11,80.13
2003-12-10,79.84
2003-12-09,79.53
2003-12-08,79.98
2003-12-05,79.98
2003-12-04,79.58
2003-12-03,79.46
2003-12-02,79.38
2003-12-01,79.41
2003-11-28,79.84
2003-11-26,79.96
2003-11-25,80.25
2003-11-24,79.94
2003-11-21,80.28
2003-11-20,80.19
2003-11-19,79.92
2003-11-18,80.29
2003-11-17,80.33
2003-11-14,79.99
2003-11-13,79.93
2003-11-12,79.35
2003-11-11,79.2
2003-11-10,79.34
2003-11-07,79.19
2003-11-06,79.15
2003-11-05,79.59
2003-11-04,79.59
2003-11-03,79.43
2003-10-31,79.85
2003-10-30,79.98
2003-10-29,79.98
2003-10-28,80.33
2003-10-27,80.02
2003-10-24,80.17
2003-10-23,79.78
2003-10-22,79.98
2003-10-21,79.63
2003-10-20,79.47
2003-10-17,79.52
2003-10-16,79.14
2003-10-15,79.35
2003-10-14,79.55
2003-10-13,79.7
2003-10-10,80.06
2003-10-09,79.62
2003-10-08,79.9
2003-10-07,79.7
2003-10-06,79.98
2003-10-03,79.86
2003-10-02,80.44
2003-10-01,80.57
2003-09-30,80.61
2003-09-29,80.19
2003-09-26,80.41
