date,BND
2025-12-23,74.015
2025-12-22,74.02
2025-12-19,74.04
2025-12-18,74.15
2025-12-17,73.99
2025-12-16,74.01
2025-12-15,73.87
2025-12-12,73.78
2025-12-11,74.01
2025-12-10,74.01
2025-12-09,73.79
2025-12-08,73.84
2025-12-05,73.95
2025-12-04,74.04
2025-12-03,74.18
2025-12-02,74.07
2025-12-01,74.0
2025-11-28,74.29
2025-11-26,74.41
2025-11-25,74.33
2025-11-24,74.16
2025-11-21,74.04
2025-11-20,73.86
2025-11-19,73.74
2025-11-18,73.77
2025-11-17,73.71
2025-11-14,73.67
2025-11-13,73.78
2025-11-12,74.0
2025-11-11,74.03
2025-11-10,73.82
2025-11-07,73.84
2025-11-06,73.88
2025-11-05,73.59
2025-11-04,73.8
2025-11-03,73.76
2025-10-31,73.85
2025-10-30,73.87
2025-10-29,74.0
2025-10-28,74.36
2025-10-27,74.33
2025-10-24,74.29
2025-10-23,74.19
2025-10-22,74.34
2025-10-21,74.34
2025-10-20,74.25
2025-10-17,74.15
2025-10-16,74.25
2025-10-15,73.97
2025-10-14,74.02
2025-10-13,73.91
2025-10-10,73.79
2025-10-09,73.5
2025-10-08,73.55
2025-10-07,73.55
2025-10-06,73.41
2025-10-03,73.58
2025-10-02,73.67
2025-10-01,73.59
2025-09-30,73.41
2025-09-29,73.44
2025-09-26,73.25
2025-09-25,73.25
2025-09-24,73.33
2025-09-23,73.48
2025-09-22,73.33
2025-09-19,73.47
2025-09-18,73.44
2025-09-17,73.63
2025-09-16,73.76
2025-09-15,73.75
2025-09-12,73.61
2025-09-11,73.7
2025-09-10,73.54
2025-09-09,73.41
2025-09-08,73.55
2025-09-05,73.31
2025-09-04,72.97
2025-09-03,72.69
2025-09-02,72.45
2025-08-29,72.61
2025-08-28,72.7
2025-08-27,72.61
2025-08-26,72.54
2025-08-25,72.45
2025-08-22,72.55
2025-08-21,72.19
2025-08-20,72.36
2025-08-19,72.32
2025-08-18,72.18
2025-08-15,72.26
2025-08-14,72.35
2025-08-13,72.56
2025-08-12,72.3
2025-08-11,72.29
2025-08-08,72.24
2025-08-07,72.39
2025-08-06,72.42
2025-08-05,72.48
2025-08-04,72.45
2025-08-01,72.4
2025-07-31,71.78
2025-07-30,71.77
2025-07-29,71.96
2025-07-28,71.58
2025-07-25,71.7
2025-07-24,71.52
2025-07-23,71.61
2025-07-22,71.76
2025-07-21,71.64
2025-07-18,71.44
2025-07-17,71.32
2025-07-16,71.3
2025-07-15,71.16
2025-07-14,71.38
2025-07-11,71.39
2025-07-10,71.68
2025-07-09,71.67
2025-07-08,71.39
2025-07-07,71.43
2025-07-03,71.66
2025-07-02,71.84
2025-07-01,71.92
2025-06-30,71.97
2025-06-27,71.69
2025-06-26,71.85
2025-06-25,71.65
2025-06-24,71.63
2025-06-23,71.41
2025-06-20,71.24
2025-06-18,71.19
2025-06-17,71.15
2025-06-16,70.92
2025-06-13,71.06
2025-06-12,71.31
2025-06-11,71.05
2025-06-10,70.83
2025-06-09,70.69
2025-06-06,70.58
2025-06-05,70.96
2025-06-04,71.1
2025-06-03,70.66
2025-06-02,70.74
2025-05-30,70.89
2025-05-29,70.75
2025-05-28,70.5
2025-05-27,70.66
2025-05-23,70.33
2025-05-22,70.22
2025-05-21,70.02
2025-05-20,70.46
2025-05-19,70.59
2025-05-16,70.61
2025-05-15,70.56
2025-05-14,70.18
2025-05-13,70.42
2025-05-12,70.45
2025-05-09,70.7
2025-05-08,70.64
2025-05-07,71.02
2025-05-06,70.88
2025-05-05,70.72
2025-05-02,70.82
2025-05-01,71.17
2025-04-30,71.37
2025-04-29,71.42
2025-04-28,71.23
2025-04-25,71.06
2025-04-24,70.83
2025-04-23,70.43
2025-04-22,70.28
2025-04-21,70.16
2025-04-17,70.54
2025-04-16,70.7
2025-04-15,70.51
2025-04-14,70.33
2025-04-11,69.93
2025-04-10,70.01
2025-04-09,70.57
2025-04-08,70.41
2025-04-07,70.82
2025-04-04,71.68
2025-04-03,71.62
2025-04-02,71.25
2025-04-01,71.31
2025-03-31,71.09
2025-03-28,70.96
2025-03-27,70.56
2025-03-26,70.59
2025-03-25,70.74
2025-03-24,70.65
2025-03-21,70.96
2025-03-20,71.02
2025-03-19,70.99
2025-03-18,70.78
2025-03-17,70.7
2025-03-14,70.61
2025-03-13,70.78
2025-03-12,70.57
2025-03-11,70.71
2025-03-10,70.98
2025-03-07,70.65
2025-03-06,70.73
2025-03-05,70.79
2025-03-04,71.04
2025-03-03,71.24
2025-02-28,71.08
2025-02-27,70.78
2025-02-26,70.87
2025-02-25,70.76
2025-02-24,70.32
2025-02-21,70.22
2025-02-20,69.91
2025-02-19,69.83
2025-02-18,69.73
2025-02-14,69.99
2025-02-13,69.77
2025-02-12,69.35
2025-02-11,69.71
2025-02-10,69.83
2025-02-07,69.81
2025-02-06,70.02
2025-02-05,70.1
2025-02-04,69.74
2025-02-03,69.64
2025-01-31,69.58
2025-01-30,69.68
2025-01-29,69.58
2025-01-28,69.62
2025-01-27,69.66
2025-01-24,69.29
2025-01-23,69.16
2025-01-22,69.26
2025-01-21,69.41
2025-01-17,69.21
2025-01-16,69.19
2025-01-15,69.05
2025-01-14,68.5
2025-01-13,68.45
2025-01-10,68.52
2025-01-08,68.88
2025-01-07,68.8
2025-01-06,69.04
2025-01-03,69.11
2025-01-02,69.2
2024-12-31,69.17
2024-12-30,69.28
2024-12-27,69.01
2024-12-26,69.16
2024-12-24,69.11
2024-12-23,69.01
2024-12-20,69.23
2024-12-19,69.02
2024-12-18,69.21
2024-12-17,69.76
2024-12-16,69.75
2024-12-13,69.67
2024-12-12,69.95
2024-12-11,70.23
2024-12-10,70.38
2024-12-09,70.46
2024-12-06,70.67
2024-12-05,70.48
2024-12-04,70.47
2024-12-03,70.23
2024-12-02,70.39
2024-11-29,70.35
2024-11-27,70.09
2024-11-26,69.9
2024-11-25,70.02
2024-11-22,69.38
2024-11-21,69.36
2024-11-20,69.39
2024-11-19,69.47
2024-11-18,69.35
2024-11-15,69.28
2024-11-14,69.26
2024-11-13,69.28
2024-11-12,69.31
2024-11-11,69.73
2024-11-08,69.86
2024-11-07,69.73
2024-11-06,69.21
2024-11-05,69.79
2024-11-04,69.61
2024-11-01,69.34
2024-10-31,69.61
2024-10-30,69.62
2024-10-29,69.69
2024-10-28,69.63
2024-10-25,69.71
2024-10-24,69.86
2024-10-23,69.74
2024-10-22,69.92
2024-10-21,69.89
2024-10-18,70.36
2024-10-17,70.32
2024-10-16,70.67
2024-10-15,70.57
2024-10-14,70.3
2024-10-11,70.34
2024-10-10,70.33
2024-10-09,70.36
2024-10-08,70.55
2024-10-07,70.45
2024-10-04,70.66
2024-10-03,71.13
2024-10-02,71.44
2024-10-01,71.57
2024-09-30,71.36
2024-09-27,71.52
2024-09-26,71.31
2024-09-25,71.31
2024-09-24,71.58
2024-09-23,71.49
2024-09-20,71.54
2024-09-19,71.55
2024-09-18,71.55
2024-09-17,71.77
2024-09-16,71.86
2024-09-13,71.67
2024-09-12,71.52
2024-09-11,71.6
2024-09-10,71.64
2024-09-09,71.4
2024-09-06,71.3
2024-09-05,71.22
2024-09-04,71.05
2024-09-03,70.73
2024-08-30,70.43
2024-08-29,70.57
2024-08-28,70.68
2024-08-27,70.72
2024-08-26,70.72
2024-08-23,70.8
2024-08-22,70.49
2024-08-21,70.77
2024-08-20,70.62
2024-08-19,70.41
2024-08-16,70.33
2024-08-15,70.17
2024-08-14,70.47
2024-08-13,70.34
2024-08-12,70.07
2024-08-09,69.95
2024-08-08,69.7
2024-08-07,69.8
2024-08-06,69.98
2024-08-05,70.41
2024-08-02,70.48
2024-08-01,69.68
2024-07-31,69.42
2024-07-30,69.04
2024-07-29,68.96
2024-07-26,68.87
2024-07-25,68.6
2024-07-24,68.45
2024-07-23,68.65
2024-07-22,68.64
2024-07-19,68.66
2024-07-18,68.84
2024-07-17,69.02
2024-07-16,68.96
2024-07-15,68.69
2024-07-12,68.91
2024-07-11,68.73
2024-07-10,68.39
2024-07-09,68.33
2024-07-08,68.36
2024-07-05,68.36
2024-07-03,68.05
2024-07-02,67.66
2024-07-01,67.47
2024-06-28,67.82
2024-06-27,68.14
2024-06-26,68.02
2024-06-25,68.34
2024-06-24,68.3
2024-06-21,68.26
2024-06-20,68.24
2024-06-18,68.38
2024-06-17,68.14
2024-06-14,68.39
2024-06-13,68.29
2024-06-12,67.99
2024-06-11,67.68
2024-06-10,67.41
2024-06-07,67.51
2024-06-06,68.06
2024-06-05,68.05
2024-06-04,67.86
2024-06-03,67.6
2024-05-31,67.23
2024-05-30,66.99
2024-05-29,66.69
2024-05-28,66.94
2024-05-24,67.26
2024-05-23,67.18
2024-05-22,67.38
2024-05-21,67.46
2024-05-20,67.32
2024-05-17,67.39
2024-05-16,67.56
2024-05-15,67.67
2024-05-14,67.24
2024-05-13,67.04
2024-05-10,66.99
2024-05-09,67.17
2024-05-08,67.0
2024-05-07,67.15
2024-05-06,67.02
2024-05-03,66.96
2024-05-02,66.62
2024-05-01,66.36
2024-04-30,66.12
2024-04-29,66.37
2024-04-26,66.18
2024-04-25,66.03
2024-04-24,66.21
2024-04-23,66.38
2024-04-22,66.26
2024-04-19,66.23
2024-04-18,66.15
2024-04-17,66.33
2024-04-16,66.01
2024-04-15,66.18
2024-04-12,66.62
2024-04-11,66.47
2024-04-10,66.47
2024-04-09,67.25
2024-04-08,67.01
2024-04-05,67.07
2024-04-04,67.4
2024-04-03,67.26
2024-04-02,67.21
2024-04-01,67.29
2024-03-28,67.75
2024-03-27,67.83
2024-03-26,67.6
2024-03-25,67.54
2024-03-22,67.68
2024-03-21,67.45
2024-03-20,67.4
2024-03-19,67.27
2024-03-18,67.1
2024-03-15,67.18
2024-03-14,67.22
2024-03-13,67.62
2024-03-12,67.73
2024-03-11,67.94
2024-03-08,67.96
2024-03-07,67.9
2024-03-06,67.79
2024-03-05,67.67
2024-03-04,67.3
2024-03-01,67.46
2024-02-29,67.18
2024-02-28,67.07
2024-02-27,66.92
2024-02-26,67.02
2024-02-23,67.14
2024-02-22,66.9
2024-02-21,66.87
2024-02-20,67.06
2024-02-16,66.98
2024-02-15,67.19
2024-02-14,67.0
2024-02-13,66.75
2024-02-12,67.34
2024-02-09,67.32
2024-02-08,67.38
2024-02-07,67.55
2024-02-06,67.68
2024-02-05,67.37
2024-02-02,67.91
2024-02-01,68.52
2024-01-31,68.11
2024-01-30,67.82
2024-01-29,67.7
2024-01-26,67.43
2024-01-25,67.53
2024-01-24,67.22
2024-01-23,67.36
2024-01-22,67.52
2024-01-19,67.41
2024-01-18,67.41
2024-01-17,67.5
2024-01-16,67.66
2024-01-12,68.14
2024-01-11,68.0
2024-01-10,67.65
2024-01-09,67.77
2024-01-08,67.78
2024-01-05,67.48
2024-01-04,67.68
2024-01-03,67.99
2024-01-02,67.93
2023-12-29,68.22
2023-12-28,68.38
2023-12-27,68.55
2023-12-26,68.11
2023-12-22,68.05
2023-12-21,68.09
2023-12-20,68.1
2023-12-19,67.88
2023-12-18,67.75
2023-12-15,67.89
2023-12-14,67.99
2023-12-13,67.48
2023-12-12,66.63
2023-12-11,66.43
2023-12-08,66.42
2023-12-07,66.75
2023-12-06,66.77
2023-12-05,66.57
2023-12-04,66.15
2023-12-01,66.42
2023-11-30,65.88
2023-11-29,66.09
2023-11-28,65.75
2023-11-27,65.47
2023-11-24,65.08
2023-11-22,65.39
2023-11-21,65.34
2023-11-20,65.24
2023-11-17,65.15
2023-11-16,65.06
2023-11-15,64.67
2023-11-14,65.03
2023-11-13,64.25
2023-11-10,64.27
2023-11-09,64.15
2023-11-08,64.63
2023-11-07,64.42
2023-11-06,64.1
2023-11-03,64.38
2023-11-02,64.0
2023-11-01,63.63
2023-10-31,63.02
2023-10-30,63.04
2023-10-27,63.19
2023-10-26,63.19
2023-10-25,62.77
2023-10-24,63.25
2023-10-23,63.04
2023-10-20,62.8
2023-10-19,62.57
2023-10-18,62.85
2023-10-17,63.12
2023-10-16,63.54
2023-10-13,63.87
2023-10-12,63.57
2023-10-11,64.12
2023-10-10,63.83
2023-10-09,63.89
2023-10-06,63.25
2023-10-05,63.5
2023-10-04,63.45
2023-10-03,63.04
2023-10-02,63.55
2023-09-29,63.99
2023-09-28,64.02
2023-09-27,63.85
2023-09-26,64.08
2023-09-25,64.15
2023-09-22,64.62
2023-09-21,64.36
2023-09-20,64.76
2023-09-19,64.84
2023-09-18,64.98
2023-09-15,64.92
2023-09-14,65.04
2023-09-13,65.15
2023-09-12,65.05
2023-09-11,65.01
2023-09-08,65.11
2023-09-07,65.09
2023-09-06,64.87
2023-09-05,64.94
2023-09-01,65.3
2023-08-31,65.62
2023-08-30,65.51
2023-08-29,65.54
2023-08-28,65.13
2023-08-25,65.02
2023-08-24,65.02
2023-08-23,65.17
2023-08-22,64.59
2023-08-21,64.5
2023-08-18,64.81
2023-08-17,64.68
2023-08-16,64.74
2023-08-15,64.92
2023-08-14,65.07
2023-08-11,65.15
2023-08-10,65.36
2023-08-09,65.73
2023-08-08,65.71
2023-08-07,65.47
2023-08-04,65.57
2023-08-03,65.03
2023-08-02,65.44
2023-08-01,65.65
2023-07-31,66.06
2023-07-28,65.94
2023-07-27,65.71
2023-07-26,66.28
2023-07-25,66.06
2023-07-24,66.13
2023-07-21,66.24
2023-07-20,66.2
2023-07-19,66.51
2023-07-18,66.35
2023-07-17,66.27
2023-07-14,66.2
2023-07-13,66.51
2023-07-12,66.11
2023-07-11,65.59
2023-07-10,65.45
2023-07-07,65.22
2023-07-06,65.26
2023-07-05,65.68
2023-07-03,65.95
2023-06-30,66.14
2023-06-29,65.91
2023-06-28,66.41
2023-06-27,66.2
2023-06-26,66.33
2023-06-23,66.25
2023-06-22,66.06
2023-06-21,66.38
2023-06-20,66.27
2023-06-16,66.18
2023-06-15,66.32
2023-06-14,65.91
2023-06-13,65.86
2023-06-12,66.15
2023-06-09,66.01
2023-06-08,66.15
2023-06-07,65.82
2023-06-06,66.19
2023-06-05,66.1
2023-06-02,66.09
2023-06-01,66.47
2023-05-31,66.29
2023-05-30,66.07
2023-05-26,65.64
2023-05-25,65.55
2023-05-24,65.8
2023-05-23,65.98
2023-05-22,65.94
2023-05-19,65.95
2023-05-18,66.14
2023-05-17,66.41
2023-05-16,66.53
2023-05-15,66.69
2023-05-12,66.86
2023-05-11,67.22
2023-05-10,67.0
2023-05-09,66.59
2023-05-08,66.66
2023-05-05,66.98
2023-05-04,67.22
2023-05-03,67.32
2023-05-02,67.03
2023-05-01,66.38
2023-04-28,67.07
2023-04-27,66.7
2023-04-26,66.99
2023-04-25,67.22
2023-04-24,66.79
2023-04-21,66.53
2023-04-20,66.64
2023-04-19,66.35
2023-04-18,66.45
2023-04-17,66.35
2023-04-14,66.71
2023-04-13,67.01
2023-04-12,67.04
2023-04-11,66.97
2023-04-10,66.94
2023-04-06,67.4
2023-04-05,67.41
2023-04-04,67.23
2023-04-03,66.96
2023-03-31,66.68
2023-03-30,66.34
2023-03-29,66.25
2023-03-28,66.17
2023-03-27,66.29
2023-03-24,66.99
2023-03-23,66.85
2023-03-22,66.7
2023-03-21,66.11
2023-03-20,66.29
2023-03-17,66.58
2023-03-16,66.1
2023-03-15,66.42
2023-03-14,65.74
2023-03-13,66.16
2023-03-10,65.63
2023-03-09,64.86
2023-03-08,64.64
2023-03-07,64.69
2023-03-06,64.77
2023-03-03,64.92
2023-03-02,64.42
2023-03-01,64.56
2023-02-28,64.94
2023-02-27,64.92
2023-02-24,64.81
2023-02-23,65.17
2023-02-22,64.94
2023-02-21,64.8
2023-02-17,65.36
2023-02-16,65.22
2023-02-15,65.47
2023-02-14,65.62
2023-02-13,65.84
2023-02-10,65.66
2023-02-09,65.94
2023-02-08,66.21
2023-02-07,66.09
2023-02-06,66.18
2023-02-03,66.6
2023-02-02,67.19
2023-02-01,67.15
2023-01-31,66.72
2023-01-30,66.41
2023-01-27,66.6
2023-01-26,66.68
2023-01-25,66.8
2023-01-24,66.72
2023-01-23,66.42
2023-01-20,66.59
2023-01-19,66.88
2023-01-18,67.02
2023-01-17,66.41
2023-01-13,66.5
2023-01-12,66.72
2023-01-11,66.21
2023-01-10,65.86
2023-01-09,66.12
2023-01-06,65.94
2023-01-05,65.22
2023-01-04,65.29
2023-01-03,64.92
2022-12-30,64.58
2022-12-29,64.85
2022-12-28,64.61
2022-12-27,64.7
2022-12-23,65.2
2022-12-22,65.41
2022-12-21,65.42
2022-12-20,65.27
2022-12-19,65.7
2022-12-16,66.09
2022-12-15,66.26
2022-12-14,66.23
2022-12-13,66.06
2022-12-12,65.62
2022-12-09,65.62
2022-12-08,66.0
2022-12-07,66.19
2022-12-06,65.62
2022-12-05,65.4
2022-12-02,65.92
2022-12-01,65.65
2022-11-30,65.11
2022-11-29,64.61
2022-11-28,64.85
2022-11-25,64.93
2022-11-23,64.93
2022-11-22,64.54
2022-11-21,64.21
2022-11-18,64.21
2022-11-17,64.31
2022-11-16,64.58
2022-11-15,64.22
2022-11-14,63.77
2022-11-11,63.97
2022-11-10,63.97
2022-11-09,62.68
2022-11-08,62.59
2022-11-07,62.31
2022-11-04,62.55
2022-11-03,62.53
2022-11-02,62.77
2022-11-01,62.87
2022-10-31,62.81
2022-10-28,63.01
2022-10-27,63.13
2022-10-26,62.8
2022-10-25,62.55
2022-10-24,61.96
2022-10-21,62.05
2022-10-20,61.94
2022-10-19,62.36
2022-10-18,62.88
2022-10-17,62.74
2022-10-14,62.6
2022-10-13,62.91
2022-10-12,63.13
2022-10-11,63.06
2022-10-10,63.04
2022-10-07,63.33
2022-10-06,63.66
2022-10-05,63.9
2022-10-04,64.24
2022-10-03,64.08
2022-09-30,63.55
2022-09-29,63.7
2022-09-28,64.03
2022-09-27,63.05
2022-09-26,63.33
2022-09-23,64.15
2022-09-22,64.33
2022-09-21,64.99
2022-09-20,64.82
2022-09-19,65.14
2022-09-16,65.18
2022-09-15,65.25
2022-09-14,65.45
2022-09-13,65.37
2022-09-12,65.7
2022-09-09,65.78
2022-09-08,65.8
2022-09-07,66.01
2022-09-06,65.54
2022-09-02,66.13
2022-09-01,65.96
2022-08-31,66.32
2022-08-30,66.6
2022-08-29,66.54
2022-08-26,66.84
2022-08-25,66.98
2022-08-24,66.61
2022-08-23,66.78
2022-08-22,66.81
2022-08-19,67.11
2022-08-18,67.54
2022-08-17,67.41
2022-08-16,67.81
2022-08-15,67.9
2022-08-12,67.83
2022-08-11,67.52
2022-08-10,67.9
2022-08-09,67.72
2022-08-08,67.87
2022-08-05,67.56
2022-08-04,68.34
2022-08-03,68.17
2022-08-02,67.83
2022-08-01,68.52
2022-07-29,68.23
2022-07-28,68.28
2022-07-27,67.81
2022-07-26,67.63
2022-07-25,67.61
2022-07-22,67.86
2022-07-21,67.31
2022-07-20,66.76
2022-07-19,66.82
2022-07-18,66.87
2022-07-15,67.08
2022-07-14,66.84
2022-07-13,67.05
2022-07-12,66.84
2022-07-11,66.72
2022-07-08,66.47
2022-07-07,66.7
2022-07-06,66.88
2022-07-05,67.29
2022-07-01,67.17
2022-06-30,66.64
2022-06-29,66.36
2022-06-28,65.98
2022-06-27,65.94
2022-06-24,66.26
2022-06-23,66.38
2022-06-22,66.06
2022-06-21,65.52
2022-06-17,65.83
2022-06-16,65.79
2022-06-15,65.65
2022-06-14,64.9
2022-06-13,65.26
2022-06-10,66.33
2022-06-09,66.9
2022-06-08,66.99
2022-06-07,67.26
2022-06-06,67.03
2022-06-03,67.43
2022-06-02,67.53
2022-06-01,67.46
2022-05-31,67.77
2022-05-27,68.16
2022-05-26,67.96
2022-05-25,68.03
2022-05-24,67.76
2022-05-23,67.21
2022-05-20,67.45
2022-05-19,67.25
2022-05-18,67.11
2022-05-17,66.82
2022-05-16,67.22
2022-05-13,67.12
2022-05-12,67.36
2022-05-11,67.23
2022-05-10,67.0
2022-05-09,66.81
2022-05-06,66.51
2022-05-05,66.79
2022-05-04,67.46
2022-05-03,67.03
2022-05-02,66.87
2022-04-29,67.21
2022-04-28,67.67
2022-04-27,67.7
2022-04-26,67.91
2022-04-25,67.73
2022-04-22,67.31
2022-04-21,67.4
2022-04-20,67.76
2022-04-19,67.33
2022-04-18,67.76
2022-04-14,67.98
2022-04-13,68.45
2022-04-12,68.37
2022-04-11,68.15
2022-04-08,68.46
2022-04-07,68.83
2022-04-06,68.97
2022-04-05,69.19
2022-04-04,69.89
2022-04-01,69.84
2022-03-31,69.99
2022-03-30,69.94
2022-03-29,69.78
2022-03-28,69.47
2022-03-25,69.27
2022-03-24,69.88
2022-03-23,69.97
2022-03-22,69.66
2022-03-21,69.83
2022-03-18,70.55
2022-03-17,70.35
2022-03-16,70.29
2022-03-15,70.18
2022-03-14,70.07
2022-03-11,70.72
2022-03-10,70.77
2022-03-09,71.15
2022-03-08,71.34
2022-03-07,71.68
2022-03-04,72.03
2022-03-03,71.78
2022-03-02,71.46
2022-03-01,72.35
2022-02-28,71.97
2022-02-25,71.44
2022-02-24,71.38
2022-02-23,71.22
2022-02-22,71.58
2022-02-18,71.63
2022-02-17,71.5
2022-02-16,71.35
2022-02-15,71.25
2022-02-14,71.4
2022-02-11,71.8
2022-02-10,71.34
2022-02-09,72.0
2022-02-08,71.94
2022-02-07,72.18
2022-02-04,72.12
2022-02-03,72.57
2022-02-02,72.87
2022-02-01,72.77
2022-01-31,72.8
2022-01-28,72.85
2022-01-27,72.77
2022-01-26,72.53
2022-01-25,72.93
2022-01-24,73.03
2022-01-21,73.14
2022-01-20,72.87
2022-01-19,72.79
2022-01-18,72.62
2022-01-14,73.07
2022-01-13,73.48
2022-01-12,73.35
2022-01-11,73.38
2022-01-10,73.23
2022-01-07,73.29
2022-01-06,73.49
2022-01-05,73.57
2022-01-04,73.83
2022-01-03,73.84
2021-12-31,74.34
2021-12-30,74.35
2021-12-29,74.19
2021-12-28,74.43
2021-12-27,74.44
2021-12-23,74.41
2021-12-22,74.52
2021-12-21,74.44
2021-12-20,74.52
2021-12-17,74.64
2021-12-16,74.51
2021-12-15,74.42
2021-12-14,74.51
2021-12-13,74.63
2021-12-10,74.38
2021-12-09,74.35
2021-12-08,74.32
2021-12-07,74.55
2021-12-06,74.71
2021-12-03,74.91
2021-12-02,74.62
2021-12-01,74.62
2021-11-30,74.57
2021-11-29,74.43
2021-11-26,74.44
2021-11-24,73.92
2021-11-23,73.74
2021-11-22,74.04
2021-11-19,74.4
2021-11-18,74.25
2021-11-17,74.16
2021-11-16,74.0
2021-11-15,74.05
2021-11-12,74.36
2021-11-11,74.35
2021-11-10,74.47
2021-11-09,74.98
2021-11-08,74.77
2021-11-05,74.94
2021-11-04,74.71
2021-11-03,74.37
2021-11-02,74.5
2021-11-01,74.36
2021-10-29,74.42
2021-10-28,74.4
2021-10-27,74.5
2021-10-26,74.23
2021-10-25,74.08
2021-10-22,74.04
2021-10-21,73.89
2021-10-20,73.99
2021-10-19,74.08
2021-10-18,74.29
2021-10-15,74.33
2021-10-14,74.52
2021-10-13,74.38
2021-10-12,74.18
2021-10-11,73.91
2021-10-08,74.03
2021-10-07,74.21
2021-10-06,74.42
2021-10-05,74.38
2021-10-04,74.57
2021-10-01,74.62
2021-09-30,74.37
2021-09-29,74.39
2021-09-28,74.38
2021-09-27,74.7
2021-09-24,74.79
2021-09-23,74.94
2021-09-22,75.34
2021-09-21,75.27
2021-09-20,75.28
2021-09-17,75.07
2021-09-16,75.17
2021-09-15,75.31
2021-09-14,75.38
2021-09-13,75.2
2021-09-10,75.08
2021-09-09,75.27
2021-09-08,75.0
2021-09-07,74.87
2021-09-03,75.09
2021-09-02,75.25
2021-09-01,75.14
2021-08-31,75.13
2021-08-30,75.23
2021-08-27,75.14
2021-08-26,74.92
2021-08-25,74.91
2021-08-24,75.03
2021-08-23,75.18
2021-08-20,75.17
2021-08-19,75.18
2021-08-18,75.02
2021-08-17,75.03
2021-08-16,75.11
2021-08-13,75.04
2021-08-12,74.75
2021-08-11,74.74
2021-08-10,74.69
2021-08-09,74.8
2021-08-06,74.94
2021-08-05,75.3
2021-08-04,75.47
2021-08-03,75.47
2021-08-02,75.45
2021-07-30,75.27
2021-07-29,75.16
2021-07-28,75.29
2021-07-27,75.22
2021-07-26,75.03
2021-07-23,75.07
2021-07-22,75.16
2021-07-21,74.99
2021-07-20,75.24
2021-07-19,75.31
2021-07-16,74.89
2021-07-15,74.96
2021-07-14,74.78
2021-07-13,74.52
2021-07-12,74.76
2021-07-09,74.78
2021-07-08,75.02
2021-07-07,74.95
2021-07-06,74.79
2021-07-02,74.52
2021-07-01,74.39
2021-06-30,74.4
2021-06-29,74.35
2021-06-28,74.31
2021-06-25,74.11
2021-06-24,74.25
2021-06-23,74.22
2021-06-22,74.27
2021-06-21,74.17
2021-06-18,74.43
2021-06-17,74.19
2021-06-16,73.94
2021-06-15,74.15
2021-06-14,74.15
2021-06-11,74.34
2021-06-10,74.36
2021-06-09,74.2
2021-06-08,74.05
2021-06-07,73.91
2021-06-04,73.97
2021-06-03,73.67
2021-06-02,73.81
2021-06-01,73.73
2021-05-28,73.74
2021-05-27,73.75
2021-05-26,73.85
2021-05-25,73.88
2021-05-24,73.69
2021-05-21,73.6
2021-05-20,73.58
2021-05-19,73.34
2021-05-18,73.42
2021-05-17,73.5
2021-05-14,73.57
2021-05-13,73.39
2021-05-12,73.25
2021-05-11,73.51
2021-05-10,73.65
2021-05-07,73.83
2021-05-06,73.82
2021-05-05,73.78
2021-05-04,73.74
2021-05-03,73.64
2021-04-30,73.63
2021-04-29,73.53
2021-04-28,73.59
2021-04-27,73.55
2021-04-26,73.74
2021-04-23,73.79
2021-04-22,73.79
2021-04-21,73.75
2021-04-20,73.67
2021-04-19,73.55
2021-04-16,73.6
2021-04-15,73.79
2021-04-14,73.48
2021-04-13,73.53
2021-04-12,73.34
2021-04-09,73.36
2021-04-08,73.46
2021-04-07,73.29
2021-04-06,73.38
2021-04-05,73.12
2021-04-01,73.23
2021-03-31,73.0
2021-03-30,73.03
2021-03-29,72.96
2021-03-26,73.05
2021-03-25,73.18
2021-03-24,73.23
2021-03-23,73.12
2021-03-22,72.96
2021-03-19,72.75
2021-03-18,72.69
2021-03-17,72.99
2021-03-16,73.02
2021-03-15,73.03
2021-03-12,72.94
2021-03-11,73.38
2021-03-10,73.37
2021-03-09,73.23
2021-03-08,72.99
2021-03-05,73.33
2021-03-04,73.37
2021-03-03,73.6
2021-03-02,73.84
2021-03-01,73.84
2021-02-26,73.94
2021-02-25,73.3
2021-02-24,73.95
2021-02-23,73.99
2021-02-22,74.01
2021-02-19,74.22
2021-02-18,74.47
2021-02-17,74.52
2021-02-16,74.36
2021-02-12,74.71
2021-02-11,74.91
2021-02-10,74.99
2021-02-09,74.87
2021-02-08,74.9
2021-02-05,74.82
2021-02-04,74.92
2021-02-03,74.9
2021-02-02,75.03
2021-02-01,75.13
2021-01-29,75.1
2021-01-28,75.16
2021-01-27,75.22
2021-01-26,75.22
2021-01-25,75.23
2021-01-22,75.06
2021-01-21,75.02
2021-01-20,75.13
2021-01-19,75.13
2021-01-15,75.03
2021-01-14,74.97
2021-01-13,75.07
2021-01-12,74.87
2021-01-11,74.89
2021-01-08,74.96
2021-01-07,75.03
2021-01-06,75.19
2021-01-05,75.52
2021-01-04,75.65
2020-12-31,75.75
2020-12-30,75.65
2020-12-29,75.6
2020-12-28,75.57
2020-12-24,75.6
2020-12-23,75.47
2020-12-22,75.55
2020-12-21,75.43
2020-12-18,75.42
2020-12-17,75.45
2020-12-16,75.43
2020-12-15,75.51
2020-12-14,75.47
2020-12-11,75.5
2020-12-10,75.38
2020-12-09,75.22
2020-12-08,75.35
2020-12-07,75.33
2020-12-04,75.22
2020-12-03,75.42
2020-12-02,75.28
2020-12-01,75.4
2020-11-30,75.63
2020-11-27,75.53
2020-11-25,75.36
2020-11-24,75.4
2020-11-23,75.48
2020-11-20,75.54
2020-11-19,75.47
2020-11-18,75.31
2020-11-17,75.23
2020-11-16,75.1
2020-11-13,75.06
2020-11-12,75.03
2020-11-11,74.78
2020-11-10,74.73
2020-11-09,74.88
2020-11-06,75.23
2020-11-05,75.4
2020-11-04,75.32
2020-11-03,74.81
2020-11-02,74.83
2020-10-30,74.72
2020-10-29,74.85
2020-10-28,75.01
2020-10-27,75.11
2020-10-26,74.93
2020-10-23,74.82
2020-10-22,74.73
2020-10-21,74.86
2020-10-20,74.94
2020-10-19,75.07
2020-10-16,75.14
2020-10-15,75.2
2020-10-14,75.24
2020-10-13,75.2
2020-10-12,75.14
2020-10-09,75.03
2020-10-08,75.01
2020-10-07,74.88
2020-10-06,74.98
2020-10-05,74.88
2020-10-02,75.16
2020-10-01,75.21
2020-09-30,75.14
2020-09-29,75.26
2020-09-28,75.21
2020-09-25,75.14
2020-09-24,75.15
2020-09-23,75.14
2020-09-22,75.31
2020-09-21,75.28
2020-09-18,75.24
2020-09-17,75.33
2020-09-16,75.33
2020-09-15,75.34
2020-09-14,75.3
2020-09-11,75.3
2020-09-10,75.22
2020-09-09,75.21
2020-09-08,75.26
2020-09-04,75.15
2020-09-03,75.59
2020-09-02,75.58
2020-09-01,75.42
2020-08-31,75.21
2020-08-28,74.99
2020-08-27,74.93
2020-08-26,75.2
2020-08-25,75.24
2020-08-24,75.39
2020-08-21,75.47
2020-08-20,75.31
2020-08-19,75.18
2020-08-18,75.31
2020-08-17,75.21
2020-08-14,75.12
2020-08-13,75.2
2020-08-12,75.45
2020-08-11,75.64
2020-08-10,75.91
2020-08-07,75.99
2020-08-06,76.08
2020-08-05,75.96
2020-08-04,76.06
2020-08-03,75.9
2020-07-31,75.92
2020-07-30,75.82
2020-07-29,75.78
2020-07-28,75.66
2020-07-27,75.62
2020-07-24,75.67
2020-07-23,75.69
2020-07-22,75.62
2020-07-21,75.52
2020-07-20,75.48
2020-07-17,75.4
2020-07-16,75.33
2020-07-15,75.28
2020-07-14,75.27
2020-07-13,75.17
2020-07-10,75.14
2020-07-09,75.22
2020-07-08,75.02
2020-07-07,75.06
2020-07-06,74.94
2020-07-02,74.97
2020-07-01,74.85
2020-06-30,74.83
2020-06-29,74.75
2020-06-26,74.7
2020-06-25,74.57
2020-06-24,74.49
2020-06-23,74.48
2020-06-22,74.52
2020-06-19,74.54
2020-06-18,74.52
2020-06-17,74.43
2020-06-16,74.42
2020-06-15,74.51
2020-06-12,74.36
2020-06-11,74.28
2020-06-10,74.42
2020-06-09,74.1
2020-06-08,74.05
2020-06-05,73.97
2020-06-04,73.98
2020-06-03,74.16
2020-06-02,74.33
2020-06-01,74.27
2020-05-29,74.33
2020-05-28,74.12
2020-05-27,74.09
2020-05-26,74.06
2020-05-22,74.1
2020-05-21,74.08
2020-05-20,74.0
2020-05-19,73.81
2020-05-18,73.71
2020-05-15,73.85
2020-05-14,73.81
2020-05-13,73.6
2020-05-12,73.52
2020-05-11,73.28
2020-05-08,73.51
2020-05-07,73.72
2020-05-06,73.48
2020-05-05,73.81
2020-05-04,73.88
2020-05-01,73.81
2020-04-30,73.84
2020-04-29,73.9
2020-04-28,73.85
2020-04-27,73.63
2020-04-24,73.89
2020-04-23,73.92
2020-04-22,73.8
2020-04-21,73.86
2020-04-20,73.76
2020-04-17,73.88
2020-04-16,73.98
2020-04-15,73.94
2020-04-14,73.58
2020-04-13,73.58
2020-04-09,73.81
2020-04-08,73.01
2020-04-07,72.83
2020-04-06,72.76
2020-04-03,72.53
2020-04-02,72.57
2020-04-01,72.23
2020-03-31,71.86
2020-03-30,72.53
2020-03-27,72.46
2020-03-26,72.07
2020-03-25,71.74
2020-03-24,70.79
2020-03-23,70.71
2020-03-20,69.18
2020-03-19,68.03
2020-03-18,68.07
2020-03-17,69.75
2020-03-16,71.23
2020-03-13,70.49
2020-03-12,67.63
2020-03-11,71.52
2020-03-10,72.9
2020-03-09,73.9
2020-03-06,74.06
2020-03-05,73.55
2020-03-04,73.27
2020-03-03,73.29
2020-03-02,72.85
2020-02-28,72.9
2020-02-27,72.42
2020-02-26,72.34
2020-02-25,72.38
2020-02-24,72.32
2020-02-21,72.09
2020-02-20,71.92
2020-02-19,71.74
2020-02-18,71.75
2020-02-14,71.64
2020-02-13,71.56
2020-02-12,71.5
2020-02-11,71.58
2020-02-10,71.7
2020-02-07,71.59
2020-02-06,71.37
2020-02-05,71.3
2020-02-04,71.42
2020-02-03,71.64
2020-01-31,71.7
2020-01-30,71.52
2020-01-29,71.5
2020-01-28,71.3
2020-01-27,71.42
2020-01-24,71.19
2020-01-23,71.08
2020-01-22,70.95
2020-01-21,70.9
2020-01-17,70.72
2020-01-16,70.73
2020-01-15,70.77
2020-01-14,70.66
2020-01-13,70.56
2020-01-10,70.6
2020-01-09,70.48
2020-01-08,70.4
2020-01-07,70.51
2020-01-06,70.57
2020-01-03,70.65
2020-01-02,70.4
2019-12-31,70.31
2019-12-30,70.38
2019-12-27,70.41
2019-12-26,70.31
2019-12-24,70.24
2019-12-23,70.17
2019-12-20,70.22
2019-12-19,70.2
2019-12-18,70.15
2019-12-17,70.25
2019-12-16,70.24
2019-12-13,70.43
2019-12-12,70.11
2019-12-11,70.45
2019-12-10,70.21
2019-12-09,70.26
2019-12-06,70.25
2019-12-05,70.34
2019-12-04,70.41
2019-12-03,70.55
2019-12-02,70.18
2019-11-29,70.36
2019-11-27,70.36
2019-11-26,70.47
2019-11-25,70.35
2019-11-22,70.29
2019-11-21,70.24
2019-11-20,70.36
2019-11-19,70.17
2019-11-18,70.09
2019-11-15,69.99
2019-11-14,70.02
2019-11-13,69.82
2019-11-12,69.69
2019-11-11,69.65
2019-11-08,69.61
2019-11-07,69.68
2019-11-06,70.03
2019-11-05,69.88
2019-11-04,70.13
2019-11-01,70.33
2019-10-31,70.39
2019-10-30,70.06
2019-10-29,69.83
2019-10-28,69.82
2019-10-25,69.97
2019-10-24,70.08
2019-10-23,70.07
2019-10-22,70.04
2019-10-21,69.92
2019-10-18,70.08
2019-10-17,70.05
2019-10-16,70.05
2019-10-15,69.97
2019-10-14,70.16
2019-10-11,70.04
2019-10-10,70.3
2019-10-09,70.52
2019-10-08,70.6
2019-10-07,70.56
2019-10-04,70.75
2019-10-03,70.63
2019-10-02,70.4
2019-10-01,70.24
2019-09-30,70.17
2019-09-27,70.12
2019-09-26,70.05
2019-09-25,69.93
2019-09-24,70.26
2019-09-23,70.02
2019-09-20,69.97
2019-09-19,69.72
2019-09-18,69.62
2019-09-17,69.57
2019-09-16,69.41
2019-09-13,69.23
2019-09-12,69.63
2019-09-11,69.76
2019-09-10,69.8
2019-09-09,70.16
2019-09-06,70.49
2019-09-05,70.4
2019-09-04,70.77
2019-09-03,70.64
2019-08-30,70.57
2019-08-29,70.58
2019-08-28,70.62
2019-08-27,70.59
2019-08-26,70.35
2019-08-23,70.4
2019-08-22,70.14
2019-08-21,70.27
2019-08-20,70.3
2019-08-19,70.12
2019-08-16,70.35
2019-08-15,70.42
2019-08-14,70.08
2019-08-13,69.83
2019-08-12,69.94
2019-08-09,69.63
2019-08-08,69.76
2019-08-07,69.7
2019-08-06,69.7
2019-08-05,69.53
2019-08-02,69.23
2019-08-01,69.16
2019-07-31,68.67
2019-07-30,68.59
2019-07-29,68.6
2019-07-26,68.56
2019-07-25,68.56
2019-07-24,68.64
2019-07-23,68.57
2019-07-22,68.63
2019-07-19,68.55
2019-07-18,68.63
2019-07-17,68.5
2019-07-16,68.3
2019-07-15,68.39
2019-07-12,68.29
2019-07-11,68.23
2019-07-10,68.45
2019-07-09,68.4
2019-07-08,68.49
2019-07-05,68.5
2019-07-03,68.82
2019-07-02,68.69
2019-07-01,68.56
2019-06-28,68.57
2019-06-27,68.51
2019-06-26,68.31
2019-06-25,68.47
2019-06-24,68.45
2019-06-21,68.32
2019-06-20,68.51
2019-06-19,68.41
2019-06-18,68.17
2019-06-17,68.02
2019-06-14,68.02
2019-06-13,68.01
2019-06-12,67.89
2019-06-11,67.78
2019-06-10,67.83
2019-06-07,67.97
2019-06-06,67.79
2019-06-05,67.8
2019-06-04,67.8
2019-06-03,67.92
2019-05-31,67.73
2019-05-30,67.43
2019-05-29,67.25
2019-05-28,67.27
2019-05-24,67.13
2019-05-23,67.13
2019-05-22,66.89
2019-05-21,66.77
2019-05-20,66.8
2019-05-17,66.88
2019-05-16,66.87
2019-05-15,66.96
2019-05-14,66.87
2019-05-13,66.82
2019-05-10,66.68
2019-05-09,66.69
2019-05-08,66.63
2019-05-07,66.68
2019-05-06,66.58
2019-05-03,66.5
2019-05-02,66.37
2019-05-01,66.52
2019-04-30,66.52
2019-04-29,66.42
2019-04-26,66.56
2019-04-25,66.41
2019-04-24,66.43
2019-04-23,66.26
2019-04-22,66.14
2019-04-18,66.21
2019-04-17,66.12
2019-04-16,66.12
2019-04-15,66.23
2019-04-12,66.22
2019-04-11,66.34
2019-04-10,66.45
2019-04-09,66.36
2019-04-08,66.27
2019-04-05,66.33
2019-04-04,66.28
2019-04-03,66.22
2019-04-02,66.31
2019-04-01,66.27
2019-03-29,66.54
2019-03-28,66.59
2019-03-27,66.56
2019-03-26,66.43
2019-03-25,66.42
2019-03-22,66.34
2019-03-21,65.97
2019-03-20,65.96
2019-03-19,65.67
2019-03-18,65.7
2019-03-15,65.74
2019-03-14,65.62
2019-03-13,65.68
2019-03-12,65.71
2019-03-11,65.56
2019-03-08,65.59
2019-03-07,65.51
2019-03-06,65.32
2019-03-05,65.24
2019-03-04,65.19
2019-03-01,65.07
2019-02-28,65.27
2019-02-27,65.34
2019-02-26,65.47
2019-02-25,65.38
2019-02-22,65.41
2019-02-21,65.26
2019-02-20,65.39
2019-02-19,65.42
2019-02-15,65.36
2019-02-14,65.34
2019-02-13,65.22
2019-02-12,65.32
2019-02-11,65.33
2019-02-08,65.35
2019-02-07,65.25
2019-02-06,65.2
2019-02-05,65.23
2019-02-04,65.09
2019-02-01,65.15
2019-01-31,65.33
2019-01-30,65.03
2019-01-29,64.96
2019-01-28,64.83
2019-01-25,64.81
2019-01-24,64.88
2019-01-23,64.74
2019-01-22,64.68
2019-01-18,64.56
2019-01-17,64.61
2019-01-16,64.69
2019-01-15,64.66
2019-01-14,64.65
2019-01-11,64.71
2019-01-10,64.58
2019-01-09,64.71
2019-01-08,64.62
2019-01-07,64.7
2019-01-04,64.8
2019-01-03,65.0
2019-01-02,64.74
2018-12-31,64.61
2018-12-28,64.45
2018-12-27,64.29
2018-12-26,64.16
2018-12-24,64.29
2018-12-21,64.28
2018-12-20,64.28
2018-12-19,64.37
2018-12-18,64.26
2018-12-17,64.16
2018-12-14,64.04
2018-12-13,63.98
2018-12-12,63.93
2018-12-11,64.0
2018-12-10,63.99
2018-12-07,63.92
2018-12-06,63.79
2018-12-04,63.68
2018-12-03,63.52
2018-11-30,63.42
2018-11-29,63.4
2018-11-28,63.35
2018-11-27,63.31
2018-11-26,63.27
2018-11-23,63.32
2018-11-21,63.33
2018-11-20,63.27
2018-11-19,63.31
2018-11-16,63.31
2018-11-15,63.17
2018-11-14,63.16
2018-11-13,63.11
2018-11-12,63.14
2018-11-09,63.05
2018-11-08,62.89
2018-11-07,63.0
2018-11-06,62.94
2018-11-05,62.95
2018-11-02,62.9
2018-11-01,63.14
2018-10-31,63.02
2018-10-30,63.15
2018-10-29,63.24
2018-10-26,63.3
2018-10-25,63.18
2018-10-24,63.25
2018-10-23,63.08
2018-10-22,63.0
2018-10-19,63.02
2018-10-18,63.05
2018-10-17,63.09
2018-10-16,63.21
2018-10-15,63.16
2018-10-12,63.17
2018-10-11,63.19
2018-10-10,63.01
2018-10-09,63.06
2018-10-08,62.94
2018-10-05,62.96
2018-10-04,63.08
2018-10-03,63.24
2018-10-02,63.56
2018-10-01,63.45
2018-09-28,63.57
2018-09-27,63.57
2018-09-26,63.52
2018-09-25,63.36
2018-09-24,63.41
2018-09-21,63.49
2018-09-20,63.45
2018-09-19,63.37
2018-09-18,63.46
2018-09-17,63.61
2018-09-14,63.62
2018-09-13,63.72
2018-09-12,63.68
2018-09-11,63.63
2018-09-10,63.77
2018-09-07,63.73
2018-09-06,63.93
2018-09-05,63.84
2018-09-04,63.82
2018-08-31,63.92
2018-08-30,63.9
2018-08-29,63.86
2018-08-28,63.9
2018-08-27,63.99
2018-08-24,64.07
2018-08-23,64.04
2018-08-22,64.04
2018-08-21,64.0
2018-08-20,64.03
2018-08-17,63.95
2018-08-16,63.88
2018-08-15,63.85
2018-08-14,63.77
2018-08-13,63.82
2018-08-10,63.81
2018-08-09,63.68
2018-08-08,63.56
2018-08-07,63.57
2018-08-06,63.69
2018-08-03,63.63
2018-08-02,63.49
2018-08-01,63.46
2018-07-31,63.5
2018-07-30,63.45
2018-07-27,63.52
2018-07-26,63.49
2018-07-25,63.54
2018-07-24,63.54
2018-07-23,63.44
2018-07-20,63.64
2018-07-19,63.79
2018-07-18,63.67
2018-07-17,63.7
2018-07-16,63.73
2018-07-13,63.81
2018-07-12,63.76
2018-07-11,63.71
2018-07-10,63.68
2018-07-09,63.72
2018-07-06,63.77
2018-07-05,63.7
2018-07-03,63.61
2018-07-02,63.48
2018-06-29,63.52
2018-06-28,63.54
2018-06-27,63.58
2018-06-26,63.43
2018-06-25,63.33
2018-06-22,63.34
2018-06-21,63.3
2018-06-20,63.26
2018-06-19,63.41
2018-06-18,63.3
2018-06-15,63.3
2018-06-14,63.3
2018-06-13,63.16
2018-06-12,63.2
2018-06-11,63.21
2018-06-08,63.26
2018-06-07,63.34
2018-06-06,63.18
2018-06-05,63.36
2018-06-04,63.3
2018-06-01,63.44
2018-05-31,63.55
2018-05-30,63.57
2018-05-29,63.77
2018-05-25,63.33
2018-05-24,63.19
2018-05-23,63.06
2018-05-22,62.87
2018-05-21,62.85
2018-05-18,62.85
2018-05-17,62.69
2018-05-16,62.74
2018-05-15,62.79
2018-05-14,63.09
2018-05-11,63.17
2018-05-10,63.1
2018-05-09,62.97
2018-05-08,63.05
2018-05-07,63.09
2018-05-04,63.13
2018-05-03,63.09
2018-05-02,63.03
2018-05-01,63.02
2018-04-30,63.12
2018-04-27,63.09
2018-04-26,62.99
2018-04-25,62.86
2018-04-24,62.95
2018-04-23,63.06
2018-04-20,63.1
2018-04-19,63.26
2018-04-18,63.41
2018-04-17,63.61
2018-04-16,63.59
2018-04-13,63.58
2018-04-12,63.54
2018-04-11,63.65
2018-04-10,63.61
2018-04-09,63.72
2018-04-06,63.65
2018-04-05,63.5
2018-04-04,63.58
2018-04-03,63.58
2018-04-02,63.65
2018-03-29,63.66
2018-03-28,63.5
2018-03-27,63.51
2018-03-26,63.29
2018-03-23,63.33
2018-03-22,63.32
2018-03-21,63.21
2018-03-20,63.21
2018-03-19,63.29
2018-03-16,63.34
2018-03-15,63.4
2018-03-14,63.39
2018-03-13,63.25
2018-03-12,63.24
2018-03-09,63.17
2018-03-08,63.25
2018-03-07,63.18
2018-03-06,63.2
2018-03-05,63.17
2018-03-02,63.21
2018-03-01,63.33
2018-02-28,63.23
2018-02-27,63.15
2018-02-26,63.29
2018-02-23,63.25
2018-02-22,63.09
2018-02-21,63.01
2018-02-20,63.25
2018-02-16,63.31
2018-02-15,63.17
2018-02-14,63.11
2018-02-13,63.32
2018-02-12,63.26
2018-02-09,63.25
2018-02-08,63.41
2018-02-07,63.45
2018-02-06,63.6
2018-02-05,63.8
2018-02-02,63.52
2018-02-01,63.72
2018-01-31,63.89
2018-01-30,63.87
2018-01-29,63.99
2018-01-26,64.08
2018-01-25,64.2
2018-01-24,64.02
2018-01-23,64.1
2018-01-22,63.93
2018-01-19,63.98
2018-01-18,64.11
2018-01-17,64.24
2018-01-16,64.31
2018-01-12,64.26
2018-01-11,64.27
2018-01-10,64.27
2018-01-09,64.26
2018-01-08,64.45
2018-01-05,64.44
2018-01-04,64.53
2018-01-03,64.56
2018-01-02,64.51
2017-12-29,64.69
2017-12-28,64.59
2017-12-27,64.63
2017-12-26,64.43
2017-12-22,64.36
2017-12-21,64.33
2017-12-20,64.29
2017-12-19,64.41
2017-12-18,64.61
2017-12-15,64.72
2017-12-14,64.71
2017-12-13,64.68
2017-12-12,64.5
2017-12-11,64.51
2017-12-08,64.56
2017-12-07,64.58
2017-12-06,64.67
2017-12-05,64.6
2017-12-04,64.52
2017-12-01,64.51
2017-11-30,64.34
2017-11-29,64.43
2017-11-28,64.59
2017-11-27,64.59
2017-11-24,64.62
2017-11-22,64.63
2017-11-21,64.5
2017-11-20,64.44
2017-11-17,64.48
2017-11-16,64.42
2017-11-15,64.51
2017-11-14,64.36
2017-11-13,64.28
2017-11-10,64.27
2017-11-09,64.53
2017-11-08,64.59
2017-11-07,64.64
2017-11-06,64.62
2017-11-03,64.57
2017-11-02,64.51
2017-11-01,64.45
2017-10-31,64.41
2017-10-30,64.45
2017-10-27,64.3
2017-10-26,64.16
2017-10-25,64.24
2017-10-24,64.29
2017-10-23,64.4
2017-10-20,64.35
2017-10-19,64.5
2017-10-18,64.47
2017-10-17,64.58
2017-10-16,64.57
2017-10-13,64.63
2017-10-12,64.5
2017-10-11,64.44
2017-10-10,64.41
2017-10-09,64.38
2017-10-06,64.32
2017-10-05,64.39
2017-10-04,64.43
2017-10-03,64.43
2017-10-02,64.4
2017-09-29,64.43
2017-09-28,64.42
2017-09-27,64.41
2017-09-26,64.6
2017-09-25,64.63
2017-09-22,64.49
2017-09-21,64.43
2017-09-20,64.45
2017-09-19,64.5
2017-09-18,64.55
2017-09-15,64.6
2017-09-14,64.59
2017-09-13,64.55
2017-09-12,64.63
2017-09-11,64.72
2017-09-08,64.92
2017-09-07,64.99
2017-09-06,64.78
2017-09-05,64.89
2017-09-01,64.63
2017-08-31,64.73
2017-08-30,64.68
2017-08-29,64.68
2017-08-28,64.61
2017-08-25,64.58
2017-08-24,64.5
2017-08-23,64.6
2017-08-22,64.41
2017-08-21,64.49
2017-08-18,64.46
2017-08-17,64.49
2017-08-16,64.37
2017-08-15,64.28
2017-08-14,64.39
2017-08-11,64.43
2017-08-10,64.38
2017-08-09,64.28
2017-08-08,64.24
2017-08-07,64.32
2017-08-04,64.3
2017-08-03,64.4
2017-08-02,64.27
2017-08-01,64.31
2017-07-31,64.31
2017-07-28,64.19
2017-07-27,64.07
2017-07-26,64.15
2017-07-25,63.99
2017-07-24,64.24
2017-07-21,64.27
2017-07-20,64.2
2017-07-19,64.16
2017-07-18,64.15
2017-07-17,64.0
2017-07-14,63.92
2017-07-13,63.89
2017-07-12,63.92
2017-07-11,63.77
2017-07-10,63.7
2017-07-07,63.67
2017-07-06,63.69
2017-07-05,63.84
2017-07-03,63.8
2017-06-30,64.06
2017-06-29,64.1
2017-06-28,64.24
2017-06-27,64.24
2017-06-26,64.46
2017-06-23,64.39
2017-06-22,64.37
2017-06-21,64.35
2017-06-20,64.31
2017-06-19,64.22
2017-06-16,64.31
2017-06-15,64.24
2017-06-14,64.31
2017-06-13,64.08
2017-06-12,64.06
2017-06-09,64.08
2017-06-08,64.13
2017-06-07,64.18
2017-06-06,64.27
2017-06-05,64.15
2017-06-02,64.25
2017-06-01,64.04
2017-05-31,64.16
2017-05-30,63.99
2017-05-26,63.9
2017-05-25,63.87
2017-05-24,63.87
2017-05-23,63.73
2017-05-22,63.87
2017-05-19,63.92
2017-05-18,63.88
2017-05-17,63.94
2017-05-16,63.59
2017-05-15,63.53
2017-05-12,63.54
2017-05-11,63.36
2017-05-10,63.31
2017-05-09,63.32
2017-05-08,63.35
2017-05-05,63.46
2017-05-04,63.42
2017-05-03,63.49
2017-05-02,63.56
2017-05-01,63.45
2017-04-28,63.7
2017-04-27,63.63
2017-04-26,63.58
2017-04-25,63.52
2017-04-24,63.72
2017-04-21,63.8
2017-04-20,63.79
2017-04-19,63.87
2017-04-18,63.99
2017-04-17,63.76
2017-04-13,63.8
2017-04-12,63.71
2017-04-11,63.56
2017-04-10,63.36
2017-04-07,63.29
2017-04-06,63.44
2017-04-05,63.41
2017-04-04,63.36
2017-04-03,63.43
2017-03-31,63.33
2017-03-30,63.29
2017-03-29,63.4
2017-03-28,63.27
2017-03-27,63.39
2017-03-24,63.26
2017-03-23,63.27
2017-03-22,63.3
2017-03-21,63.22
2017-03-20,63.07
2017-03-17,62.94
2017-03-16,62.82
2017-03-15,62.91
2017-03-14,62.52
2017-03-13,62.53
2017-03-10,62.65
2017-03-09,62.53
2017-03-08,62.72
2017-03-07,62.87
2017-03-06,62.99
2017-03-03,63.03
2017-03-02,62.98
2017-03-01,63.1
2017-02-28,63.48
2017-02-27,63.41
2017-02-24,63.54
2017-02-23,63.31
2017-02-22,63.19
2017-02-21,63.15
2017-02-17,63.16
2017-02-16,63.01
2017-02-15,62.9
2017-02-14,63.0
2017-02-13,63.13
2017-02-10,63.2
2017-02-09,63.21
2017-02-08,63.39
2017-02-07,63.21
2017-02-06,63.11
2017-02-03,62.92
2017-02-02,62.9
2017-02-01,62.86
2017-01-31,63.11
2017-01-30,62.84
2017-01-27,62.86
2017-01-26,62.79
2017-01-25,62.76
2017-01-24,62.95
2017-01-23,63.04
2017-01-20,62.87
2017-01-19,62.82
2017-01-18,62.93
2017-01-17,63.26
2017-01-13,63.07
2017-01-12,63.17
2017-01-11,63.15
2017-01-10,63.12
2017-01-09,63.14
2017-01-06,62.98
2017-01-05,63.23
2017-01-04,62.91
2017-01-03,62.86
2016-12-30,62.86
2016-12-29,62.72
2016-12-28,62.55
2016-12-27,62.4
2016-12-23,62.44
2016-12-22,62.41
2016-12-21,62.45
2016-12-20,62.36
2016-12-19,62.35
2016-12-16,62.19
2016-12-15,62.13
2016-12-14,62.23
2016-12-13,62.54
2016-12-12,62.47
2016-12-09,62.54
2016-12-08,62.73
2016-12-07,62.85
2016-12-06,62.71
2016-12-05,62.71
2016-12-02,62.64
2016-12-01,62.41
2016-11-30,62.64
2016-11-29,62.86
2016-11-28,62.81
2016-11-25,62.66
2016-11-23,62.64
2016-11-22,62.8
2016-11-21,62.75
2016-11-18,62.76
2016-11-17,62.91
2016-11-16,63.17
2016-11-15,63.03
2016-11-14,62.95
2016-11-11,63.19
2016-11-10,63.31
2016-11-09,63.58
2016-11-08,64.21
2016-11-07,64.33
2016-11-04,64.41
2016-11-03,64.3
2016-11-02,64.34
2016-11-01,64.27
2016-10-31,64.29
2016-10-28,64.22
2016-10-27,64.25
2016-10-26,64.43
2016-10-25,64.55
2016-10-24,64.55
2016-10-21,64.64
2016-10-20,64.58
2016-10-19,64.62
2016-10-18,64.58
2016-10-17,64.49
2016-10-14,64.35
2016-10-13,64.48
2016-10-12,64.41
2016-10-11,64.37
2016-10-10,64.47
2016-10-07,64.54
2016-10-06,64.48
2016-10-05,64.51
2016-10-04,64.61
2016-10-03,64.83
2016-09-30,64.9
2016-09-29,64.98
2016-09-28,64.98
2016-09-27,64.98
2016-09-26,64.9
2016-09-23,64.79
2016-09-22,64.81
2016-09-21,64.68
2016-09-20,64.49
2016-09-19,64.48
2016-09-16,64.52
2016-09-15,64.47
2016-09-14,64.41
2016-09-13,64.33
2016-09-12,64.51
2016-09-09,64.49
2016-09-08,64.78
2016-09-07,65.02
2016-09-06,65.02
2016-09-02,64.82
2016-09-01,64.92
2016-08-31,64.83
2016-08-30,64.88
2016-08-29,64.93
2016-08-26,64.71
2016-08-25,64.87
2016-08-24,64.94
2016-08-23,64.95
2016-08-22,64.91
2016-08-19,64.82
2016-08-18,64.95
2016-08-17,64.88
2016-08-16,64.78
2016-08-15,64.81
2016-08-12,64.92
2016-08-11,64.78
2016-08-10,64.95
2016-08-09,64.86
2016-08-08,64.68
2016-08-05,64.67
2016-08-04,64.88
2016-08-03,64.77
2016-08-02,64.77
2016-08-01,64.83
2016-07-29,65.03
2016-07-28,64.82
2016-07-27,64.86
2016-07-26,64.67
2016-07-25,64.68
2016-07-22,64.71
2016-07-21,64.71
2016-07-20,64.63
2016-07-19,64.7
2016-07-18,64.6
2016-07-15,64.58
2016-07-14,64.78
2016-07-13,64.88
2016-07-12,64.77
2016-07-11,65.03
2016-07-08,65.22
2016-07-07,65.05
2016-07-06,65.16
2016-07-05,65.05
2016-07-01,64.82
2016-06-30,64.64
2016-06-29,64.56
2016-06-28,64.58
2016-06-27,64.5
2016-06-24,64.17
2016-06-23,63.82
2016-06-22,63.93
2016-06-21,63.91
2016-06-20,64.0
2016-06-17,64.14
2016-06-16,64.23
2016-06-15,64.16
2016-06-14,64.02
2016-06-13,64.03
2016-06-10,64.01
2016-06-09,63.95
2016-06-08,63.89
2016-06-07,63.81
2016-06-06,63.8
2016-06-03,63.9
2016-06-02,63.51
2016-06-01,63.38
2016-05-31,63.36
2016-05-27,63.31
2016-05-26,63.33
2016-05-25,63.22
2016-05-24,63.25
2016-05-23,63.28
2016-05-20,63.26
2016-05-19,63.26
2016-05-18,63.19
2016-05-17,63.49
2016-05-16,63.54
2016-05-13,63.67
2016-05-12,63.61
2016-05-11,63.6
2016-05-10,63.58
2016-05-09,63.58
2016-05-06,63.54
2016-05-05,63.57
2016-05-04,63.45
2016-05-03,63.43
2016-05-02,63.25
2016-04-29,63.36
2016-04-28,63.31
2016-04-27,63.2
2016-04-26,63.01
2016-04-25,63.1
2016-04-22,63.18
2016-04-21,63.2
2016-04-20,63.28
2016-04-19,63.45
2016-04-18,63.41
2016-04-15,63.44
2016-04-14,63.29
2016-04-13,63.34
2016-04-12,63.31
2016-04-11,63.41
2016-04-08,63.41
2016-04-07,63.47
2016-04-06,63.26
2016-04-05,63.29
2016-04-04,63.18
2016-04-01,63.18
2016-03-31,63.11
2016-03-30,62.99
2016-03-29,63.01
2016-03-28,62.75
2016-03-24,62.72
2016-03-23,62.8
2016-03-22,62.66
2016-03-21,62.68
2016-03-18,62.79
2016-03-17,62.74
2016-03-16,62.6
2016-03-15,62.36
2016-03-14,62.42
2016-03-11,62.28
2016-03-10,62.36
2016-03-09,62.39
2016-03-08,62.5
2016-03-07,62.29
2016-03-04,62.31
2016-03-03,62.34
2016-03-02,62.31
2016-03-01,62.35
2016-02-29,62.56
2016-02-26,62.52
2016-02-25,62.58
2016-02-24,62.49
2016-02-23,62.45
2016-02-22,62.41
2016-02-19,62.39
2016-02-18,62.48
2016-02-17,62.26
2016-02-16,62.28
2016-02-12,62.37
2016-02-11,62.58
2016-02-10,62.54
2016-02-09,62.41
2016-02-08,62.42
2016-02-05,62.15
2016-02-04,62.21
2016-02-03,62.16
2016-02-02,62.12
2016-02-01,61.91
2016-01-29,62.03
2016-01-28,61.85
2016-01-27,61.8
2016-01-26,61.8
2016-01-25,61.71
2016-01-22,61.71
2016-01-21,61.73
2016-01-20,61.77
2016-01-19,61.7
2016-01-15,61.78
2016-01-14,61.67
2016-01-13,61.75
2016-01-12,61.6
2016-01-11,61.44
2016-01-08,61.7
2016-01-07,61.62
2016-01-06,61.61
2016-01-05,61.34
2016-01-04,61.26
2015-12-31,61.29
2015-12-30,61.17
2015-12-29,61.13
2015-12-28,61.32
2015-12-24,61.32
2015-12-23,61.28
2015-12-22,61.27
2015-12-21,61.35
2015-12-18,61.42
2015-12-17,61.28
2015-12-16,61.16
2015-12-15,61.22
2015-12-14,61.29
2015-12-11,61.58
2015-12-10,61.41
2015-12-09,61.42
2015-12-08,61.44
2015-12-07,61.43
2015-12-04,61.32
2015-12-03,61.08
2015-12-02,61.56
2015-12-01,61.63
2015-11-30,61.4
2015-11-27,61.43
2015-11-25,61.4
2015-11-24,61.39
2015-11-23,61.37
2015-11-20,61.35
2015-11-19,61.36
2015-11-18,61.28
2015-11-17,61.31
2015-11-16,61.24
2015-11-13,61.24
2015-11-12,61.13
2015-11-11,61.12
2015-11-10,61.11
2015-11-09,61.05
2015-11-06,61.1
2015-11-05,61.34
2015-11-04,61.45
2015-11-03,61.42
2015-11-02,61.52
2015-10-30,61.64
2015-10-29,61.5
2015-10-28,61.72
2015-10-27,61.9
2015-10-26,61.88
2015-10-23,61.81
2015-10-22,61.97
2015-10-21,61.87
2015-10-20,61.75
2015-10-19,61.85
2015-10-16,61.85
2015-10-15,61.87
2015-10-14,61.99
2015-10-13,61.77
2015-10-12,61.73
2015-10-09,61.63
2015-10-08,61.63
2015-10-07,61.73
2015-10-06,61.73
2015-10-05,61.65
2015-10-02,61.89
2015-10-01,61.66
2015-09-30,61.62
2015-09-29,61.5
2015-09-28,61.45
2015-09-25,61.3
2015-09-24,61.41
2015-09-23,61.39
2015-09-22,61.39
2015-09-21,61.27
2015-09-18,61.5
2015-09-17,61.33
2015-09-16,60.98
2015-09-15,61.02
2015-09-14,61.27
2015-09-11,61.26
2015-09-10,61.13
2015-09-09,61.26
2015-09-08,61.27
2015-09-04,61.42
2015-09-03,61.27
2015-09-02,61.23
2015-09-01,61.27
2015-08-31,61.13
2015-08-28,61.21
2015-08-27,61.18
2015-08-26,61.1
2015-08-25,61.36
2015-08-24,61.57
2015-08-21,61.58
2015-08-20,61.48
2015-08-19,61.43
2015-08-18,61.21
2015-08-17,61.32
2015-08-14,61.21
2015-08-13,61.23
2015-08-12,61.36
2015-08-11,61.38
2015-08-10,61.15
2015-08-07,61.28
2015-08-06,61.15
2015-08-05,61.11
2015-08-04,61.21
2015-08-03,61.42
2015-07-31,61.28
2015-07-30,61.07
2015-07-29,61.05
2015-07-28,61.1
2015-07-27,61.2
2015-07-24,61.09
2015-07-23,61.05
2015-07-22,60.91
2015-07-21,60.88
2015-07-20,60.77
2015-07-17,60.85
2015-07-16,60.85
2015-07-15,60.85
2015-07-14,60.67
2015-07-13,60.56
2015-07-10,60.7
2015-07-09,60.99
2015-07-08,61.19
2015-07-07,61.02
2015-07-06,60.96
2015-07-02,60.75
2015-07-01,60.6
2015-06-30,60.75
2015-06-29,60.81
2015-06-26,60.5
2015-06-25,60.62
2015-06-24,60.7
2015-06-23,60.59
2015-06-22,60.73
2015-06-19,61.02
2015-06-18,60.85
2015-06-17,60.89
2015-06-16,60.87
2015-06-15,60.71
2015-06-12,60.71
2015-06-11,60.75
2015-06-10,60.47
2015-06-09,60.59
2015-06-08,60.77
2015-06-05,60.7
2015-06-04,60.94
2015-06-03,60.79
2015-06-02,61.06
2015-06-01,61.23
2015-05-29,61.43
2015-05-28,61.41
2015-05-27,61.4
2015-05-26,61.37
2015-05-22,61.22
2015-05-21,61.26
2015-05-20,61.06
2015-05-19,61.06
2015-05-18,61.2
2015-05-15,61.42
2015-05-14,61.18
2015-05-13,61.06
2015-05-12,61.09
2015-05-11,61.16
2015-05-08,61.48
2015-05-07,61.32
2015-05-06,61.19
2015-05-05,61.36
2015-05-04,61.46
2015-05-01,61.55
2015-04-30,61.74
2015-04-29,61.67
2015-04-28,61.87
2015-04-27,62.06
2015-04-24,62.1
2015-04-23,62.01
2015-04-22,61.89
2015-04-21,62.12
2015-04-20,62.19
2015-04-17,62.26
2015-04-16,62.16
2015-04-15,62.17
2015-04-14,62.11
2015-04-13,62.0
2015-04-10,61.99
2015-04-09,62.02
2015-04-08,62.15
2015-04-07,62.19
2015-04-06,62.16
2015-04-02,62.1
2015-04-01,62.19
2015-03-31,61.94
2015-03-30,61.87
2015-03-27,61.8
2015-03-26,61.74
2015-03-25,61.94
2015-03-24,62.04
2015-03-23,61.93
2015-03-20,61.9
2015-03-19,61.74
2015-03-18,61.92
2015-03-17,61.55
2015-03-16,61.49
2015-03-13,61.38
2015-03-12,61.43
2015-03-11,61.39
2015-03-10,61.32
2015-03-09,61.09
2015-03-06,61.01
2015-03-05,61.37
2015-03-04,61.33
2015-03-03,61.33
2015-03-02,61.4
2015-02-27,61.6
2015-02-26,61.55
2015-02-25,61.72
2015-02-24,61.66
2015-02-23,61.41
2015-02-20,61.28
2015-02-19,61.27
2015-02-18,61.32
2015-02-17,61.15
2015-02-13,61.39
2015-02-12,61.53
2015-02-11,61.5
2015-02-10,61.5
2015-02-09,61.61
2015-02-06,61.64
2015-02-05,62.04
2015-02-04,62.17
2015-02-03,62.15
2015-02-02,62.34
2015-01-30,62.42
2015-01-29,62.08
2015-01-28,62.15
2015-01-27,61.92
2015-01-26,61.89
2015-01-23,61.96
2015-01-22,61.76
2015-01-21,61.75
2015-01-20,61.86
2015-01-16,61.93
2015-01-15,62.12
2015-01-14,61.84
2015-01-13,61.7
2015-01-12,61.64
2015-01-09,61.56
2015-01-08,61.46
2015-01-07,61.55
2015-01-06,61.52
2015-01-05,61.34
2015-01-02,61.16
2014-12-31,60.95
2014-12-30,60.91
2014-12-29,60.87
2014-12-26,60.76
2014-12-24,60.71
2014-12-23,60.69
2014-12-22,60.95
2014-12-19,60.98
2014-12-18,60.85
2014-12-17,60.94
2014-12-16,61.09
2014-12-15,60.95
2014-12-12,61.06
2014-12-11,60.85
2014-12-10,60.91
2014-12-09,60.75
2014-12-08,60.73
2014-12-05,60.6
2014-12-04,60.78
2014-12-03,60.68
2014-12-02,60.69
2014-12-01,60.83
2014-11-28,60.92
2014-11-26,60.82
2014-11-25,60.73
2014-11-24,60.62
2014-11-21,60.61
2014-11-20,60.48
2014-11-19,60.41
2014-11-18,60.56
2014-11-17,60.47
2014-11-14,60.47
2014-11-13,60.46
2014-11-12,60.41
2014-11-11,60.42
2014-11-10,60.39
2014-11-07,60.52
2014-11-06,60.31
2014-11-05,60.45
2014-11-04,60.38
2014-11-03,60.39
2014-10-31,60.42
2014-10-30,60.52
2014-10-29,60.48
2014-10-28,60.58
2014-10-27,60.62
2014-10-24,60.64
2014-10-23,60.59
2014-10-22,60.77
2014-10-21,60.79
2014-10-20,60.87
2014-10-17,60.82
2014-10-16,60.87
2014-10-15,60.97
2014-10-14,60.83
2014-10-13,60.75
2014-10-10,60.57
2014-10-09,60.52
2014-10-08,60.62
2014-10-07,60.46
2014-10-06,60.3
2014-10-03,60.16
2014-10-02,60.2
2014-10-01,60.24
2014-09-30,59.99
2014-09-29,60.0
2014-09-26,59.93
2014-09-25,59.99
2014-09-24,59.84
2014-09-23,59.88
2014-09-22,59.85
2014-09-19,59.78
2014-09-18,59.65
2014-09-17,59.65
2014-09-16,59.72
2014-09-15,59.74
2014-09-12,59.71
2014-09-11,59.81
2014-09-10,59.85
2014-09-09,59.96
2014-09-08,60.06
2014-09-05,60.11
2014-09-04,60.13
2014-09-03,60.23
2014-09-02,60.13
2014-08-29,60.33
2014-08-28,60.33
2014-08-27,60.25
2014-08-26,60.15
2014-08-25,60.13
2014-08-22,60.1
2014-08-21,60.1
2014-08-20,60.04
2014-08-19,60.13
2014-08-18,60.13
2014-08-15,60.26
2014-08-14,60.15
2014-08-13,60.09
2014-08-12,59.98
2014-08-11,60.03
2014-08-08,60.0
2014-08-07,60.04
2014-08-06,59.91
2014-08-05,59.85
2014-08-04,59.93
2014-08-01,59.85
2014-07-31,59.65
2014-07-30,59.72
2014-07-29,59.94
2014-07-28,59.89
2014-07-25,59.91
2014-07-24,59.8
2014-07-23,59.91
2014-07-22,59.94
2014-07-21,59.86
2014-07-18,59.86
2014-07-17,59.86
2014-07-16,59.7
2014-07-15,59.68
2014-07-14,59.72
2014-07-11,59.81
2014-07-10,59.72
2014-07-09,59.71
2014-07-08,59.65
2014-07-07,59.54
2014-07-03,59.47
2014-07-02,59.54
2014-07-01,59.7
2014-06-30,59.82
2014-06-27,59.77
2014-06-26,59.77
2014-06-25,59.69
2014-06-24,59.61
2014-06-23,59.5
2014-06-20,59.52
2014-06-19,59.49
2014-06-18,59.54
2014-06-17,59.38
2014-06-16,59.52
2014-06-13,59.54
2014-06-12,59.55
2014-06-11,59.4
2014-06-10,59.38
2014-06-09,59.49
2014-06-06,59.54
2014-06-05,59.55
2014-06-04,59.49
2014-06-03,59.48
2014-06-02,59.62
2014-05-30,59.77
2014-05-29,59.83
2014-05-28,59.88
2014-05-27,59.68
2014-05-23,59.62
2014-05-22,59.57
2014-05-21,59.6
2014-05-20,59.65
2014-05-19,59.62
2014-05-16,59.65
2014-05-15,59.65
2014-05-14,59.54
2014-05-13,59.39
2014-05-12,59.28
2014-05-09,59.33
2014-05-08,59.41
2014-05-07,59.38
2014-05-06,59.35
2014-05-05,59.29
2014-05-02,59.36
2014-05-01,59.29
2014-04-30,59.15
2014-04-29,59.02
2014-04-28,58.99
2014-04-25,59.06
2014-04-24,59.03
2014-04-23,59.02
2014-04-22,58.93
2014-04-21,58.93
2014-04-17,58.91
2014-04-16,59.06
2014-04-15,59.1
2014-04-14,59.07
2014-04-11,59.08
2014-04-10,59.04
2014-04-09,58.86
2014-04-08,58.87
2014-04-07,58.83
2014-04-04,58.72
2014-04-03,58.55
2014-04-02,58.5
2014-04-01,58.61
2014-03-31,58.68
2014-03-28,58.68
2014-03-27,58.79
2014-03-26,58.73
2014-03-25,58.57
2014-03-24,58.59
2014-03-21,58.58
2014-03-20,58.41
2014-03-19,58.46
2014-03-18,58.74
2014-03-17,58.67
2014-03-14,58.75
2014-03-13,58.79
2014-03-12,58.62
2014-03-11,58.49
2014-03-10,58.5
2014-03-07,58.46
2014-03-06,58.64
2014-03-05,58.78
2014-03-04,58.7
2014-03-03,58.9
2014-02-28,58.78
2014-02-27,58.82
2014-02-26,58.75
2014-02-25,58.63
2014-02-24,58.51
2014-02-21,58.53
2014-02-20,58.48
2014-02-19,58.49
2014-02-18,58.54
2014-02-14,58.46
2014-02-13,58.48
2014-02-12,58.34
2014-02-11,58.44
2014-02-10,58.56
2014-02-07,58.53
2014-02-06,58.46
2014-02-05,58.48
2014-02-04,58.6
2014-02-03,58.69
2014-01-31,58.51
2014-01-30,58.43
2014-01-29,58.43
2014-01-28,58.3
2014-01-27,58.25
2014-01-24,58.36
2014-01-23,58.21
2014-01-22,58.05
2014-01-21,58.15
2014-01-17,58.15
2014-01-16,58.09
2014-01-15,57.96
2014-01-14,57.99
2014-01-13,58.08
2014-01-10,58.0
2014-01-09,57.72
2014-01-08,57.61
2014-01-07,57.8
2014-01-06,57.73
2014-01-03,57.68
2014-01-02,57.67
2013-12-31,57.62
2013-12-30,57.64
2013-12-27,57.55
2013-12-26,57.55
2013-12-24,57.63
2013-12-23,57.75
2013-12-20,57.82
2013-12-19,57.71
2013-12-18,57.82
2013-12-17,57.84
2013-12-16,57.74
2013-12-13,57.71
2013-12-12,57.65
2013-12-11,57.8
2013-12-10,57.9
2013-12-09,57.78
2013-12-06,57.72
2013-12-05,57.64
2013-12-04,57.74
2013-12-03,57.82
2013-12-02,57.76
2013-11-29,57.98
2013-11-27,57.95
2013-11-26,57.97
2013-11-25,57.97
2013-11-22,57.92
2013-11-21,57.79
2013-11-20,57.79
2013-11-19,57.95
2013-11-18,58.07
2013-11-15,57.96
2013-11-14,57.94
2013-11-13,57.77
2013-11-12,57.61
2013-11-11,57.64
2013-11-08,57.69
2013-11-07,58.07
2013-11-06,57.96
2013-11-05,57.86
2013-11-04,58.03
2013-11-01,57.99
2013-10-31,58.15
2013-10-30,58.15
2013-10-29,58.21
2013-10-28,58.17
2013-10-25,58.22
2013-10-24,58.16
2013-10-23,58.16
2013-10-22,58.13
2013-10-21,57.94
2013-10-18,58.01
2013-10-17,57.95
2013-10-16,57.75
2013-10-15,57.51
2013-10-14,57.52
2013-10-11,57.64
2013-10-10,57.61
2013-10-09,57.6
2013-10-08,57.64
2013-10-07,57.66
2013-10-04,57.61
2013-10-03,57.68
2013-10-02,57.65
2013-10-01,57.59
2013-09-30,57.66
2013-09-27,57.62
2013-09-26,57.61
2013-09-25,57.7
2013-09-24,57.57
2013-09-23,57.45
2013-09-20,57.41
2013-09-19,57.42
2013-09-18,57.48
2013-09-17,57.03
2013-09-16,56.98
2013-09-13,56.9
2013-09-12,56.81
2013-09-11,56.83
2013-09-10,56.67
2013-09-09,56.79
2013-09-06,56.65
2013-09-05,56.43
2013-09-04,56.83
2013-09-03,56.9
2013-08-30,57.02
2013-08-29,57.1
2013-08-28,57.04
2013-08-27,57.14
2013-08-26,57.0
2013-08-23,56.9
2013-08-22,56.74
2013-08-21,56.68
2013-08-20,56.9
2013-08-19,56.74
2013-08-16,56.9
2013-08-15,57.05
2013-08-14,57.25
2013-08-13,57.28
2013-08-12,57.48
2013-08-09,57.59
2013-08-08,57.52
2013-08-07,57.49
2013-08-06,57.4
2013-08-05,57.44
2013-08-02,57.42
2013-08-01,57.23
2013-07-31,57.51
2013-07-30,57.45
2013-07-29,57.48
2013-07-26,57.49
2013-07-25,57.45
2013-07-24,57.47
2013-07-23,57.65
2013-07-22,57.67
2013-07-19,57.63
2013-07-18,57.48
2013-07-17,57.57
2013-07-16,57.45
2013-07-15,57.36
2013-07-12,57.2
2013-07-11,57.28
2013-07-10,56.9
2013-07-09,57.04
2013-07-08,56.98
2013-07-05,56.72
2013-07-03,57.36
2013-07-02,57.4
2013-07-01,57.39
2013-06-28,57.29
2013-06-27,57.26
2013-06-26,57.03
2013-06-25,56.84
2013-06-24,56.7
2013-06-21,56.98
2013-06-20,57.21
2013-06-19,57.74
2013-06-18,58.08
2013-06-17,58.13
2013-06-14,58.17
2013-06-13,58.1
2013-06-12,57.85
2013-06-11,57.96
2013-06-10,57.93
2013-06-07,58.08
2013-06-06,58.23
2013-06-05,58.15
2013-06-04,58.18
2013-06-03,58.2
2013-05-31,58.25
2013-05-30,58.35
2013-05-29,58.4
2013-05-28,58.35
2013-05-24,58.67
2013-05-23,58.67
2013-05-22,58.67
2013-05-21,58.87
2013-05-20,58.82
2013-05-17,58.83
2013-05-16,58.96
2013-05-15,58.87
2013-05-14,58.8
2013-05-13,58.91
2013-05-10,58.98
2013-05-09,59.13
2013-05-08,59.22
2013-05-07,59.16
2013-05-06,59.22
2013-05-03,59.23
2013-05-02,59.51
2013-05-01,59.49
2013-04-30,59.39
2013-04-29,59.39
2013-04-26,59.34
2013-04-25,59.26
2013-04-24,59.3
2013-04-23,59.31
2013-04-22,59.33
2013-04-19,59.25
2013-04-18,59.3
2013-04-17,59.26
2013-04-16,59.23
2013-04-15,59.25
2013-04-12,59.19
2013-04-11,59.04
2013-04-10,59.02
2013-04-09,59.13
2013-04-08,59.19
2013-04-05,59.22
2013-04-04,59.06
2013-04-03,58.89
2013-04-02,58.85
2013-04-01,58.85
2013-03-28,58.79
2013-03-27,58.78
2013-03-26,58.66
2013-03-25,58.64
2013-03-22,58.65
2013-03-21,58.59
2013-03-20,58.58
2013-03-19,58.64
2013-03-18,58.6
2013-03-15,58.49
2013-03-14,58.42
2013-03-13,58.4
2013-03-12,58.47
2013-03-11,58.35
2013-03-08,58.38
2013-03-07,58.54
2013-03-06,58.63
2013-03-05,58.73
2013-03-04,58.76
2013-03-01,58.78
2013-02-28,58.74
2013-02-27,58.71
2013-02-26,58.73
2013-02-25,58.7
2013-02-22,58.51
2013-02-21,58.48
2013-02-20,58.42
2013-02-19,58.38
2013-02-15,58.4
2013-02-14,58.45
2013-02-13,58.37
2013-02-12,58.45
2013-02-11,58.43
2013-02-08,58.5
2013-02-07,58.52
2013-02-06,58.51
2013-02-05,58.37
2013-02-04,58.47
2013-02-01,58.26
2013-01-31,58.43
2013-01-30,58.32
2013-01-29,58.39
2013-01-28,58.45
2013-01-25,58.52
2013-01-24,58.71
2013-01-23,58.79
2013-01-22,58.7
2013-01-18,58.76
2013-01-17,58.67
2013-01-16,58.77
2013-01-15,58.77
2013-01-14,58.7
2013-01-11,58.7
2013-01-10,58.65
2013-01-09,58.65
2013-01-08,58.68
2013-01-07,58.62
2013-01-04,58.66
2013-01-03,58.57
2013-01-02,58.75
2012-12-31,58.84
2012-12-28,58.89
2012-12-27,58.88
2012-12-26,58.82
2012-12-24,58.78
2012-12-21,58.76
2012-12-20,58.68
2012-12-19,58.66
2012-12-18,58.54
2012-12-17,58.67
2012-12-14,58.77
2012-12-13,58.74
2012-12-12,58.86
2012-12-11,58.95
2012-12-10,59.0
2012-12-07,58.96
2012-12-06,59.07
2012-12-05,59.07
2012-12-04,59.03
2012-12-03,58.98
2012-11-30,58.94
2012-11-29,58.98
2012-11-28,58.95
2012-11-27,58.91
2012-11-26,58.79
2012-11-23,58.81
2012-11-21,58.79
2012-11-20,58.86
2012-11-19,58.95
2012-11-16,58.95
2012-11-15,58.97
2012-11-14,58.98
2012-11-13,59.0
2012-11-12,59.0
2012-11-09,58.91
2012-11-08,58.97
2012-11-07,58.88
2012-11-06,58.74
2012-11-05,58.93
2012-11-02,58.84
2012-11-01,58.81
2012-10-31,58.78
2012-10-26,58.68
2012-10-25,58.56
2012-10-24,58.66
2012-10-23,58.68
2012-10-22,58.55
2012-10-19,58.63
2012-10-18,58.54
2012-10-17,58.57
2012-10-16,58.72
2012-10-15,58.84
2012-10-12,58.86
2012-10-11,58.82
2012-10-10,58.77
2012-10-09,58.68
2012-10-08,58.78
2012-10-05,58.7
2012-10-04,58.77
2012-10-03,58.86
2012-10-02,58.88
2012-10-01,58.88
2012-09-28,58.84
2012-09-27,58.79
2012-09-26,58.82
2012-09-25,58.72
2012-09-24,58.61
2012-09-21,58.55
2012-09-20,58.48
2012-09-19,58.47
2012-09-18,58.39
2012-09-17,58.32
2012-09-14,58.24
2012-09-13,58.53
2012-09-12,58.41
2012-09-11,58.49
2012-09-10,58.57
2012-09-07,58.56
2012-09-06,58.56
2012-09-05,58.7
2012-09-04,58.7
2012-08-31,58.73
2012-08-30,58.52
2012-08-29,58.47
2012-08-28,58.52
2012-08-27,58.5
2012-08-24,58.41
2012-08-23,58.41
2012-08-22,58.39
2012-08-21,58.15
2012-08-20,58.05
2012-08-17,58.07
2012-08-16,57.98
2012-08-15,58.04
2012-08-14,58.25
2012-08-13,58.39
2012-08-10,58.39
2012-08-09,58.32
2012-08-08,58.35
2012-08-07,58.36
2012-08-06,58.52
2012-08-03,58.46
2012-08-02,58.67
2012-08-01,58.56
2012-07-31,58.64
2012-07-30,58.58
2012-07-27,58.47
2012-07-26,58.69
2012-07-25,58.73
2012-07-24,58.69
2012-07-23,58.62
2012-07-20,58.59
2012-07-19,58.48
2012-07-18,58.5
2012-07-17,58.4
2012-07-16,58.42
2012-07-13,58.39
2012-07-12,58.38
2012-07-11,58.27
2012-07-10,58.35
2012-07-09,58.3
2012-07-06,58.19
2012-07-05,58.13
2012-07-03,57.97
2012-07-02,58.05
2012-06-29,57.93
2012-06-28,57.97
2012-06-27,57.91
2012-06-26,57.85
2012-06-25,57.91
2012-06-22,57.76
2012-06-21,57.88
2012-06-20,57.78
2012-06-19,57.89
2012-06-18,57.96
2012-06-15,57.96
2012-06-14,57.83
2012-06-13,57.86
2012-06-12,57.74
2012-06-11,57.83
2012-06-08,57.78
2012-06-07,57.74
2012-06-06,57.72
2012-06-05,57.83
2012-06-04,57.95
2012-06-01,58.1
2012-05-31,57.89
2012-05-30,57.78
2012-05-29,57.56
2012-05-25,57.56
2012-05-24,57.49
2012-05-23,57.55
2012-05-22,57.51
2012-05-21,57.61
2012-05-18,57.6
2012-05-17,57.64
2012-05-16,57.59
2012-05-15,57.62
2012-05-14,57.61
2012-05-11,57.51
2012-05-10,57.47
2012-05-09,57.5
2012-05-08,57.53
2012-05-07,57.48
2012-05-04,57.5
2012-05-03,57.44
2012-05-02,57.36
2012-05-01,57.27
2012-04-30,57.36
2012-04-27,57.33
2012-04-26,57.29
2012-04-25,57.22
2012-04-24,57.23
2012-04-23,57.3
2012-04-20,57.23
2012-04-19,57.24
2012-04-18,57.25
2012-04-17,57.21
2012-04-16,57.22
2012-04-13,57.22
2012-04-12,57.07
2012-04-11,57.07
2012-04-10,57.15
2012-04-09,56.98
2012-04-05,56.79
2012-04-04,56.68
2012-04-03,56.52
2012-04-02,56.73
2012-03-30,56.73
2012-03-29,56.85
2012-03-28,56.72
2012-03-27,56.74
2012-03-26,56.64
2012-03-23,56.65
2012-03-22,56.55
2012-03-21,56.46
2012-03-20,56.3
2012-03-19,56.29
2012-03-16,56.44
2012-03-15,56.44
2012-03-14,56.43
2012-03-13,56.76
2012-03-12,56.93
2012-03-09,56.89
2012-03-08,56.95
2012-03-07,57.04
2012-03-06,57.02
2012-03-05,56.93
2012-03-02,57.04
2012-03-01,56.93
2012-02-29,57.02
2012-02-28,57.07
2012-02-27,57.08
2012-02-24,56.98
2012-02-23,56.94
2012-02-22,56.91
2012-02-21,56.72
2012-02-17,56.76
2012-02-16,56.88
2012-02-15,56.88
2012-02-14,56.95
2012-02-13,56.88
2012-02-10,56.88
2012-02-09,56.84
2012-02-08,56.84
2012-02-07,56.9
2012-02-06,56.98
2012-02-03,56.95
2012-02-02,57.03
2012-02-01,56.94
2012-01-31,57.0
2012-01-30,56.95
2012-01-27,56.89
2012-01-26,56.78
2012-01-25,56.63
2012-01-24,56.47
2012-01-23,56.46
2012-01-20,56.53
2012-01-19,56.63
2012-01-18,56.69
2012-01-17,56.7
2012-01-13,56.75
2012-01-12,56.58
2012-01-11,56.66
2012-01-10,56.53
2012-01-09,56.55
2012-01-06,56.51
2012-01-05,56.47
2012-01-04,56.49
2012-01-03,56.46
2011-12-30,56.64
2011-12-29,56.6
2011-12-28,56.55
2011-12-27,56.34
2011-12-23,56.47
2011-12-22,56.4
2011-12-21,56.29
2011-12-20,56.45
2011-12-19,56.56
2011-12-16,56.58
2011-12-15,56.43
2011-12-14,56.45
2011-12-13,56.35
2011-12-12,56.2
2011-12-09,56.14
2011-12-08,56.28
2011-12-07,56.15
2011-12-06,56.08
2011-12-05,56.15
2011-12-02,56.14
2011-12-01,55.96
2011-11-30,55.98
2011-11-29,56.1
2011-11-28,56.18
2011-11-25,56.18
2011-11-23,56.26
2011-11-22,56.2
2011-11-21,56.14
2011-11-18,56.16
2011-11-17,56.19
2011-11-16,56.22
2011-11-15,56.11
2011-11-14,56.14
2011-11-11,56.13
2011-11-10,56.18
2011-11-09,56.24
2011-11-08,56.18
2011-11-07,56.35
2011-11-04,56.34
2011-11-03,56.26
2011-11-02,56.4
2011-11-01,56.43
2011-10-31,56.01
2011-10-28,55.76
2011-10-27,55.56
2011-10-26,55.85
2011-10-25,55.99
2011-10-24,55.7
2011-10-21,55.66
2011-10-20,55.75
2011-10-19,55.78
2011-10-18,55.63
2011-10-17,55.69
2011-10-14,55.49
2011-10-13,55.6
2011-10-12,55.53
2011-10-11,55.54
2011-10-10,55.57
2011-10-07,55.65
2011-10-06,55.77
2011-10-05,55.8
2011-10-04,56.04
2011-10-03,56.26
2011-09-30,55.95
2011-09-29,55.74
2011-09-28,55.75
2011-09-27,55.87
2011-09-26,55.98
2011-09-23,56.16
2011-09-22,56.34
2011-09-21,56.21
2011-09-20,56.06
2011-09-19,55.98
2011-09-16,55.81
2011-09-15,55.83
2011-09-14,55.94
2011-09-13,55.82
2011-09-12,55.88
2011-09-09,56.04
2011-09-08,56.0
2011-09-07,55.92
2011-09-06,56.05
2011-09-02,55.97
2011-09-01,55.82
2011-08-31,55.58
2011-08-30,55.65
2011-08-29,55.45
2011-08-26,55.58
2011-08-25,55.51
2011-08-24,55.36
2011-08-23,55.68
2011-08-22,55.85
2011-08-19,55.97
2011-08-18,55.92
2011-08-17,55.8
2011-08-16,55.7
2011-08-15,55.53
2011-08-12,55.63
2011-08-11,55.45
2011-08-10,55.99
2011-08-09,55.55
2011-08-08,55.35
2011-08-05,55.09
2011-08-04,55.45
2011-08-03,55.12
2011-08-02,55.08
2011-08-01,54.85
2011-07-29,54.67
2011-07-28,54.39
2011-07-27,54.23
2011-07-26,54.34
2011-07-25,54.21
2011-07-22,54.39
2011-07-21,54.24
2011-07-20,54.36
2011-07-19,54.45
2011-07-18,54.3
2011-07-15,54.38
2011-07-14,54.28
2011-07-13,54.48
2011-07-12,54.41
2011-07-11,54.36
2011-07-08,54.2
2011-07-07,53.92
2011-07-06,54.03
2011-07-05,54.0
2011-07-01,53.82
2011-06-30,53.79
2011-06-29,53.9
2011-06-28,54.02
2011-06-27,54.22
2011-06-24,54.38
2011-06-23,54.33
2011-06-22,54.19
2011-06-21,54.18
2011-06-20,54.17
2011-06-17,54.23
2011-06-16,54.18
2011-06-15,54.15
2011-06-14,53.93
2011-06-13,54.15
2011-06-10,54.21
2011-06-09,54.14
2011-06-08,54.27
2011-06-07,54.16
2011-06-06,54.09
2011-06-03,54.13
2011-06-02,54.03
2011-06-01,54.25
2011-05-31,53.99
2011-05-27,53.92
2011-05-26,53.9
2011-05-25,53.83
2011-05-24,53.81
2011-05-23,53.78
2011-05-20,53.75
2011-05-19,53.7
2011-05-18,53.72
2011-05-17,53.87
2011-05-16,53.78
2011-05-13,53.66
2011-05-12,53.58
2011-05-11,53.63
2011-05-10,53.57
2011-05-09,53.71
2011-05-06,53.66
2011-05-05,53.62
2011-05-04,53.5
2011-05-03,53.43
2011-05-02,53.38
2011-04-29,53.36
2011-04-28,53.29
2011-04-27,53.19
2011-04-26,53.21
2011-04-25,53.05
2011-04-21,53.02
2011-04-20,52.98
2011-04-19,53.05
2011-04-18,52.96
2011-04-15,52.91
2011-04-14,52.74
2011-04-13,52.77
2011-04-12,52.67
2011-04-11,52.48
2011-04-08,52.48
2011-04-07,52.51
2011-04-06,52.52
2011-04-05,52.6
2011-04-04,52.72
2011-04-01,52.65
2011-03-31,52.59
2011-03-30,52.65
2011-03-29,52.56
2011-03-28,52.65
2011-03-25,52.7
2011-03-24,52.77
2011-03-23,52.85
2011-03-22,52.87
2011-03-21,52.89
2011-03-18,53.04
2011-03-17,53.05
2011-03-16,53.13
2011-03-15,52.88
2011-03-14,52.85
2011-03-11,52.79
2011-03-10,52.79
2011-03-09,52.54
2011-03-08,52.45
2011-03-07,52.5
2011-03-04,52.5
2011-03-03,52.33
2011-03-02,52.54
2011-03-01,52.64
2011-02-28,52.67
2011-02-25,52.6
2011-02-24,52.45
2011-02-23,52.4
2011-02-22,52.41
2011-02-18,52.21
2011-02-17,52.21
2011-02-16,52.13
2011-02-15,52.11
2011-02-14,52.04
2011-02-11,51.98
2011-02-10,51.8
2011-02-09,51.97
2011-02-08,51.84
2011-02-07,52.01
2011-02-04,52.0
2011-02-03,52.18
2011-02-02,52.36
2011-02-01,52.41
2011-01-31,52.52
2011-01-28,52.59
2011-01-27,52.48
2011-01-26,52.38
2011-01-25,52.56
2011-01-24,52.42
2011-01-21,52.43
2011-01-20,52.32
2011-01-19,52.52
2011-01-18,52.45
2011-01-14,52.51
2011-01-13,52.58
2011-01-12,52.42
2011-01-11,52.45
2011-01-10,52.55
2011-01-07,52.43
2011-01-06,52.23
2011-01-05,52.19
2011-01-04,52.42
2011-01-03,52.41
2010-12-31,52.47
2010-12-30,52.3
2010-12-29,52.29
2010-12-28,51.98
2010-12-27,52.32
2010-12-23,52.18
2010-12-22,52.24
2010-12-21,52.3
2010-12-20,52.24
2010-12-17,52.21
2010-12-16,51.89
2010-12-15,51.77
2010-12-14,51.93
2010-12-13,52.26
2010-12-10,52.13
2010-12-09,52.3
2010-12-08,52.25
2010-12-07,52.52
2010-12-06,52.91
2010-12-03,52.73
2010-12-02,52.65
2010-12-01,52.69
2010-11-30,53.02
2010-11-29,53.0
2010-11-26,52.96
2010-11-24,52.84
2010-11-23,53.09
2010-11-22,53.08
2010-11-19,52.92
2010-11-18,52.91
2010-11-17,52.91
2010-11-16,52.9
2010-11-15,52.72
2010-11-12,52.98
2010-11-11,53.21
2010-11-10,53.2
2010-11-09,53.21
2010-11-08,53.49
2010-11-05,53.47
2010-11-04,53.7
2010-11-03,53.53
2010-11-02,53.47
2010-11-01,53.38
2010-10-29,53.38
2010-10-28,53.28
2010-10-27,53.1
2010-10-26,53.21
2010-10-25,53.36
2010-10-22,53.33
2010-10-21,53.36
2010-10-20,53.41
2010-10-19,53.43
2010-10-18,53.35
2010-10-15,53.15
2010-10-14,53.27
2010-10-13,53.48
2010-10-12,53.39
2010-10-11,53.44
2010-10-08,53.46
2010-10-07,53.53
2010-10-06,53.44
2010-10-05,53.32
2010-10-04,53.3
2010-10-01,53.17
2010-09-30,53.21
2010-09-29,53.24
2010-09-28,53.29
2010-09-27,53.18
2010-09-24,52.95
2010-09-23,53.07
2010-09-22,53.06
2010-09-21,53.02
2010-09-20,52.82
2010-09-17,52.79
2010-09-16,52.73
2010-09-15,52.82
2010-09-14,52.87
2010-09-13,52.79
2010-09-10,52.66
2010-09-09,52.72
2010-09-08,52.92
2010-09-07,53.07
2010-09-03,52.84
2010-09-02,52.94
2010-09-01,53.04
2010-08-31,53.21
2010-08-30,53.12
2010-08-27,52.88
2010-08-26,53.13
2010-08-25,53.08
2010-08-24,53.15
2010-08-23,52.97
2010-08-20,52.93
2010-08-19,53.0
2010-08-18,52.88
2010-08-17,52.92
2010-08-16,52.99
2010-08-13,52.79
2010-08-12,52.65
2010-08-11,52.74
2010-08-10,52.7
2010-08-09,52.59
2010-08-06,52.66
2010-08-05,52.5
2010-08-04,52.42
2010-08-03,52.53
2010-08-02,52.38
2010-07-30,52.39
2010-07-29,52.31
2010-07-28,52.26
2010-07-27,52.17
2010-07-26,52.19
2010-07-23,52.17
2010-07-22,52.26
2010-07-21,52.31
2010-07-20,52.13
2010-07-19,52.13
2010-07-16,52.19
2010-07-15,52.02
2010-07-14,51.97
2010-07-13,51.83
2010-07-12,51.92
2010-07-09,51.9
2010-07-08,51.96
2010-07-07,52.0
2010-07-06,52.06
2010-07-02,51.94
2010-07-01,51.97
2010-06-30,51.94
2010-06-29,51.93
2010-06-28,51.81
2010-06-25,51.71
2010-06-24,51.65
2010-06-23,51.72
2010-06-22,51.59
2010-06-21,51.47
2010-06-18,51.45
2010-06-17,51.47
2010-06-16,51.33
2010-06-15,51.21
2010-06-14,51.3
2010-06-11,51.29
2010-06-10,51.21
2010-06-09,51.42
2010-06-08,51.42
2010-06-07,51.44
2010-06-04,51.28
2010-06-03,51.14
2010-06-02,51.19
2010-06-01,51.24
2010-05-28,51.2
2010-05-27,51.1
2010-05-26,51.3
2010-05-25,51.36
2010-05-24,51.35
2010-05-21,51.35
2010-05-20,51.28
2010-05-19,51.19
2010-05-18,51.18
2010-05-17,50.99
2010-05-14,50.98
2010-05-13,50.81
2010-05-12,50.72
2010-05-11,50.86
2010-05-10,50.79
2010-05-07,50.84
2010-05-06,50.97
2010-05-05,50.77
2010-05-04,50.75
2010-05-03,50.6
2010-04-30,50.63
2010-04-29,50.48
2010-04-28,50.46
2010-04-27,50.5
2010-04-26,50.31
2010-04-23,50.34
2010-04-22,50.38
2010-04-21,50.41
2010-04-20,50.37
2010-04-19,50.32
2010-04-16,50.38
2010-04-15,50.27
2010-04-14,50.2
2010-04-13,50.24
2010-04-12,50.14
2010-04-09,50.08
2010-04-08,49.99
2010-04-07,50.01
2010-04-06,49.82
2010-04-05,49.79
2010-04-01,50.08
2010-03-31,50.09
2010-03-30,50.05
2010-03-29,49.94
2010-03-26,50.05
2010-03-25,49.94
2010-03-24,50.1
2010-03-23,50.36
2010-03-22,50.36
2010-03-19,50.31
2010-03-18,50.27
2010-03-17,50.36
2010-03-16,50.34
2010-03-15,50.25
2010-03-12,50.18
2010-03-11,50.17
2010-03-10,50.17
2010-03-09,50.21
2010-03-08,50.18
2010-03-05,50.26
2010-03-04,50.34
2010-03-03,50.3
2010-03-02,50.29
2010-03-01,50.25
2010-02-26,50.2
2010-02-25,50.14
2010-02-24,50.07
2010-02-23,50.01
2010-02-22,49.82
2010-02-19,49.84
2010-02-18,49.84
2010-02-17,49.91
2010-02-16,50.02
2010-02-12,49.96
2010-02-11,49.89
2010-02-10,49.97
2010-02-09,50.09
2010-02-08,50.19
2010-02-05,50.18
2010-02-04,50.1
2010-02-03,50.0
2010-02-02,50.04
2010-02-01,50.0
2010-01-29,50.04
2010-01-28,49.98
2010-01-27,49.96
2010-01-26,50.03
2010-01-25,49.91
2010-01-22,49.98
2010-01-21,50.0
2010-01-20,49.94
2010-01-19,49.82
2010-01-15,49.84
2010-01-14,49.81
2010-01-13,49.69
2010-01-12,49.81
2010-01-11,49.62
2010-01-08,49.6
2010-01-07,49.55
2010-01-06,49.59
2010-01-05,49.61
2010-01-04,49.46
2009-12-31,49.4
2009-12-30,49.44
2009-12-29,49.37
2009-12-28,49.34
2009-12-24,49.29
2009-12-23,49.49
2009-12-22,49.5
2009-12-21,49.6
2009-12-18,49.84
2009-12-17,49.85
2009-12-16,49.71
2009-12-15,49.68
2009-12-14,49.73
2009-12-11,49.77
2009-12-10,49.83
2009-12-09,49.9
2009-12-08,49.95
2009-12-07,49.87
2009-12-04,49.73
2009-12-03,49.94
2009-12-02,49.99
2009-12-01,50.06
2009-11-30,50.13
2009-11-27,50.15
2009-11-25,50.07
2009-11-24,49.97
2009-11-23,49.84
2009-11-20,49.8
2009-11-19,49.83
2009-11-18,49.79
2009-11-17,49.78
2009-11-16,49.79
2009-11-13,49.67
2009-11-12,49.7
2009-11-11,49.64
2009-11-10,49.52
2009-11-09,49.5
2009-11-06,49.4
2009-11-05,49.39
2009-11-04,49.34
2009-11-03,49.36
2009-11-02,49.44
2009-10-30,49.48
2009-10-29,49.27
2009-10-28,49.25
2009-10-27,49.3
2009-10-26,49.12
2009-10-23,49.19
2009-10-22,49.34
2009-10-21,49.38
2009-10-20,49.39
2009-10-19,49.29
2009-10-16,49.22
2009-10-15,49.2
2009-10-14,49.19
2009-10-13,49.4
2009-10-12,49.36
2009-10-09,49.19
2009-10-08,49.55
2009-10-07,49.57
2009-10-06,49.55
2009-10-05,49.49
2009-10-02,49.42
2009-10-01,49.57
2009-09-30,49.34
2009-09-29,49.34
2009-09-28,49.34
2009-09-25,49.32
2009-09-24,49.16
2009-09-23,49.14
2009-09-22,48.99
2009-09-21,49.05
2009-09-18,49.09
2009-09-17,49.15
2009-09-16,49.0
2009-09-15,48.99
2009-09-14,48.96
2009-09-11,49.14
2009-09-10,49.12
2009-09-09,48.93
2009-09-08,48.85
2009-09-04,48.87
2009-09-03,48.92
2009-09-02,49.01
2009-09-01,48.91
2009-08-31,48.85
2009-08-28,48.76
2009-08-27,48.66
2009-08-26,48.71
2009-08-25,48.68
2009-08-24,48.6
2009-08-21,48.51
2009-08-20,48.66
2009-08-19,48.6
2009-08-18,48.54
2009-08-17,48.61
2009-08-14,48.47
2009-08-13,48.32
2009-08-12,48.2
2009-08-11,48.23
2009-08-10,48.14
2009-08-07,47.75
2009-08-06,48.08
2009-08-05,48.05
2009-08-04,48.16
2009-08-03,48.21
2009-07-31,48.36
2009-07-30,48.15
2009-07-29,47.93
2009-07-28,47.95
2009-07-27,47.9
2009-07-24,47.97
2009-07-23,47.95
2009-07-22,48.11
2009-07-21,48.21
2009-07-20,47.92
2009-07-17,47.77
2009-07-16,47.89
2009-07-15,47.68
2009-07-14,47.92
2009-07-13,48.06
2009-07-10,48.14
2009-07-09,47.97
2009-07-08,48.11
2009-07-07,47.79
2009-07-06,47.69
2009-07-02,47.72
2009-07-01,47.71
2009-06-30,47.73
2009-06-29,47.81
2009-06-26,47.72
2009-06-25,47.7
2009-06-24,47.37
2009-06-23,47.48
2009-06-22,47.26
2009-06-19,47.15
2009-06-18,47.04
2009-06-17,47.39
2009-06-16,47.42
2009-06-15,47.2
2009-06-12,47.1
2009-06-11,46.98
2009-06-10,46.75
2009-06-09,46.87
2009-06-08,46.74
2009-06-05,46.84
2009-06-04,47.16
2009-06-03,47.45
2009-06-02,47.29
2009-06-01,47.12
2009-05-29,47.44
2009-05-28,47.1
2009-05-27,46.98
2009-05-26,47.26
2009-05-22,47.36
2009-05-21,47.37
2009-05-20,47.62
2009-05-19,47.48
2009-05-18,47.37
2009-05-15,47.51
2009-05-14,47.53
2009-05-13,47.54
2009-05-12,47.4
2009-05-11,47.42
2009-05-08,47.23
2009-05-07,47.11
2009-05-06,47.27
2009-05-05,47.07
2009-05-04,47.08
2009-05-01,47.04
2009-04-30,47.12
2009-04-29,46.99
2009-04-28,47.05
2009-04-27,47.22
2009-04-24,47.12
2009-04-23,47.14
2009-04-22,47.11
2009-04-21,47.02
2009-04-20,47.11
2009-04-17,46.88
2009-04-16,47.13
2009-04-15,47.22
2009-04-14,47.16
2009-04-13,47.03
2009-04-09,46.96
2009-04-08,47.02
2009-04-07,46.8
2009-04-06,46.71
2009-04-03,46.66
2009-04-02,46.91
2009-04-01,47.0
2009-03-31,46.9
2009-03-30,46.88
2009-03-27,46.79
2009-03-26,46.68
2009-03-25,46.52
2009-03-24,46.68
2009-03-23,46.7
2009-03-20,46.81
2009-03-19,47.02
2009-03-18,47.05
2009-03-17,46.23
2009-03-16,46.33
2009-03-13,46.37
2009-03-12,46.4
2009-03-11,46.3
2009-03-10,46.2
2009-03-09,46.15
2009-03-06,46.32
2009-03-05,46.52
2009-03-04,46.3
2009-03-03,46.31
2009-03-02,46.47
2009-02-27,46.39
2009-02-26,46.34
2009-02-25,46.43
2009-02-24,46.66
2009-02-23,46.7
2009-02-20,46.62
2009-02-19,46.54
2009-02-18,46.74
2009-02-17,46.92
2009-02-13,46.61
2009-02-12,46.83
2009-02-11,46.95
2009-02-10,46.78
2009-02-09,46.53
2009-02-06,46.52
2009-02-05,46.52
2009-02-04,46.42
2009-02-03,46.34
2009-02-02,46.82
2009-01-30,46.66
2009-01-29,46.64
2009-01-28,46.95
2009-01-27,46.93
2009-01-26,46.64
2009-01-23,46.8
2009-01-22,46.89
2009-01-21,46.79
2009-01-20,47.11
2009-01-16,47.32
2009-01-15,47.25
2009-01-14,47.45
2009-01-13,47.28
2009-01-12,47.02
2009-01-09,47.21
2009-01-08,47.04
2009-01-07,47.12
2009-01-06,46.97
2009-01-05,47.28
2009-01-02,47.47
2008-12-31,47.65
2008-12-30,47.59
2008-12-29,47.5
2008-12-26,47.2
2008-12-24,47.17
2008-12-23,47.21
2008-12-22,47.04
2008-12-19,46.63
2008-12-18,46.93
2008-12-17,46.6
2008-12-16,46.59
2008-12-15,46.21
2008-12-12,45.72
2008-12-11,45.97
2008-12-10,45.48
2008-12-09,45.56
2008-12-08,45.32
2008-12-05,45.51
2008-12-04,45.85
2008-12-03,45.65
2008-12-02,45.87
2008-12-01,45.59
2008-11-28,45.32
2008-11-26,45.46
2008-11-25,45.18
2008-11-24,44.42
2008-11-21,44.61
2008-11-20,44.83
2008-11-19,44.87
2008-11-18,44.71
2008-11-17,44.68
2008-11-14,44.79
2008-11-13,44.64
2008-11-12,44.64
2008-11-11,44.78
2008-11-10,44.67
2008-11-07,44.67
2008-11-06,44.76
2008-11-05,44.73
2008-11-04,44.39
2008-11-03,43.95
2008-10-31,43.61
2008-10-30,43.63
2008-10-29,43.93
2008-10-28,43.61
2008-10-27,43.95
2008-10-24,44.19
2008-10-23,44.7
2008-10-22,44.91
2008-10-21,44.71
2008-10-20,43.96
2008-10-17,43.97
2008-10-16,43.74
2008-10-15,43.74
2008-10-14,44.01
2008-10-13,43.46
2008-10-10,41.72
2008-10-09,43.03
2008-10-08,44.42
2008-10-07,45.08
2008-10-06,44.95
2008-10-03,45.32
2008-10-02,45.57
2008-10-01,44.7
2008-09-30,44.93
2008-09-29,45.45
2008-09-26,45.23
2008-09-25,45.68
2008-09-24,45.54
2008-09-23,45.54
2008-09-22,45.4
2008-09-19,45.52
2008-09-18,44.97
2008-09-17,45.61
2008-09-16,45.55
2008-09-15,46.0
2008-09-12,45.65
2008-09-11,45.8
2008-09-10,45.83
2008-09-09,45.83
2008-09-08,45.75
2008-09-05,45.43
2008-09-04,45.39
2008-09-03,45.37
2008-09-02,45.31
2008-08-29,45.16
2008-08-28,45.22
2008-08-27,45.18
2008-08-26,45.17
2008-08-25,45.11
2008-08-22,44.98
2008-08-21,45.08
2008-08-20,45.09
2008-08-19,44.99
2008-08-18,45.07
2008-08-15,44.95
2008-08-14,44.81
2008-08-13,44.7
2008-08-12,44.82
2008-08-11,44.62
2008-08-08,44.8
2008-08-07,44.82
2008-08-06,44.54
2008-08-05,44.6
2008-08-04,44.78
2008-08-01,44.86
2008-07-31,44.78
2008-07-30,44.63
2008-07-29,44.61
2008-07-28,44.69
2008-07-25,44.39
2008-07-24,44.67
2008-07-23,44.36
2008-07-22,44.34
2008-07-21,44.47
2008-07-18,44.38
2008-07-17,44.45
2008-07-16,44.66
2008-07-15,45.03
2008-07-14,44.99
2008-07-11,44.74
2008-07-10,45.03
2008-07-09,44.9
2008-07-08,44.9
2008-07-07,44.64
2008-07-03,44.62
2008-07-02,44.59
2008-07-01,44.74
2008-06-30,44.77
2008-06-27,44.62
2008-06-26,44.51
2008-06-25,44.51
2008-06-24,44.49
2008-06-23,44.3
2008-06-20,44.45
2008-06-19,44.37
2008-06-18,44.48
2008-06-17,44.33
2008-06-16,44.18
2008-06-13,44.14
2008-06-12,44.1
2008-06-11,44.59
2008-06-10,44.33
2008-06-09,44.58
2008-06-06,44.95
2008-06-05,44.72
2008-06-04,44.93
2008-06-03,45.15
2008-06-02,44.97
2008-05-30,44.75
2008-05-29,44.72
2008-05-28,44.8
2008-05-27,45.03
2008-05-23,45.28
2008-05-22,45.09
2008-05-21,45.27
2008-05-20,45.28
2008-05-19,45.3
2008-05-16,45.18
2008-05-15,45.26
2008-05-14,45.03
2008-05-13,45.0
2008-05-12,45.23
2008-05-09,45.28
2008-05-08,45.31
2008-05-07,45.08
2008-05-06,45.02
2008-05-05,45.18
2008-05-02,45.1
2008-05-01,45.21
2008-04-30,45.2
2008-04-29,44.84
2008-04-28,44.87
2008-04-25,44.71
2008-04-24,44.77
2008-04-23,44.96
2008-04-22,45.0
2008-04-21,44.9
2008-04-18,44.83
2008-04-17,44.79
2008-04-16,44.83
2008-04-15,45.07
2008-04-14,45.22
2008-04-11,45.37
2008-04-10,45.11
2008-04-09,45.25
2008-04-08,45.07
2008-04-07,45.05
2008-04-04,45.22
2008-04-03,44.81
2008-04-02,44.83
2008-04-01,44.89
2008-03-31,45.36
2008-03-28,45.2
2008-03-27,45.17
2008-03-26,45.16
2008-03-25,45.12
2008-03-24,45.04
2008-03-20,45.28
2008-03-19,45.16
2008-03-18,45.13
2008-03-17,45.09
2008-03-14,44.94
2008-03-13,44.74
2008-03-12,44.94
2008-03-11,44.53
2008-03-10,44.79
2008-03-07,44.65
2008-03-06,44.53
2008-03-05,44.56
2008-03-04,44.86
2008-03-03,45.07
2008-02-29,45.18
2008-02-28,44.9
2008-02-27,44.57
2008-02-26,44.49
2008-02-25,44.32
2008-02-22,44.54
2008-02-21,44.65
2008-02-20,44.28
2008-02-19,44.24
2008-02-15,44.65
2008-02-14,44.58
2008-02-13,44.79
2008-02-12,45.04
2008-02-11,45.11
2008-02-08,45.01
2008-02-07,44.88
2008-02-06,45.16
2008-02-05,45.25
2008-02-04,45.13
2008-02-01,45.29
2008-01-31,45.14
2008-01-30,45.11
2008-01-29,45.09
2008-01-28,45.15
2008-01-25,45.31
2008-01-24,45.01
2008-01-23,45.31
2008-01-22,45.38
2008-01-18,45.1
2008-01-17,45.12
2008-01-16,44.94
2008-01-15,45.02
2008-01-14,44.86
2008-01-11,44.81
2008-01-10,44.67
2008-01-09,44.68
2008-01-08,44.74
2008-01-07,44.69
2008-01-04,44.68
2008-01-03,44.63
2008-01-02,44.57
2007-12-31,44.58
2007-12-28,44.2
2007-12-27,43.98
2007-12-26,43.81
2007-12-24,43.94
2007-12-21,43.92
2007-12-20,44.21
2007-12-19,44.21
2007-12-18,44.02
2007-12-17,43.92
2007-12-14,43.74
2007-12-13,43.83
2007-12-12,44.06
2007-12-11,44.14
2007-12-10,43.85
2007-12-07,43.93
2007-12-06,44.07
2007-12-05,44.3
2007-12-04,44.4
2007-12-03,44.43
2007-11-30,44.21
2007-11-29,44.21
2007-11-28,44.02
2007-11-27,44.06
2007-11-26,44.3
2007-11-23,43.95
2007-11-21,44.04
2007-11-20,43.77
2007-11-19,43.87
2007-11-16,43.74
2007-11-15,43.76
2007-11-14,43.6
2007-11-13,43.6
2007-11-12,43.74
2007-11-09,43.64
2007-11-08,43.58
2007-11-07,43.53
2007-11-06,43.47
2007-11-05,43.54
2007-11-02,43.66
2007-11-01,43.61
2007-10-31,43.36
2007-10-30,43.52
2007-10-29,43.51
2007-10-26,43.5
2007-10-25,43.57
2007-10-24,43.6
2007-10-23,43.43
2007-10-22,43.44
2007-10-19,43.47
2007-10-18,43.26
2007-10-17,43.21
2007-10-16,42.99
2007-10-15,42.9
2007-10-12,42.93
2007-10-11,43.0
2007-10-10,42.96
2007-10-09,42.92
2007-10-08,43.06
2007-10-05,42.93
2007-10-04,43.12
2007-10-03,43.07
2007-10-02,43.09
2007-10-01,42.94
2007-09-28,42.97
2007-09-27,42.95
2007-09-26,42.86
2007-09-25,42.85
2007-09-24,42.82
2007-09-21,42.85
2007-09-20,42.67
2007-09-19,42.98
2007-09-18,43.04
2007-09-17,42.92
2007-09-14,42.89
2007-09-13,42.88
2007-09-12,42.99
2007-09-11,43.06
2007-09-10,43.16
2007-09-07,43.04
2007-09-06,42.77
2007-09-05,42.85
2007-09-04,42.69
2007-08-31,42.71
2007-08-30,42.68
2007-08-29,42.61
2007-08-28,42.7
2007-08-27,42.59
2007-08-24,42.43
2007-08-23,42.39
2007-08-22,42.39
2007-08-21,42.39
2007-08-20,42.25
2007-08-17,42.34
2007-08-16,42.21
2007-08-15,42.21
2007-08-14,42.21
2007-08-13,42.1
2007-08-10,42.07
2007-08-09,42.14
2007-08-08,42.05
2007-08-07,42.16
2007-08-06,42.16
2007-08-03,42.28
2007-08-02,42.14
2007-08-01,42.07
2007-07-31,42.09
2007-07-30,42.01
2007-07-27,42.05
2007-07-26,42.08
2007-07-25,41.92
2007-07-24,41.88
2007-07-23,41.86
2007-07-20,41.87
2007-07-19,41.75
2007-07-18,41.77
2007-07-17,41.7
2007-07-16,41.75
2007-07-13,41.64
2007-07-12,41.57
2007-07-11,41.63
2007-07-10,41.73
2007-07-09,41.52
2007-07-06,41.47
2007-07-05,41.56
2007-07-03,41.72
2007-07-02,41.81
2007-06-29,41.71
2007-06-28,41.57
2007-06-27,41.63
2007-06-26,41.59
2007-06-25,41.61
2007-06-22,41.5
2007-06-21,41.43
2007-06-20,41.41
2007-06-19,41.61
2007-06-18,41.42
2007-06-15,41.46
2007-06-14,41.25
2007-06-13,41.31
2007-06-12,41.22
2007-06-11,41.42
2007-06-08,41.46
2007-06-07,41.47
2007-06-06,41.76
2007-06-05,41.72
2007-06-04,41.79
2007-06-01,41.74
2007-05-31,41.84
2007-05-30,41.87
2007-05-29,41.83
2007-05-25,41.89
2007-05-24,41.88
2007-05-23,41.89
2007-05-22,41.92
2007-05-21,41.99
2007-05-18,41.93
2007-05-17,42.04
2007-05-16,42.1
2007-05-15,42.08
2007-05-14,42.1
2007-05-11,42.13
2007-05-10,42.18
2007-05-09,42.14
2007-05-08,42.19
2007-05-07,42.19
2007-05-04,42.16
2007-05-03,42.13
2007-05-02,42.15
2007-05-01,42.15
2007-04-30,42.17
2007-04-27,42.03
2007-04-26,42.04
2007-04-25,42.13
2007-04-24,42.16
2007-04-23,42.1
2007-04-20,42.04
2007-04-19,42.05
2007-04-18,42.07
2007-04-17,41.99
2007-04-16,41.89
2007-04-13,41.85
2007-04-12,41.91
2007-04-11,41.92
2007-04-10,42.03
