date,HYG
2025-12-23,80.475
2025-12-22,80.43
2025-12-19,80.36
2025-12-18,80.4
2025-12-17,80.18
2025-12-16,80.28
2025-12-15,80.23
2025-12-12,80.19
2025-12-11,80.34
2025-12-10,80.35
2025-12-09,80.08
2025-12-08,80.17
2025-12-05,80.37
2025-12-04,80.37
2025-12-03,80.31
2025-12-02,80.24
2025-12-01,80.09
2025-11-28,80.24
2025-11-26,80.2
2025-11-25,80.12
2025-11-24,79.84
2025-11-21,79.63
2025-11-20,79.36
2025-11-19,79.41
2025-11-18,79.37
2025-11-17,79.35
2025-11-14,79.48
2025-11-13,79.46
2025-11-12,79.78
2025-11-11,79.94
2025-11-10,79.85
2025-11-07,79.59
2025-11-06,79.52
2025-11-05,79.49
2025-11-04,79.41
2025-11-03,79.4
2025-10-31,79.65
2025-10-30,79.65
2025-10-29,79.8
2025-10-28,80.04
2025-10-27,80.12
2025-10-24,79.93
2025-10-23,79.71
2025-10-22,79.53
2025-10-21,79.61
2025-10-20,79.73
2025-10-17,79.57
2025-10-16,79.36
2025-10-15,79.65
2025-10-14,79.39
2025-10-13,79.31
2025-10-10,78.81
2025-10-09,79.28
2025-10-08,79.5
2025-10-07,79.62
2025-10-06,79.71
2025-10-03,79.69
2025-10-02,79.78
2025-10-01,79.81
2025-09-30,79.66
2025-09-29,79.69
2025-09-26,79.55
2025-09-25,79.4
2025-09-24,79.62
2025-09-23,79.73
2025-09-22,79.79
2025-09-19,79.73
2025-09-18,79.7
2025-09-17,79.52
2025-09-16,79.6
2025-09-15,79.66
2025-09-12,79.43
2025-09-11,79.51
2025-09-10,79.32
2025-09-09,79.26
2025-09-08,79.35
2025-09-05,79.35
2025-09-04,79.31
2025-09-03,79.09
2025-09-02,78.88
2025-08-29,78.96
2025-08-28,79.11
2025-08-27,79.07
2025-08-26,78.97
2025-08-25,78.79
2025-08-22,78.95
2025-08-21,78.32
2025-08-20,78.46
2025-08-19,78.49
2025-08-18,78.51
2025-08-15,78.57
2025-08-14,78.51
2025-08-13,78.72
2025-08-12,78.51
2025-08-11,78.33
2025-08-08,78.33
2025-08-07,78.33
2025-08-06,78.4
2025-08-05,78.33
2025-08-04,78.36
2025-08-01,78.1
2025-07-31,78.1
2025-07-30,78.05
2025-07-29,78.22
2025-07-28,78.17
2025-07-25,78.21
2025-07-24,78.16
2025-07-23,78.26
2025-07-22,78.22
2025-07-21,78.08
2025-07-18,77.97
2025-07-17,77.87
2025-07-16,77.79
2025-07-15,77.58
2025-07-14,77.82
2025-07-11,77.76
2025-07-10,77.86
2025-07-09,77.93
2025-07-08,77.72
2025-07-07,77.83
2025-07-03,78.09
2025-07-02,78.04
2025-07-01,77.9
2025-06-30,77.99
2025-06-27,77.69
2025-06-26,77.73
2025-06-25,77.51
2025-06-24,77.53
2025-06-23,77.31
2025-06-20,77.17
2025-06-18,76.93
2025-06-17,76.81
2025-06-16,76.9
2025-06-13,76.74
2025-06-12,76.97
2025-06-11,76.89
2025-06-10,76.91
2025-06-09,76.72
2025-06-06,76.68
2025-06-05,76.69
2025-06-04,76.86
2025-06-03,76.71
2025-06-02,76.57
2025-05-30,76.58
2025-05-29,76.51
2025-05-28,76.4
2025-05-27,76.45
2025-05-23,75.98
2025-05-22,76.0
2025-05-21,75.85
2025-05-20,76.36
2025-05-19,76.4
2025-05-16,76.44
2025-05-15,76.35
2025-05-14,76.2
2025-05-13,76.48
2025-05-12,76.35
2025-05-09,75.6
2025-05-08,75.55
2025-05-07,75.57
2025-05-06,75.5
2025-05-05,75.56
2025-05-02,75.59
2025-05-01,75.36
2025-04-30,75.26
2025-04-29,75.66
2025-04-28,75.46
2025-04-25,75.42
2025-04-24,75.36
2025-04-23,74.69
2025-04-22,74.31
2025-04-21,74.03
2025-04-17,74.47
2025-04-16,74.03
2025-04-15,74.04
2025-04-14,73.84
2025-04-11,73.48
2025-04-10,73.26
2025-04-09,74.48
2025-04-08,72.53
2025-04-07,72.87
2025-04-04,73.5
2025-04-03,74.56
2025-04-02,75.5
2025-04-01,75.35
2025-03-31,75.17
2025-03-28,75.08
2025-03-27,75.22
2025-03-26,75.36
2025-03-25,75.67
2025-03-24,75.7
2025-03-21,75.48
2025-03-20,75.6
2025-03-19,75.7
2025-03-18,75.21
2025-03-17,75.34
2025-03-14,75.16
2025-03-13,74.82
2025-03-12,75.24
2025-03-11,75.15
2025-03-10,75.42
2025-03-07,75.7
2025-03-06,75.58
2025-03-05,75.87
2025-03-04,75.83
2025-03-03,75.84
2025-02-28,76.0
2025-02-27,75.79
2025-02-26,75.93
2025-02-25,75.83
2025-02-24,75.64
2025-02-21,75.54
2025-02-20,75.69
2025-02-19,75.64
2025-02-18,75.58
2025-02-14,75.65
2025-02-13,75.56
2025-02-12,75.22
2025-02-11,75.38
2025-02-10,75.41
2025-02-07,75.26
2025-02-06,75.5
2025-02-05,75.61
2025-02-04,75.41
2025-02-03,75.17
2025-01-31,75.27
2025-01-30,75.42
2025-01-29,75.28
2025-01-28,75.33
2025-01-27,75.36
2025-01-24,75.3
2025-01-23,75.21
2025-01-22,75.12
2025-01-21,75.22
2025-01-17,75.02
2025-01-16,74.96
2025-01-15,74.87
2025-01-14,74.22
2025-01-13,74.13
2025-01-10,74.15
2025-01-08,74.53
2025-01-07,74.44
2025-01-06,74.68
2025-01-03,74.55
2025-01-02,74.44
2024-12-31,74.26
2024-12-30,74.27
2024-12-27,74.17
2024-12-26,74.42
2024-12-24,74.23
2024-12-23,74.0
2024-12-20,74.19
2024-12-19,73.73
2024-12-18,73.81
2024-12-17,74.57
2024-12-16,74.73
2024-12-13,74.59
2024-12-12,74.81
2024-12-11,75.01
2024-12-10,74.99
2024-12-09,74.96
2024-12-06,75.05
2024-12-05,74.93
2024-12-04,74.99
2024-12-03,74.81
2024-12-02,74.81
2024-11-29,74.84
2024-11-27,74.69
2024-11-26,74.47
2024-11-25,74.61
2024-11-22,74.33
2024-11-21,74.34
2024-11-20,74.32
2024-11-19,74.33
2024-11-18,74.22
2024-11-15,74.08
2024-11-14,74.09
2024-11-13,74.25
2024-11-12,74.23
2024-11-11,74.53
2024-11-08,74.62
2024-11-07,74.49
2024-11-06,74.18
2024-11-05,74.05
2024-11-04,73.84
2024-11-01,73.63
2024-10-31,73.63
2024-10-30,73.83
2024-10-29,73.97
2024-10-28,73.95
2024-10-25,73.76
2024-10-24,73.83
2024-10-23,73.62
2024-10-22,73.84
2024-10-21,73.95
2024-10-18,74.24
2024-10-17,74.07
2024-10-16,74.18
2024-10-15,74.05
2024-10-14,74.07
2024-10-11,74.03
2024-10-10,73.83
2024-10-09,73.87
2024-10-08,73.92
2024-10-07,73.74
2024-10-04,74.06
2024-10-03,74.14
2024-10-02,74.32
2024-10-01,74.31
2024-09-30,74.35
2024-09-27,74.41
2024-09-26,74.22
2024-09-25,74.1
2024-09-24,74.18
2024-09-23,74.17
2024-09-20,74.31
2024-09-19,74.22
2024-09-18,74.0
2024-09-17,73.93
2024-09-16,73.91
2024-09-13,73.73
2024-09-12,73.53
2024-09-11,73.42
2024-09-10,73.31
2024-09-09,73.45
2024-09-06,73.28
2024-09-05,73.37
2024-09-04,73.12
2024-09-03,72.85
2024-08-30,73.11
2024-08-29,73.1
2024-08-28,73.03
2024-08-27,73.06
2024-08-26,73.02
2024-08-23,73.17
2024-08-22,72.78
2024-08-21,72.87
2024-08-20,72.7
2024-08-19,72.77
2024-08-16,72.65
2024-08-15,72.42
2024-08-14,72.35
2024-08-13,72.23
2024-08-12,71.89
2024-08-09,71.85
2024-08-08,71.86
2024-08-07,71.56
2024-08-06,71.42
2024-08-05,71.16
2024-08-02,71.6
2024-08-01,71.84
2024-07-31,72.0
2024-07-30,71.74
2024-07-29,71.71
2024-07-26,71.77
2024-07-25,71.54
2024-07-24,71.53
2024-07-23,71.76
2024-07-22,71.75
2024-07-19,71.49
2024-07-18,71.54
2024-07-17,71.69
2024-07-16,71.77
2024-07-15,71.5
2024-07-12,71.49
2024-07-11,71.3
2024-07-10,71.05
2024-07-09,70.88
2024-07-08,70.96
2024-07-05,70.98
2024-07-03,70.77
2024-07-02,70.52
2024-07-01,70.33
2024-06-28,70.35
2024-06-27,70.52
2024-06-26,70.44
2024-06-25,70.6
2024-06-24,70.51
2024-06-21,70.58
2024-06-20,70.5
2024-06-18,70.54
2024-06-17,70.32
2024-06-14,70.28
2024-06-13,70.55
2024-06-12,70.56
2024-06-11,70.28
2024-06-10,70.19
2024-06-07,70.12
2024-06-06,70.3
2024-06-05,70.42
2024-06-04,70.2
2024-06-03,70.23
2024-05-31,70.01
2024-05-30,69.77
2024-05-29,69.48
2024-05-28,69.69
2024-05-24,69.97
2024-05-23,69.73
2024-05-22,69.97
2024-05-21,70.13
2024-05-20,70.18
2024-05-17,70.15
2024-05-16,70.14
2024-05-15,70.3
2024-05-14,69.89
2024-05-13,69.78
2024-05-10,69.8
2024-05-09,69.91
2024-05-08,69.89
2024-05-07,70.06
2024-05-06,70.05
2024-05-03,69.96
2024-05-02,69.67
2024-05-01,69.25
2024-04-30,68.88
2024-04-29,69.39
2024-04-26,69.18
2024-04-25,68.96
2024-04-24,69.11
2024-04-23,69.26
2024-04-22,68.98
2024-04-19,68.6
2024-04-18,68.47
2024-04-17,68.42
2024-04-16,68.33
2024-04-15,68.55
2024-04-12,68.95
2024-04-11,68.99
2024-04-10,69.05
2024-04-09,69.67
2024-04-08,69.52
2024-04-05,69.36
2024-04-04,69.42
2024-04-03,69.48
2024-04-02,69.42
2024-04-01,69.54
2024-03-28,69.82
2024-03-27,69.97
2024-03-26,69.6
2024-03-25,69.69
2024-03-22,69.79
2024-03-21,69.87
2024-03-20,69.9
2024-03-19,69.67
2024-03-18,69.39
2024-03-15,69.23
2024-03-14,69.27
2024-03-13,69.6
2024-03-12,69.58
2024-03-11,69.51
2024-03-08,69.52
2024-03-07,69.51
2024-03-06,69.42
2024-03-05,69.25
2024-03-04,69.31
2024-03-01,69.33
2024-02-29,69.07
2024-02-28,68.95
2024-02-27,68.95
2024-02-26,68.86
2024-02-23,69.09
2024-02-22,69.04
2024-02-21,68.71
2024-02-20,68.84
2024-02-16,68.7
2024-02-15,68.9
2024-02-14,68.66
2024-02-13,68.39
2024-02-12,68.95
2024-02-09,69.1
2024-02-08,68.95
2024-02-07,68.99
2024-02-06,68.87
2024-02-05,68.62
2024-02-02,68.95
2024-02-01,69.26
2024-01-31,68.86
2024-01-30,69.06
2024-01-29,69.14
2024-01-26,68.99
2024-01-25,69.05
2024-01-24,68.52
2024-01-23,68.56
2024-01-22,68.64
2024-01-19,68.58
2024-01-18,68.47
2024-01-17,68.33
2024-01-16,68.62
2024-01-12,69.06
2024-01-11,68.98
2024-01-10,68.76
2024-01-09,68.64
2024-01-08,68.53
2024-01-05,68.15
2024-01-04,68.1
2024-01-03,68.36
2024-01-02,68.55
2023-12-29,68.78
2023-12-28,69.05
2023-12-27,69.27
2023-12-26,68.98
2023-12-22,68.85
2023-12-21,68.93
2023-12-20,68.62
2023-12-19,68.61
2023-12-18,68.42
2023-12-15,68.37
2023-12-14,68.52
2023-12-13,68.22
2023-12-12,67.19
2023-12-11,67.04
2023-12-08,67.09
2023-12-07,67.22
2023-12-06,67.11
2023-12-05,67.1
2023-12-04,67.04
2023-12-01,67.2
2023-11-30,66.65
2023-11-29,66.77
2023-11-28,66.41
2023-11-27,66.12
2023-11-24,66.02
2023-11-22,66.1
2023-11-21,65.98
2023-11-20,65.89
2023-11-17,65.82
2023-11-16,65.67
2023-11-15,65.58
2023-11-14,65.8
2023-11-13,65.14
2023-11-10,65.2
2023-11-09,64.88
2023-11-08,65.29
2023-11-07,65.25
2023-11-06,65.24
2023-11-03,65.51
2023-11-02,64.87
2023-11-01,64.15
2023-10-31,63.54
2023-10-30,63.37
2023-10-27,63.36
2023-10-26,63.44
2023-10-25,63.22
2023-10-24,63.56
2023-10-23,63.23
2023-10-20,62.98
2023-10-19,62.85
2023-10-18,63.08
2023-10-17,63.38
2023-10-16,63.68
2023-10-13,63.7
2023-10-12,63.75
2023-10-11,64.09
2023-10-10,64.1
2023-10-09,64.12
2023-10-06,63.65
2023-10-05,63.56
2023-10-04,63.5
2023-10-03,63.17
2023-10-02,63.82
2023-09-29,64.21
2023-09-28,64.31
2023-09-27,64.0
2023-09-26,64.09
2023-09-25,64.37
2023-09-22,64.45
2023-09-21,64.34
2023-09-20,64.8
2023-09-19,64.85
2023-09-18,65.05
2023-09-15,65.01
2023-09-14,65.26
2023-09-13,65.18
2023-09-12,65.0
2023-09-11,65.11
2023-09-08,64.99
2023-09-07,65.02
2023-09-06,64.8
2023-09-05,64.96
2023-09-01,65.39
2023-08-31,65.26
2023-08-30,65.3
2023-08-29,65.33
2023-08-28,64.92
2023-08-25,64.68
2023-08-24,64.41
2023-08-23,64.77
2023-08-22,64.25
2023-08-21,64.21
2023-08-18,64.23
2023-08-17,64.19
2023-08-16,64.45
2023-08-15,64.65
2023-08-14,64.86
2023-08-11,64.87
2023-08-10,64.97
2023-08-09,64.98
2023-08-08,64.97
2023-08-07,64.84
2023-08-04,64.71
2023-08-03,64.33
2023-08-02,64.54
2023-08-01,64.82
2023-07-31,65.14
2023-07-28,64.98
2023-07-27,64.61
2023-07-26,65.13
2023-07-25,64.87
2023-07-24,64.92
2023-07-21,65.03
2023-07-20,64.86
2023-07-19,65.15
2023-07-18,65.1
2023-07-17,64.92
2023-07-14,64.79
2023-07-13,65.27
2023-07-12,64.88
2023-07-11,64.38
2023-07-10,64.04
2023-07-07,63.72
2023-07-06,63.66
2023-07-05,64.12
2023-07-03,64.32
2023-06-30,64.42
2023-06-29,64.11
2023-06-28,64.28
2023-06-27,63.91
2023-06-26,63.7
2023-06-23,63.66
2023-06-22,63.78
2023-06-21,63.97
2023-06-20,64.13
2023-06-16,64.3
2023-06-15,64.46
2023-06-14,64.15
2023-06-13,64.13
2023-06-12,64.05
2023-06-09,64.12
2023-06-08,64.1
2023-06-07,63.7
2023-06-06,64.05
2023-06-05,63.95
2023-06-02,64.0
2023-06-01,63.67
2023-05-31,63.29
2023-05-30,63.49
2023-05-26,63.21
2023-05-25,62.83
2023-05-24,62.87
2023-05-23,63.32
2023-05-22,63.65
2023-05-19,63.37
2023-05-18,63.3
2023-05-17,63.26
2023-05-16,63.09
2023-05-15,63.54
2023-05-12,63.55
2023-05-11,63.79
2023-05-10,63.89
2023-05-09,63.5
2023-05-08,63.67
2023-05-05,63.85
2023-05-04,63.5
2023-05-03,63.69
2023-05-02,63.73
2023-05-01,63.79
2023-04-28,64.08
2023-04-27,63.81
2023-04-26,63.6
2023-04-25,63.84
2023-04-24,63.94
2023-04-21,63.77
2023-04-20,63.57
2023-04-19,63.63
2023-04-18,63.88
2023-04-17,63.84
2023-04-14,64.01
2023-04-13,64.13
2023-04-12,63.7
2023-04-11,63.71
2023-04-10,63.58
2023-04-06,63.64
2023-04-05,63.36
2023-04-04,63.71
2023-04-03,63.9
2023-03-31,63.95
2023-03-30,63.26
2023-03-29,62.89
2023-03-28,62.11
2023-03-27,62.15
2023-03-24,62.3
2023-03-23,62.43
2023-03-22,62.67
2023-03-21,62.61
2023-03-20,61.94
2023-03-17,62.1
2023-03-16,62.48
2023-03-15,62.07
2023-03-14,62.27
2023-03-13,61.83
2023-03-10,62.16
2023-03-09,62.16
2023-03-08,62.5
2023-03-07,62.8
2023-03-06,63.25
2023-03-03,63.25
2023-03-02,62.6
2023-03-01,62.53
2023-02-28,62.71
2023-02-27,62.83
2023-02-24,62.41
2023-02-23,62.79
2023-02-22,62.17
2023-02-21,61.77
2023-02-17,62.74
2023-02-16,62.49
2023-02-15,63.0
2023-02-14,63.1
2023-02-13,63.08
2023-02-10,62.92
2023-02-09,63.41
2023-02-08,63.82
2023-02-07,64.09
2023-02-06,63.86
2023-02-03,64.28
2023-02-02,64.96
2023-02-01,64.59
2023-01-31,63.91
2023-01-30,63.42
2023-01-27,63.77
2023-01-26,63.96
2023-01-25,63.8
2023-01-24,63.81
2023-01-23,63.77
2023-01-20,63.78
2023-01-19,63.65
2023-01-18,64.03
2023-01-17,63.95
2023-01-13,64.17
2023-01-12,64.17
2023-01-11,63.81
2023-01-10,63.39
2023-01-09,63.47
2023-01-06,63.24
2023-01-05,62.35
2023-01-04,62.48
2023-01-03,61.77
2022-12-30,61.65
2022-12-29,61.6
2022-12-28,60.81
2022-12-27,61.64
2022-12-23,62.29
2022-12-22,62.13
2022-12-21,62.51
2022-12-20,61.98
2022-12-19,62.14
2022-12-16,62.46
2022-12-15,62.8
2022-12-14,63.03
2022-12-13,63.39
2022-12-12,62.74
2022-12-09,62.5
2022-12-08,62.5
2022-12-07,62.45
2022-12-06,62.11
2022-12-05,62.33
2022-12-02,62.93
2022-12-01,62.98
2022-11-30,62.75
2022-11-29,61.82
2022-11-28,61.56
2022-11-25,62.21
2022-11-23,62.34
2022-11-22,61.99
2022-11-21,61.54
2022-11-18,61.56
2022-11-17,61.43
2022-11-16,61.7
2022-11-15,61.83
2022-11-14,61.29
2022-11-11,61.75
2022-11-10,61.53
2022-11-09,59.67
2022-11-08,60.39
2022-11-07,60.45
2022-11-04,60.46
2022-11-03,60.05
2022-11-02,60.48
2022-11-01,61.03
2022-10-31,60.67
2022-10-28,61.6
2022-10-27,61.12
2022-10-26,60.68
2022-10-25,60.51
2022-10-24,59.93
2022-10-21,59.89
2022-10-20,59.32
2022-10-19,59.65
2022-10-18,60.23
2022-10-17,59.81
2022-10-14,59.08
2022-10-13,59.27
2022-10-12,59.14
2022-10-11,59.04
2022-10-10,58.86
2022-10-07,59.59
2022-10-06,60.32
2022-10-05,60.5
2022-10-04,60.74
2022-10-03,59.46
2022-09-30,58.69
2022-09-29,58.96
2022-09-28,59.52
2022-09-27,58.48
2022-09-26,58.6
2022-09-23,59.3
2022-09-22,60.06
2022-09-21,60.42
2022-09-20,60.61
2022-09-19,61.23
2022-09-16,61.0
2022-09-15,60.79
2022-09-14,61.18
2022-09-13,61.09
2022-09-12,62.51
2022-09-09,62.32
2022-09-08,62.08
2022-09-07,61.81
2022-09-06,60.93
2022-09-02,61.09
2022-09-01,61.13
2022-08-31,60.97
2022-08-30,61.31
2022-08-29,61.78
2022-08-26,62.02
2022-08-25,63.06
2022-08-24,62.47
2022-08-23,62.39
2022-08-22,62.24
2022-08-19,62.95
2022-08-18,63.6
2022-08-17,63.5
2022-08-16,64.16
2022-08-15,64.46
2022-08-12,64.58
2022-08-11,64.01
2022-08-10,64.37
2022-08-09,63.42
2022-08-08,63.9
2022-08-05,63.84
2022-08-04,64.17
2022-08-03,64.0
2022-08-02,63.44
2022-08-01,63.74
2022-07-29,63.72
2022-07-28,63.53
2022-07-27,62.89
2022-07-26,62.2
2022-07-25,62.64
2022-07-22,62.66
2022-07-21,62.74
2022-07-20,62.01
2022-07-19,61.74
2022-07-18,60.93
2022-07-15,61.53
2022-07-14,60.75
2022-07-13,60.87
2022-07-12,60.93
2022-07-11,60.69
2022-07-08,61.03
2022-07-07,60.98
2022-07-06,60.0
2022-07-05,60.23
2022-07-01,60.29
2022-06-30,59.72
2022-06-29,59.75
2022-06-28,59.84
2022-06-27,60.51
2022-06-24,60.88
2022-06-23,60.45
2022-06-22,60.02
2022-06-21,60.04
2022-06-17,60.08
2022-06-16,59.89
2022-06-15,60.86
2022-06-14,59.7
2022-06-13,59.31
2022-06-10,61.36
2022-06-09,62.42
2022-06-08,62.92
2022-06-07,63.47
2022-06-06,63.32
2022-06-03,63.8
2022-06-02,64.28
2022-06-01,64.01
2022-05-31,64.25
2022-05-27,64.81
2022-05-26,64.23
2022-05-25,63.35
2022-05-24,62.41
2022-05-23,62.04
2022-05-20,61.79
2022-05-19,61.83
2022-05-18,61.42
2022-05-17,61.93
2022-05-16,61.99
2022-05-13,62.08
2022-05-12,62.0
2022-05-11,62.03
2022-05-10,62.4
2022-05-09,62.04
2022-05-06,62.71
2022-05-05,63.06
2022-05-04,64.2
2022-05-03,63.56
2022-05-02,63.22
2022-04-29,63.22
2022-04-28,64.01
2022-04-27,63.65
2022-04-26,63.97
2022-04-25,64.35
2022-04-22,63.81
2022-04-21,64.19
2022-04-20,64.64
2022-04-19,64.44
2022-04-18,64.49
2022-04-14,64.6
2022-04-13,65.03
2022-04-12,64.64
2022-04-11,64.15
2022-04-08,64.6
2022-04-07,64.99
2022-04-06,65.1
2022-04-05,65.61
2022-04-04,66.47
2022-04-01,65.97
2022-03-31,65.98
2022-03-30,66.22
2022-03-29,66.42
2022-03-28,65.61
2022-03-25,65.2
2022-03-24,65.68
2022-03-23,65.54
2022-03-22,65.75
2022-03-21,65.41
2022-03-18,66.17
2022-03-17,65.96
2022-03-16,65.51
2022-03-15,64.6
2022-03-14,64.12
2022-03-11,64.89
2022-03-10,65.36
2022-03-09,65.92
2022-03-08,65.37
2022-03-07,65.6
2022-03-04,66.18
2022-03-03,66.61
2022-03-02,66.81
2022-03-01,66.65
2022-02-28,66.84
2022-02-25,66.79
2022-02-24,66.42
2022-02-23,65.95
2022-02-22,66.06
2022-02-18,66.22
2022-02-17,66.12
2022-02-16,66.4
2022-02-15,66.03
2022-02-14,65.92
2022-02-11,66.03
2022-02-10,66.26
2022-02-09,67.15
2022-02-08,66.8
2022-02-07,66.87
2022-02-04,66.92
2022-02-03,67.18
2022-02-02,67.79
2022-02-01,67.69
2022-01-31,67.42
2022-01-28,67.4
2022-01-27,67.21
2022-01-26,67.51
2022-01-25,67.74
2022-01-24,67.94
2022-01-21,68.01
2022-01-20,68.0
2022-01-19,68.13
2022-01-18,68.19
2022-01-14,68.53
2022-01-13,68.59
2022-01-12,68.84
2022-01-11,68.73
2022-01-10,68.41
2022-01-07,68.35
2022-01-06,68.53
2022-01-05,68.52
2022-01-04,69.05
2022-01-03,69.23
2021-12-31,69.26
2021-12-30,69.28
2021-12-29,69.31
2021-12-28,69.42
2021-12-27,69.45
2021-12-23,69.38
2021-12-22,69.18
2021-12-21,69.0
2021-12-20,68.63
2021-12-17,68.75
2021-12-16,68.81
2021-12-15,68.86
2021-12-14,68.6
2021-12-13,68.72
2021-12-10,68.72
2021-12-09,68.56
2021-12-08,68.87
2021-12-07,68.88
2021-12-06,68.52
2021-12-03,68.22
2021-12-02,68.22
2021-12-01,67.72
2021-11-30,67.71
2021-11-29,68.0
2021-11-26,67.58
2021-11-24,68.07
2021-11-23,68.08
2021-11-22,68.18
2021-11-19,68.44
2021-11-18,68.49
2021-11-17,68.55
2021-11-16,68.62
2021-11-15,68.59
2021-11-12,68.67
2021-11-11,68.64
2021-11-10,68.76
2021-11-09,69.15
2021-11-08,69.09
2021-11-05,69.18
2021-11-04,68.92
2021-11-03,68.74
2021-11-02,68.6
2021-11-01,68.44
2021-10-29,68.51
2021-10-28,68.69
2021-10-27,68.52
2021-10-26,68.57
2021-10-25,68.56
2021-10-22,68.44
2021-10-21,68.6
2021-10-20,68.78
2021-10-19,68.75
2021-10-18,68.71
2021-10-15,68.74
2021-10-14,68.86
2021-10-13,68.47
2021-10-12,68.29
2021-10-11,68.16
2021-10-08,68.38
2021-10-07,68.58
2021-10-06,68.57
2021-10-05,68.61
2021-10-04,68.64
2021-10-01,68.89
2021-09-30,68.72
2021-09-29,68.8
2021-09-28,68.67
2021-09-27,68.99
2021-09-24,69.05
2021-09-23,69.15
2021-09-22,69.12
2021-09-21,68.99
2021-09-20,68.88
2021-09-17,69.12
2021-09-16,69.21
2021-09-15,69.23
2021-09-14,69.13
2021-09-13,69.16
2021-09-10,68.99
2021-09-09,69.09
2021-09-08,69.03
2021-09-07,68.95
2021-09-03,69.13
2021-09-02,69.12
2021-09-01,69.03
2021-08-31,68.98
2021-08-30,68.96
2021-08-27,68.88
2021-08-26,68.69
2021-08-25,68.73
2021-08-24,68.66
2021-08-23,68.56
2021-08-20,68.35
2021-08-19,68.19
2021-08-18,68.2
2021-08-17,68.35
2021-08-16,68.51
2021-08-13,68.49
2021-08-12,68.34
2021-08-11,68.22
2021-08-10,68.11
2021-08-09,68.27
2021-08-06,68.42
2021-08-05,68.5
2021-08-04,68.35
2021-08-03,68.47
2021-08-02,68.39
2021-07-30,68.56
2021-07-29,68.65
2021-07-28,68.51
2021-07-27,68.45
2021-07-26,68.54
2021-07-23,68.65
2021-07-22,68.51
2021-07-21,68.47
2021-07-20,68.31
2021-07-19,67.97
2021-07-16,68.43
2021-07-15,68.52
2021-07-14,68.57
2021-07-13,68.46
2021-07-12,68.66
2021-07-09,68.68
2021-07-08,68.57
2021-07-07,68.72
2021-07-06,68.69
2021-07-02,68.73
2021-07-01,68.62
2021-06-30,68.49
2021-06-29,68.48
2021-06-28,68.4
2021-06-25,68.4
2021-06-24,68.33
2021-06-23,68.12
2021-06-22,68.19
2021-06-21,68.15
2021-06-18,68.02
2021-06-17,68.05
2021-06-16,68.0
2021-06-15,68.09
2021-06-14,68.1
2021-06-11,68.16
2021-06-10,68.14
2021-06-09,68.02
2021-06-08,67.96
2021-06-07,67.91
2021-06-04,67.89
2021-06-03,67.74
2021-06-02,67.88
2021-06-01,67.8
2021-05-28,67.59
2021-05-27,67.61
2021-05-26,67.64
2021-05-25,67.62
2021-05-24,67.61
2021-05-21,67.54
2021-05-20,67.43
2021-05-19,67.15
2021-05-18,67.33
2021-05-17,67.49
2021-05-14,67.61
2021-05-13,67.4
2021-05-12,67.16
2021-05-11,67.48
2021-05-10,67.55
2021-05-07,67.71
2021-05-06,67.66
2021-05-05,67.68
2021-05-04,67.55
2021-05-03,67.59
2021-04-30,67.56
2021-04-29,67.59
2021-04-28,67.51
2021-04-27,67.38
2021-04-26,67.47
2021-04-23,67.51
2021-04-22,67.33
2021-04-21,67.45
2021-04-20,67.23
2021-04-19,67.34
2021-04-16,67.45
2021-04-15,67.59
2021-04-14,67.32
2021-04-13,67.35
2021-04-12,67.3
2021-04-09,67.37
2021-04-08,67.42
2021-04-07,67.4
2021-04-06,67.42
2021-04-05,67.3
2021-04-01,67.27
2021-03-31,67.13
2021-03-30,66.81
2021-03-29,66.97
2021-03-26,66.93
2021-03-25,66.73
2021-03-24,66.61
2021-03-23,66.58
2021-03-22,66.51
2021-03-19,66.27
2021-03-18,66.01
2021-03-17,66.52
2021-03-16,66.43
2021-03-15,66.58
2021-03-12,66.58
2021-03-11,66.76
2021-03-10,66.51
2021-03-09,66.31
2021-03-08,66.21
2021-03-05,66.7
2021-03-04,66.5
2021-03-03,66.75
2021-03-02,66.97
2021-03-01,67.07
2021-02-26,66.32
2021-02-25,66.52
2021-02-24,67.16
2021-02-23,67.09
2021-02-22,66.93
2021-02-19,67.13
2021-02-18,67.13
2021-02-17,67.22
2021-02-16,67.24
2021-02-12,67.35
2021-02-11,67.24
2021-02-10,67.21
2021-02-09,67.23
2021-02-08,67.35
2021-02-05,67.15
2021-02-04,67.05
2021-02-03,66.91
2021-02-02,66.86
2021-02-01,66.7
2021-01-29,66.48
2021-01-28,66.66
2021-01-27,66.46
2021-01-26,66.65
2021-01-25,66.75
2021-01-22,66.73
2021-01-21,66.86
2021-01-20,66.9
2021-01-19,66.78
2021-01-15,66.59
2021-01-14,66.69
2021-01-13,66.71
2021-01-12,66.51
2021-01-11,66.43
2021-01-08,66.79
2021-01-07,66.69
2021-01-06,66.5
2021-01-05,66.62
2021-01-04,66.59
2020-12-31,66.73
2020-12-30,66.68
2020-12-29,66.54
2020-12-28,66.63
2020-12-24,66.54
2020-12-23,66.4
2020-12-22,66.11
2020-12-21,66.02
2020-12-18,66.26
2020-12-17,66.2
2020-12-16,66.11
2020-12-15,66.21
2020-12-14,66.0
2020-12-11,65.99
2020-12-10,66.06
2020-12-09,65.94
2020-12-08,66.03
2020-12-07,66.09
2020-12-04,66.12
2020-12-03,65.84
2020-12-02,65.81
2020-12-01,65.62
2020-11-30,65.45
2020-11-27,65.52
2020-11-25,65.41
2020-11-24,65.44
2020-11-23,65.25
2020-11-20,65.15
2020-11-19,65.27
2020-11-18,65.05
2020-11-17,65.17
2020-11-16,65.15
2020-11-13,64.78
2020-11-12,64.56
2020-11-11,65.0
2020-11-10,65.03
2020-11-09,65.12
2020-11-06,64.62
2020-11-05,64.85
2020-11-04,64.62
2020-11-03,64.02
2020-11-02,63.48
2020-10-30,63.33
2020-10-29,63.19
2020-10-28,63.01
2020-10-27,63.54
2020-10-26,63.51
2020-10-23,64.08
2020-10-22,64.0
2020-10-21,63.89
2020-10-20,63.9
2020-10-19,63.67
2020-10-16,63.9
2020-10-15,63.97
2020-10-14,64.02
2020-10-13,64.18
2020-10-12,64.46
2020-10-09,64.14
2020-10-08,63.99
2020-10-07,63.85
2020-10-06,63.62
2020-10-05,63.77
2020-10-02,63.29
2020-10-01,63.29
2020-09-30,63.08
2020-09-29,62.82
2020-09-28,62.77
2020-09-25,62.37
2020-09-24,62.48
2020-09-23,62.44
2020-09-22,63.08
2020-09-21,62.86
2020-09-18,63.37
2020-09-17,63.53
2020-09-16,63.6
2020-09-15,63.6
2020-09-14,63.43
2020-09-11,63.49
2020-09-10,63.37
2020-09-09,63.67
2020-09-08,63.17
2020-09-04,63.52
2020-09-03,63.7
2020-09-02,64.1
2020-09-01,64.02
2020-08-31,63.67
2020-08-28,63.76
2020-08-27,63.71
2020-08-26,63.8
2020-08-25,63.81
2020-08-24,63.74
2020-08-21,63.45
2020-08-20,63.46
2020-08-19,63.25
2020-08-18,63.43
2020-08-17,63.33
2020-08-14,62.96
2020-08-13,63.07
2020-08-12,63.24
2020-08-11,63.23
2020-08-10,63.8
2020-08-07,63.77
2020-08-06,63.93
2020-08-05,63.79
2020-08-04,63.68
2020-08-03,63.7
2020-07-31,63.68
2020-07-30,63.56
2020-07-29,63.43
2020-07-28,63.08
2020-07-27,63.24
2020-07-24,63.09
2020-07-23,63.03
2020-07-22,63.08
2020-07-21,62.95
2020-07-20,62.66
2020-07-17,62.29
2020-07-16,62.11
2020-07-15,62.05
2020-07-14,61.7
2020-07-13,61.18
2020-07-10,61.52
2020-07-09,61.31
2020-07-08,61.44
2020-07-07,61.28
2020-07-06,61.69
2020-07-02,61.25
2020-07-01,60.8
2020-06-30,60.61
2020-06-29,60.06
2020-06-26,60.4
2020-06-25,60.98
2020-06-24,60.96
2020-06-23,61.59
2020-06-22,61.5
2020-06-19,61.55
2020-06-18,61.75
2020-06-17,61.78
2020-06-16,62.07
2020-06-15,61.81
2020-06-12,61.22
2020-06-11,60.62
2020-06-10,62.21
2020-06-09,62.3
2020-06-08,62.79
2020-06-05,62.72
2020-06-04,62.13
2020-06-03,62.33
2020-06-02,62.04
2020-06-01,61.43
2020-05-29,60.97
2020-05-28,60.73
2020-05-27,60.67
2020-05-26,60.54
2020-05-22,60.09
2020-05-21,59.94
2020-05-20,59.96
2020-05-19,59.33
2020-05-18,59.25
2020-05-15,58.23
2020-05-14,58.14
2020-05-13,58.34
2020-05-12,58.65
2020-05-11,58.73
2020-05-08,59.0
2020-05-07,58.44
2020-05-06,58.29
2020-05-05,58.63
2020-05-04,58.12
2020-05-01,58.2
2020-04-30,59.23
2020-04-29,59.11
2020-04-28,58.09
2020-04-27,57.91
2020-04-24,57.68
2020-04-23,58.22
2020-04-22,58.25
2020-04-21,57.74
2020-04-20,58.82
2020-04-17,59.72
2020-04-16,59.41
2020-04-15,59.47
2020-04-14,60.03
2020-04-13,59.78
2020-04-09,60.65
2020-04-08,56.93
2020-04-07,55.48
2020-04-06,55.48
2020-04-03,54.16
2020-04-02,55.35
2020-04-01,54.92
2020-03-31,56.47
2020-03-30,56.92
2020-03-27,56.44
2020-03-26,56.29
2020-03-25,53.83
2020-03-24,52.36
2020-03-23,50.29
2020-03-20,51.11
2020-03-19,52.28
2020-03-18,53.48
2020-03-17,55.95
2020-03-16,55.43
2020-03-13,58.65
2020-03-12,56.87
2020-03-11,59.23
2020-03-10,60.55
2020-03-09,59.64
2020-03-06,62.32
2020-03-05,63.03
2020-03-04,63.83
2020-03-03,62.97
2020-03-02,63.24
2020-02-28,62.76
2020-02-27,62.5
2020-02-26,63.36
2020-02-25,63.29
2020-02-24,63.74
2020-02-21,64.43
2020-02-20,64.49
2020-02-19,64.38
2020-02-18,64.35
2020-02-14,64.48
2020-02-13,64.49
2020-02-12,64.47
2020-02-11,64.3
2020-02-10,64.26
2020-02-07,64.17
2020-02-06,64.26
2020-02-05,64.21
2020-02-04,63.95
2020-02-03,63.57
2020-01-31,63.58
2020-01-30,63.84
2020-01-29,63.78
2020-01-28,63.81
2020-01-27,63.27
2020-01-24,63.7
2020-01-23,63.97
2020-01-22,64.16
2020-01-21,64.04
2020-01-17,64.18
2020-01-16,64.23
2020-01-15,64.21
2020-01-14,64.2
2020-01-13,64.2
2020-01-10,64.2
2020-01-09,64.18
2020-01-08,64.02
2020-01-07,63.96
2020-01-06,64.02
2020-01-03,64.08
2020-01-02,64.15
2019-12-31,63.88
2019-12-30,63.82
2019-12-27,63.86
2019-12-26,63.89
2019-12-24,63.8
2019-12-23,63.75
2019-12-20,63.72
2019-12-19,63.81
2019-12-18,63.85
2019-12-17,63.73
2019-12-16,63.54
2019-12-13,63.42
2019-12-12,63.35
2019-12-11,63.21
2019-12-10,63.08
2019-12-09,62.92
2019-12-06,62.92
2019-12-05,62.84
2019-12-04,62.74
2019-12-03,62.55
2019-12-02,62.64
2019-11-29,62.68
2019-11-27,62.82
2019-11-26,62.74
2019-11-25,62.67
2019-11-22,62.5
2019-11-21,62.26
2019-11-20,62.25
2019-11-19,62.38
2019-11-18,62.6
2019-11-15,62.68
2019-11-14,62.49
2019-11-13,62.53
2019-11-12,62.59
2019-11-11,62.58
2019-11-08,62.62
2019-11-07,62.56
2019-11-06,62.59
2019-11-05,62.66
2019-11-04,62.72
2019-11-01,62.59
2019-10-31,62.33
2019-10-30,62.54
2019-10-29,62.62
2019-10-28,62.74
2019-10-25,62.75
2019-10-24,62.7
2019-10-23,62.62
2019-10-22,62.57
2019-10-21,62.55
2019-10-18,62.53
2019-10-17,62.52
2019-10-16,62.43
2019-10-15,62.48
2019-10-14,62.34
2019-10-11,62.3
2019-10-10,62.04
2019-10-09,61.96
2019-10-08,61.78
2019-10-07,62.01
2019-10-04,62.06
2019-10-03,61.86
2019-10-02,61.83
2019-10-01,62.19
2019-09-30,62.34
2019-09-27,62.27
2019-09-26,62.34
2019-09-25,62.38
2019-09-24,62.45
2019-09-23,62.53
2019-09-20,62.56
2019-09-19,62.48
2019-09-18,62.55
2019-09-17,62.59
2019-09-16,62.55
2019-09-13,62.33
2019-09-12,62.45
2019-09-11,62.41
2019-09-10,62.42
2019-09-09,62.38
2019-09-06,62.32
2019-09-05,62.26
2019-09-04,62.02
2019-09-03,61.89
2019-08-30,62.07
2019-08-29,62.13
2019-08-28,62.06
2019-08-27,61.91
2019-08-26,61.94
2019-08-23,61.64
2019-08-22,61.92
2019-08-21,61.81
2019-08-20,61.54
2019-08-19,61.49
2019-08-16,61.32
2019-08-15,61.11
2019-08-14,60.93
2019-08-13,61.48
2019-08-12,61.21
2019-08-09,61.42
2019-08-08,61.51
2019-08-07,61.27
2019-08-06,61.27
2019-08-05,60.88
2019-08-02,61.52
2019-08-01,61.61
2019-07-31,61.64
2019-07-30,61.75
2019-07-29,61.72
2019-07-26,61.81
2019-07-25,61.68
2019-07-24,61.76
2019-07-23,61.71
2019-07-22,61.6
2019-07-19,61.4
2019-07-18,61.51
2019-07-17,61.48
2019-07-16,61.56
2019-07-15,61.68
2019-07-12,61.64
2019-07-11,61.54
2019-07-10,61.66
2019-07-09,61.49
2019-07-08,61.56
2019-07-05,61.68
2019-07-03,61.93
2019-07-02,61.7
2019-07-01,61.56
2019-06-28,61.54
2019-06-27,61.52
2019-06-26,61.35
2019-06-25,61.38
2019-06-24,61.64
2019-06-21,61.65
2019-06-20,61.84
2019-06-19,61.53
2019-06-18,61.24
2019-06-17,60.82
2019-06-14,60.91
2019-06-13,60.95
2019-06-12,60.81
2019-06-11,60.95
2019-06-10,60.87
2019-06-07,60.78
2019-06-06,60.62
2019-06-05,60.5
2019-06-04,60.35
2019-06-03,59.75
2019-05-31,59.66
2019-05-30,60.1
2019-05-29,59.97
2019-05-28,60.13
2019-05-24,60.19
2019-05-23,60.27
2019-05-22,60.57
2019-05-21,60.52
2019-05-20,60.33
2019-05-17,60.39
2019-05-16,60.41
2019-05-15,60.23
2019-05-14,60.17
2019-05-13,60.04
2019-05-10,60.59
2019-05-09,60.43
2019-05-08,60.52
2019-05-07,60.5
2019-05-06,60.86
2019-05-03,60.83
2019-05-02,60.68
2019-05-01,60.64
2019-04-30,60.84
2019-04-29,60.83
2019-04-26,60.86
2019-04-25,60.71
2019-04-24,60.68
2019-04-23,60.76
2019-04-22,60.55
2019-04-18,60.66
2019-04-17,60.63
2019-04-16,60.78
2019-04-15,60.81
2019-04-12,60.85
2019-04-11,60.76
2019-04-10,60.67
2019-04-09,60.41
2019-04-08,60.45
2019-04-05,60.48
2019-04-04,60.37
2019-04-03,60.28
2019-04-02,60.26
2019-04-01,60.23
2019-03-29,60.25
2019-03-28,60.1
2019-03-27,59.98
2019-03-26,59.94
2019-03-25,59.79
2019-03-22,59.81
2019-03-21,60.03
2019-03-20,60.04
2019-03-19,59.78
2019-03-18,59.75
2019-03-15,59.77
2019-03-14,59.71
2019-03-13,59.75
2019-03-12,59.59
2019-03-11,59.49
2019-03-08,59.3
2019-03-07,59.39
2019-03-06,59.43
2019-03-05,59.53
2019-03-04,59.56
2019-03-01,59.65
2019-02-28,59.48
2019-02-27,59.51
2019-02-26,59.49
2019-02-25,59.42
2019-02-22,59.37
2019-02-21,59.25
2019-02-20,59.31
2019-02-19,59.26
2019-02-15,59.24
2019-02-14,59.05
2019-02-13,59.04
2019-02-12,59.13
2019-02-11,58.84
2019-02-08,58.81
2019-02-07,58.83
2019-02-06,59.03
2019-02-05,59.08
2019-02-04,58.88
2019-02-01,58.74
2019-01-31,58.77
2019-01-30,58.63
2019-01-29,58.16
2019-01-28,58.2
2019-01-25,58.29
2019-01-24,58.14
2019-01-23,58.08
2019-01-22,57.96
2019-01-18,58.35
2019-01-17,58.18
2019-01-16,58.02
2019-01-15,57.93
2019-01-14,57.74
2019-01-11,57.93
2019-01-10,58.11
2019-01-09,57.89
2019-01-08,57.82
2019-01-07,57.44
2019-01-04,56.89
2019-01-03,55.95
2019-01-02,55.93
2018-12-31,56.0
2018-12-28,55.96
2018-12-27,55.88
2018-12-26,55.91
2018-12-24,54.99
2018-12-21,55.4
2018-12-20,55.68
2018-12-19,56.17
2018-12-18,56.68
2018-12-17,56.78
2018-12-14,57.15
2018-12-13,57.39
2018-12-12,57.25
2018-12-11,57.07
2018-12-10,56.97
2018-12-07,56.92
2018-12-06,57.03
2018-12-04,57.23
2018-12-03,57.59
2018-11-30,57.19
2018-11-29,57.31
2018-11-28,57.29
2018-11-27,56.82
2018-11-26,56.85
2018-11-23,56.58
2018-11-21,56.9
2018-11-20,56.61
2018-11-19,56.79
2018-11-16,56.96
2018-11-15,57.14
2018-11-14,57.15
2018-11-13,57.26
2018-11-12,57.35
2018-11-09,57.71
2018-11-08,58.04
2018-11-07,58.18
2018-11-06,57.85
2018-11-05,57.7
2018-11-02,57.65
2018-11-01,57.68
2018-10-31,57.42
2018-10-30,57.42
2018-10-29,57.28
2018-10-26,57.34
2018-10-25,57.6
2018-10-24,57.48
2018-10-23,57.77
2018-10-22,57.82
2018-10-19,57.79
2018-10-18,57.76
2018-10-17,58.01
2018-10-16,58.12
2018-10-15,57.92
2018-10-12,57.97
2018-10-11,57.66
2018-10-10,57.61
2018-10-09,58.03
2018-10-08,57.94
2018-10-05,58.07
2018-10-04,58.33
2018-10-03,58.54
2018-10-02,58.7
2018-10-01,58.75
2018-09-28,58.58
2018-09-27,58.54
2018-09-26,58.43
2018-09-25,58.37
2018-09-24,58.42
2018-09-21,58.44
2018-09-20,58.43
2018-09-19,58.35
2018-09-18,58.46
2018-09-17,58.47
2018-09-14,58.51
2018-09-13,58.45
2018-09-12,58.34
2018-09-11,58.21
2018-09-10,58.19
2018-09-07,58.08
2018-09-06,58.14
2018-09-05,58.09
2018-09-04,58.15
2018-08-31,58.27
2018-08-30,58.2
2018-08-29,58.24
2018-08-28,58.28
2018-08-27,58.3
2018-08-24,58.28
2018-08-23,58.18
2018-08-22,58.19
2018-08-21,58.17
2018-08-20,58.08
2018-08-17,58.05
2018-08-16,57.99
2018-08-15,57.91
2018-08-14,58.01
2018-08-13,57.91
2018-08-10,57.95
2018-08-09,58.05
2018-08-08,58.09
2018-08-07,58.13
2018-08-06,58.1
2018-08-03,57.99
2018-08-02,57.95
2018-08-01,57.91
2018-07-31,57.86
2018-07-30,57.74
2018-07-27,57.72
2018-07-26,57.74
2018-07-25,57.73
2018-07-24,57.62
2018-07-23,57.5
2018-07-20,57.52
2018-07-19,57.5
2018-07-18,57.52
2018-07-17,57.5
2018-07-16,57.48
2018-07-13,57.52
2018-07-12,57.52
2018-07-11,57.34
2018-07-10,57.42
2018-07-09,57.42
2018-07-06,57.33
2018-07-05,57.18
2018-07-03,56.97
2018-07-02,56.96
2018-06-29,56.9
2018-06-28,57.03
2018-06-27,57.19
2018-06-26,57.31
2018-06-25,57.32
2018-06-22,57.45
2018-06-21,57.45
2018-06-20,57.57
2018-06-19,57.51
2018-06-18,57.59
2018-06-15,57.6
2018-06-14,57.63
2018-06-13,57.46
2018-06-12,57.44
2018-06-11,57.39
2018-06-08,57.29
2018-06-07,57.32
2018-06-06,57.3
2018-06-05,57.16
2018-06-04,57.09
2018-06-01,56.97
2018-05-31,56.84
2018-05-30,56.89
2018-05-29,56.72
2018-05-25,56.96
2018-05-24,57.05
2018-05-23,57.02
2018-05-22,56.97
2018-05-21,56.93
2018-05-18,56.85
2018-05-17,56.91
2018-05-16,56.88
2018-05-15,56.81
2018-05-14,57.09
2018-05-11,57.07
2018-05-10,57.09
2018-05-09,56.93
2018-05-08,56.83
2018-05-07,56.92
2018-05-04,56.87
2018-05-03,56.83
2018-05-02,56.83
2018-05-01,56.85
2018-04-30,56.81
2018-04-27,56.85
2018-04-26,56.88
2018-04-25,56.68
2018-04-24,56.67
2018-04-23,56.78
2018-04-20,56.94
2018-04-19,57.07
2018-04-18,57.25
2018-04-17,57.31
2018-04-16,57.29
2018-04-13,57.2
2018-04-12,57.17
2018-04-11,56.96
2018-04-10,56.94
2018-04-09,56.74
2018-04-06,56.52
2018-04-05,56.65
2018-04-04,56.6
2018-04-03,56.48
2018-04-02,56.32
2018-03-29,56.54
2018-03-28,56.35
2018-03-27,56.38
2018-03-26,56.43
2018-03-23,56.07
2018-03-22,56.21
2018-03-21,56.55
2018-03-20,56.53
2018-03-19,56.41
2018-03-16,56.65
2018-03-15,56.53
2018-03-14,56.49
2018-03-13,56.55
2018-03-12,56.73
2018-03-09,56.82
2018-03-08,56.62
2018-03-07,56.55
2018-03-06,56.69
2018-03-05,56.61
2018-03-02,56.61
2018-03-01,56.3
2018-02-28,56.67
2018-02-27,56.76
2018-02-26,56.91
2018-02-23,56.81
2018-02-22,56.43
2018-02-21,56.39
2018-02-20,56.65
2018-02-16,56.85
2018-02-15,56.62
2018-02-14,56.16
2018-02-13,56.07
2018-02-12,56.24
2018-02-09,55.86
2018-02-08,56.02
2018-02-07,56.51
2018-02-06,56.72
2018-02-05,56.38
2018-02-02,56.7
2018-02-01,57.06
2018-01-31,57.17
2018-01-30,57.07
2018-01-29,57.27
2018-01-26,57.47
2018-01-25,57.43
2018-01-24,57.46
2018-01-23,57.55
2018-01-22,57.38
2018-01-19,57.33
2018-01-18,57.27
2018-01-17,57.33
2018-01-16,57.32
2018-01-12,57.35
2018-01-11,57.45
2018-01-10,57.26
2018-01-09,57.39
2018-01-08,57.56
2018-01-05,57.61
2018-01-04,57.57
2018-01-03,57.47
2018-01-02,57.2
2017-12-29,57.14
2017-12-28,57.06
2017-12-27,57.09
2017-12-26,57.06
2017-12-22,56.97
2017-12-21,56.92
2017-12-20,56.86
2017-12-19,56.81
2017-12-18,56.93
2017-12-15,56.87
2017-12-14,56.87
2017-12-13,56.98
2017-12-12,56.95
2017-12-11,56.98
2017-12-08,56.96
2017-12-07,56.91
2017-12-06,56.88
2017-12-05,56.93
2017-12-04,56.96
2017-12-01,56.98
2017-11-30,57.0
2017-11-29,56.99
2017-11-28,57.06
2017-11-27,56.88
2017-11-24,57.06
2017-11-22,57.02
2017-11-21,56.93
2017-11-20,56.81
2017-11-17,56.8
2017-11-16,56.84
2017-11-15,56.29
2017-11-14,56.29
2017-11-13,56.53
2017-11-10,56.56
2017-11-09,56.44
2017-11-08,56.72
2017-11-07,56.97
2017-11-06,57.14
2017-11-03,57.13
2017-11-02,57.12
2017-11-01,57.16
2017-10-31,57.21
2017-10-30,57.2
2017-10-27,57.21
2017-10-26,57.05
2017-10-25,57.13
2017-10-24,57.29
2017-10-23,57.29
2017-10-20,57.35
2017-10-19,57.3
2017-10-18,57.29
2017-10-17,57.24
2017-10-16,57.15
2017-10-13,57.12
2017-10-12,57.09
2017-10-11,57.16
2017-10-10,57.22
2017-10-09,57.17
2017-10-06,57.16
2017-10-05,57.25
2017-10-04,57.18
2017-10-03,57.24
2017-10-02,57.13
2017-09-29,57.16
2017-09-28,57.08
2017-09-27,57.08
2017-09-26,57.05
2017-09-25,56.98
2017-09-22,56.95
2017-09-21,56.89
2017-09-20,56.96
2017-09-19,56.97
2017-09-18,56.91
2017-09-15,56.93
2017-09-14,56.88
2017-09-13,56.81
2017-09-12,56.79
2017-09-11,56.72
2017-09-08,56.54
2017-09-07,56.72
2017-09-06,56.71
2017-09-05,56.75
2017-09-01,56.88
2017-08-31,56.82
2017-08-30,56.67
2017-08-29,56.51
2017-08-28,56.58
2017-08-25,56.58
2017-08-24,56.47
2017-08-23,56.39
2017-08-22,56.38
2017-08-21,56.15
2017-08-18,56.1
2017-08-17,56.01
2017-08-16,56.33
2017-08-15,56.32
2017-08-14,56.3
2017-08-11,56.01
2017-08-10,55.91
2017-08-09,56.27
2017-08-08,56.49
2017-08-07,56.73
2017-08-04,56.76
2017-08-03,56.74
2017-08-02,56.85
2017-08-01,56.84
2017-07-31,56.78
2017-07-28,56.78
2017-07-27,56.77
2017-07-26,56.82
2017-07-25,56.74
2017-07-24,56.71
2017-07-21,56.66
2017-07-20,56.71
2017-07-19,56.68
2017-07-18,56.58
2017-07-17,56.56
2017-07-14,56.54
2017-07-13,56.38
2017-07-12,56.33
2017-07-11,55.97
2017-07-10,56.01
2017-07-07,55.94
2017-07-06,55.99
2017-07-05,56.13
2017-07-03,56.18
2017-06-30,56.21
2017-06-29,56.08
2017-06-28,56.22
2017-06-27,55.99
2017-06-26,56.17
2017-06-23,56.09
2017-06-22,55.86
2017-06-21,55.71
2017-06-20,56.03
2017-06-19,56.23
2017-06-16,56.06
2017-06-15,56.15
2017-06-14,56.37
2017-06-13,56.36
2017-06-12,56.26
2017-06-09,56.17
2017-06-08,56.12
2017-06-07,56.08
2017-06-06,56.19
2017-06-05,56.28
2017-06-02,56.33
2017-06-01,56.3
2017-05-31,56.14
2017-05-30,56.15
2017-05-26,56.09
2017-05-25,56.06
2017-05-24,56.1
2017-05-23,56.01
2017-05-22,56.01
2017-05-19,55.84
2017-05-18,55.74
2017-05-17,55.68
2017-05-16,55.92
2017-05-15,55.84
2017-05-12,55.72
2017-05-11,55.73
2017-05-10,55.73
2017-05-09,55.49
2017-05-08,55.53
2017-05-05,55.46
2017-05-04,55.37
2017-05-03,55.67
2017-05-02,55.61
2017-05-01,55.6
2017-04-28,55.57
2017-04-27,55.59
2017-04-26,55.55
2017-04-25,55.6
2017-04-24,55.5
2017-04-21,55.24
2017-04-20,55.29
2017-04-19,55.1
2017-04-18,55.15
2017-04-17,55.17
2017-04-13,55.0
2017-04-12,55.12
2017-04-11,55.08
2017-04-10,55.19
2017-04-07,55.11
2017-04-06,55.14
2017-04-05,55.07
2017-04-04,55.11
2017-04-03,55.09
2017-03-31,55.12
2017-03-30,55.14
2017-03-29,54.88
2017-03-28,54.77
2017-03-27,54.47
2017-03-24,54.52
2017-03-23,54.33
2017-03-22,54.32
2017-03-21,54.18
2017-03-20,54.63
2017-03-17,54.68
2017-03-16,54.66
2017-03-15,54.82
2017-03-14,54.07
2017-03-13,54.23
2017-03-10,54.19
2017-03-09,54.21
2017-03-08,54.35
2017-03-07,54.72
2017-03-06,55.08
2017-03-03,55.25
2017-03-02,55.23
2017-03-01,55.4
2017-02-28,55.2
2017-02-27,55.24
2017-02-24,55.17
2017-02-23,55.13
2017-02-22,55.08
2017-02-21,55.06
2017-02-17,54.87
2017-02-16,54.82
2017-02-15,54.86
2017-02-14,54.84
2017-02-13,54.81
2017-02-10,54.72
2017-02-09,54.69
2017-02-08,54.61
2017-02-07,54.57
2017-02-06,54.66
2017-02-03,54.69
2017-02-02,54.6
2017-02-01,54.57
2017-01-31,54.37
2017-01-30,54.43
2017-01-27,54.54
2017-01-26,54.49
2017-01-25,54.51
2017-01-24,54.32
2017-01-23,54.28
2017-01-20,54.28
2017-01-19,54.18
2017-01-18,54.35
2017-01-17,54.3
2017-01-13,54.36
2017-01-12,54.34
2017-01-11,54.33
2017-01-10,54.3
2017-01-09,54.29
2017-01-06,54.3
2017-01-05,54.31
2017-01-04,54.39
2017-01-03,54.1
2016-12-30,53.88
2016-12-29,53.86
2016-12-28,53.78
2016-12-27,53.86
2016-12-23,53.91
2016-12-22,53.81
2016-12-21,53.69
2016-12-20,53.6
2016-12-19,53.52
2016-12-16,53.39
2016-12-15,53.34
2016-12-14,53.31
2016-12-13,53.72
2016-12-12,53.58
2016-12-09,53.66
2016-12-08,53.63
2016-12-07,53.64
2016-12-06,53.37
2016-12-05,53.11
2016-12-02,52.97
2016-12-01,52.65
2016-11-30,52.9
2016-11-29,52.88
2016-11-28,52.94
2016-11-25,52.95
2016-11-23,52.88
2016-11-22,53.08
2016-11-21,52.69
2016-11-18,52.27
2016-11-17,52.27
2016-11-16,52.41
2016-11-15,52.62
2016-11-14,51.94
2016-11-11,51.55
2016-11-10,52.04
2016-11-09,52.73
2016-11-08,53.1
2016-11-07,53.22
2016-11-04,52.49
2016-11-03,52.46
2016-11-02,52.45
2016-11-01,52.68
2016-10-31,52.89
2016-10-28,53.05
2016-10-27,53.31
2016-10-26,53.51
2016-10-25,53.72
2016-10-24,53.75
2016-10-21,53.72
2016-10-20,53.71
2016-10-19,53.7
2016-10-18,53.55
2016-10-17,53.33
2016-10-14,53.41
2016-10-13,53.28
2016-10-12,53.42
2016-10-11,53.44
2016-10-10,53.74
2016-10-07,53.59
2016-10-06,53.46
2016-10-05,53.43
2016-10-04,53.29
2016-10-03,53.38
2016-09-30,53.42
2016-09-29,53.19
2016-09-28,53.39
2016-09-27,53.03
2016-09-26,52.88
2016-09-23,53.11
2016-09-22,53.17
2016-09-21,53.0
2016-09-20,52.56
2016-09-19,52.62
2016-09-16,52.59
2016-09-15,52.58
2016-09-14,52.27
2016-09-13,52.29
2016-09-12,52.69
2016-09-09,52.51
2016-09-08,53.02
2016-09-07,53.11
2016-09-06,53.26
2016-09-02,53.2
2016-09-01,52.95
2016-08-31,52.85
2016-08-30,53.06
2016-08-29,53.03
2016-08-26,52.76
2016-08-25,52.83
2016-08-24,52.73
2016-08-23,52.87
2016-08-22,52.7
2016-08-19,52.78
2016-08-18,52.94
2016-08-17,52.73
2016-08-16,52.66
2016-08-15,52.77
2016-08-12,52.61
2016-08-11,52.57
2016-08-10,52.44
2016-08-09,52.54
2016-08-08,52.36
2016-08-05,52.14
2016-08-04,52.03
2016-08-03,51.7
2016-08-02,51.47
2016-08-01,51.54
2016-07-29,51.83
2016-07-28,51.78
2016-07-27,52.0
2016-07-26,51.84
2016-07-25,52.04
2016-07-22,52.29
2016-07-21,52.06
2016-07-20,52.13
2016-07-19,52.0
2016-07-18,52.14
2016-07-15,51.96
2016-07-14,52.07
2016-07-13,51.96
2016-07-12,52.12
2016-07-11,51.97
2016-07-08,51.94
2016-07-07,51.26
2016-07-06,51.19
2016-07-05,50.97
2016-07-01,51.26
2016-06-30,51.16
2016-06-29,50.82
2016-06-28,50.18
2016-06-27,49.56
2016-06-24,50.28
2016-06-23,51.12
2016-06-22,50.75
2016-06-21,50.7
2016-06-20,50.51
2016-06-17,50.21
2016-06-16,50.18
2016-06-15,50.15
2016-06-14,50.13
2016-06-13,50.3
2016-06-10,50.63
2016-06-09,50.88
2016-06-08,51.08
2016-06-07,50.89
2016-06-06,50.66
2016-06-03,50.44
2016-06-02,50.35
2016-06-01,50.34
2016-05-31,50.26
2016-05-27,50.31
2016-05-26,50.22
2016-05-25,50.37
2016-05-24,50.29
2016-05-23,49.99
2016-05-20,49.98
2016-05-19,49.8
2016-05-18,49.94
2016-05-17,49.94
2016-05-16,50.04
2016-05-13,49.76
2016-05-12,49.98
2016-05-11,49.9
2016-05-10,49.94
2016-05-09,49.52
2016-05-06,49.61
2016-05-05,49.64
2016-05-04,49.68
2016-05-03,49.87
2016-05-02,50.19
2016-04-29,50.17
2016-04-28,50.09
2016-04-27,50.17
2016-04-26,49.88
2016-04-25,49.71
2016-04-22,49.9
2016-04-21,49.79
2016-04-20,49.94
2016-04-19,49.85
2016-04-18,49.64
2016-04-15,49.36
2016-04-14,49.43
2016-04-13,49.45
2016-04-12,49.13
2016-04-11,48.84
2016-04-08,48.78
2016-04-07,48.55
2016-04-06,48.79
2016-04-05,48.39
2016-04-04,48.57
2016-04-01,48.69
2016-03-31,48.65
2016-03-30,48.58
2016-03-29,48.41
2016-03-28,48.23
2016-03-24,48.45
2016-03-23,48.66
2016-03-22,48.89
2016-03-21,49.02
2016-03-18,49.07
2016-03-17,48.96
2016-03-16,48.65
2016-03-15,48.33
2016-03-14,48.78
2016-03-11,48.92
2016-03-10,48.33
2016-03-09,48.0
2016-03-08,47.88
2016-03-07,48.22
2016-03-04,48.16
2016-03-03,48.02
2016-03-02,47.86
2016-03-01,48.19
2016-02-29,47.44
2016-02-26,46.94
2016-02-25,46.62
2016-02-24,46.37
2016-02-23,46.3
2016-02-22,46.39
2016-02-19,45.99
2016-02-18,45.91
2016-02-17,45.86
2016-02-16,45.49
2016-02-12,45.45
2016-02-11,44.78
2016-02-10,45.08
2016-02-09,45.15
2016-02-08,45.32
2016-02-05,45.86
2016-02-04,46.21
2016-02-03,46.36
2016-02-02,46.13
2016-02-01,46.46
2016-01-29,46.74
2016-01-28,46.59
2016-01-27,46.35
2016-01-26,46.42
2016-01-25,46.01
2016-01-22,46.47
2016-01-21,45.77
2016-01-20,45.46
2016-01-19,45.77
2016-01-15,45.93
2016-01-14,46.54
2016-01-13,46.33
2016-01-12,46.85
2016-01-11,46.8
2016-01-08,46.88
2016-01-07,47.0
2016-01-06,47.31
2016-01-05,47.31
2016-01-04,47.22
2015-12-31,47.5
2015-12-30,47.47
2015-12-29,47.44
2015-12-28,47.16
2015-12-24,47.45
2015-12-23,47.35
2015-12-22,47.05
2015-12-21,46.49
2015-12-18,46.63
2015-12-17,46.81
2015-12-16,47.34
2015-12-15,46.98
2015-12-14,46.22
2015-12-11,46.63
2015-12-10,47.58
2015-12-09,47.78
2015-12-08,47.53
2015-12-07,48.13
2015-12-04,48.47
2015-12-03,48.58
2015-12-02,48.71
2015-12-01,48.81
2015-11-30,48.47
2015-11-27,48.5
2015-11-25,48.42
2015-11-24,48.37
2015-11-23,48.31
2015-11-20,48.35
2015-11-19,48.36
2015-11-18,48.8
2015-11-17,48.7
2015-11-16,48.67
2015-11-13,48.44
2015-11-12,48.58
2015-11-11,48.91
2015-11-10,49.02
2015-11-09,49.13
2015-11-06,49.34
2015-11-05,49.58
2015-11-04,49.77
2015-11-03,49.92
2015-11-02,49.86
2015-10-30,49.71
2015-10-29,49.65
2015-10-28,49.78
2015-10-27,49.65
2015-10-26,49.81
2015-10-23,49.86
2015-10-22,49.69
2015-10-21,49.67
2015-10-20,49.72
2015-10-19,49.68
2015-10-16,49.54
2015-10-15,49.32
2015-10-14,49.2
2015-10-13,49.23
2015-10-12,49.35
2015-10-09,49.44
2015-10-08,49.44
2015-10-07,49.23
2015-10-06,48.73
2015-10-05,48.47
2015-10-02,47.89
2015-10-01,47.85
2015-09-30,48.15
2015-09-29,47.85
2015-09-28,47.86
2015-09-25,48.6
2015-09-24,48.85
2015-09-23,49.09
2015-09-22,49.18
2015-09-21,49.54
2015-09-18,49.63
2015-09-17,49.77
2015-09-16,49.73
2015-09-15,49.91
2015-09-14,49.92
2015-09-11,50.01
2015-09-10,50.02
2015-09-09,49.9
2015-09-08,49.97
2015-09-04,49.69
2015-09-03,49.75
2015-09-02,49.68
2015-09-01,49.47
2015-08-31,49.63
2015-08-28,49.7
2015-08-27,49.65
2015-08-26,49.28
2015-08-25,48.88
2015-08-24,48.78
2015-08-21,49.18
2015-08-20,49.36
2015-08-19,49.6
2015-08-18,49.65
2015-08-17,49.71
2015-08-14,49.71
2015-08-13,49.68
2015-08-12,49.75
2015-08-11,49.81
2015-08-10,50.04
2015-08-07,49.9
2015-08-06,50.06
2015-08-05,50.26
2015-08-04,50.33
2015-08-03,50.3
2015-07-31,50.4
2015-07-30,50.49
2015-07-29,50.34
2015-07-28,50.04
2015-07-27,49.78
2015-07-24,49.99
2015-07-23,50.13
2015-07-22,50.16
2015-07-21,50.49
2015-07-20,50.58
2015-07-17,50.81
2015-07-16,50.95
2015-07-15,50.87
2015-07-14,50.87
2015-07-13,50.92
2015-07-10,50.88
2015-07-09,50.58
2015-07-08,50.47
2015-07-07,50.72
2015-07-06,50.68
2015-07-02,50.85
2015-07-01,50.66
2015-06-30,50.65
2015-06-29,50.41
2015-06-26,50.76
2015-06-25,50.91
2015-06-24,51.06
2015-06-23,51.2
2015-06-22,51.23
2015-06-19,51.13
2015-06-18,51.1
2015-06-17,50.91
2015-06-16,50.96
2015-06-15,50.67
2015-06-12,50.91
2015-06-11,51.1
2015-06-10,51.0
2015-06-09,50.93
2015-06-08,51.01
2015-06-05,51.01
2015-06-04,51.17
2015-06-03,51.33
2015-06-02,51.61
2015-06-01,51.71
2015-05-29,51.62
2015-05-28,51.55
2015-05-27,51.57
2015-05-26,51.45
2015-05-22,51.56
2015-05-21,51.52
2015-05-20,51.45
2015-05-19,51.51
2015-05-18,51.59
2015-05-15,51.68
2015-05-14,51.56
2015-05-13,51.31
2015-05-12,51.39
2015-05-11,51.39
2015-05-08,51.72
2015-05-07,51.31
2015-05-06,51.32
2015-05-05,51.47
2015-05-04,51.54
2015-05-01,51.55
2015-04-30,51.44
2015-04-29,51.47
2015-04-28,51.56
2015-04-27,51.64
2015-04-24,51.63
2015-04-23,51.54
2015-04-22,51.56
2015-04-21,51.61
2015-04-20,51.58
2015-04-17,51.46
2015-04-16,51.62
2015-04-15,51.73
2015-04-14,51.53
2015-04-13,51.5
2015-04-10,51.6
2015-04-09,51.48
2015-04-08,51.53
2015-04-07,51.54
2015-04-06,51.27
2015-04-02,51.14
2015-04-01,51.1
2015-03-31,51.0
2015-03-30,51.06
2015-03-27,50.92
2015-03-26,50.88
2015-03-25,50.89
2015-03-24,51.02
2015-03-23,50.94
2015-03-20,50.9
2015-03-19,50.51
2015-03-18,50.92
2015-03-17,50.47
2015-03-16,50.72
2015-03-13,50.77
2015-03-12,50.94
2015-03-11,50.84
2015-03-10,50.7
2015-03-09,50.9
2015-03-06,51.01
2015-03-05,51.33
2015-03-04,51.24
2015-03-03,51.33
2015-03-02,51.48
2015-02-27,51.49
2015-02-26,51.48
2015-02-25,51.49
2015-02-24,51.32
2015-02-23,51.27
2015-02-20,51.23
2015-02-19,51.09
2015-02-18,51.21
2015-02-17,51.04
2015-02-13,51.07
2015-02-12,51.0
2015-02-11,51.0
2015-02-10,51.02
2015-02-09,50.85
2015-02-06,50.97
2015-02-05,50.93
2015-02-04,50.63
2015-02-03,50.85
2015-02-02,50.56
2015-01-30,50.37
2015-01-29,50.51
2015-01-28,50.33
2015-01-27,50.44
2015-01-26,50.48
2015-01-23,50.25
2015-01-22,50.25
2015-01-21,50.18
2015-01-20,49.91
2015-01-16,50.0
2015-01-15,49.81
2015-01-14,50.12
2015-01-13,50.24
2015-01-12,50.24
2015-01-09,50.3
2015-01-08,50.05
2015-01-07,49.67
2015-01-06,49.37
2015-01-05,49.55
2015-01-02,50.02
2014-12-31,50.02
2014-12-30,50.15
2014-12-29,50.25
2014-12-26,50.22
2014-12-24,50.38
2014-12-23,50.21
2014-12-22,50.03
2014-12-19,50.15
2014-12-18,49.68
2014-12-17,49.28
2014-12-16,48.3
2014-12-15,48.47
2014-12-12,48.5
2014-12-11,49.16
2014-12-10,49.34
2014-12-09,49.92
2014-12-08,49.94
2014-12-05,50.2
2014-12-04,50.24
2014-12-03,50.27
2014-12-02,50.19
2014-12-01,49.92
2014-11-28,50.42
2014-11-26,50.91
2014-11-25,50.84
2014-11-24,50.76
2014-11-21,50.76
2014-11-20,50.49
2014-11-19,50.48
2014-11-18,50.49
2014-11-17,50.59
2014-11-14,50.6
2014-11-13,50.85
2014-11-12,51.06
2014-11-11,51.23
2014-11-10,51.11
2014-11-07,51.09
2014-11-06,51.04
2014-11-05,50.91
2014-11-04,50.92
2014-11-03,51.08
2014-10-31,50.97
2014-10-30,50.93
2014-10-29,50.95
2014-10-28,50.99
2014-10-27,50.9
2014-10-24,51.11
2014-10-23,50.97
2014-10-22,50.99
2014-10-21,51.33
2014-10-20,50.92
2014-10-17,50.55
2014-10-16,50.13
2014-10-15,49.85
2014-10-14,49.84
2014-10-13,49.67
2014-10-10,49.92
2014-10-09,50.33
2014-10-08,50.87
2014-10-07,50.62
2014-10-06,50.82
2014-10-03,50.76
2014-10-02,50.59
2014-10-01,50.49
2014-09-30,50.44
2014-09-29,50.12
2014-09-26,50.22
2014-09-25,50.25
2014-09-24,50.6
2014-09-23,50.75
2014-09-22,51.01
2014-09-19,51.1
2014-09-18,51.03
2014-09-17,51.01
2014-09-16,50.85
2014-09-15,50.74
2014-09-12,50.84
2014-09-11,50.9
2014-09-10,50.9
2014-09-09,50.87
2014-09-08,51.11
2014-09-05,51.16
2014-09-04,51.22
2014-09-03,51.39
2014-09-02,51.52
2014-08-29,51.46
2014-08-28,51.42
2014-08-27,51.5
2014-08-26,51.55
2014-08-25,51.51
2014-08-22,51.4
2014-08-21,51.53
2014-08-20,51.53
2014-08-19,51.49
2014-08-18,51.5
2014-08-15,51.36
2014-08-14,51.25
2014-08-13,51.15
2014-08-12,51.01
2014-08-11,51.02
2014-08-08,50.78
2014-08-07,50.62
2014-08-06,50.59
2014-08-05,50.47
2014-08-04,50.56
2014-08-01,50.26
2014-07-31,50.26
2014-07-30,50.67
2014-07-29,50.89
2014-07-28,50.96
2014-07-25,51.11
2014-07-24,51.19
2014-07-23,51.1
2014-07-22,51.0
2014-07-21,50.93
2014-07-18,51.02
2014-07-17,50.81
2014-07-16,51.17
2014-07-15,51.25
2014-07-14,51.33
2014-07-11,51.35
2014-07-10,51.26
2014-07-09,51.42
2014-07-08,51.46
2014-07-07,51.44
2014-07-03,51.48
2014-07-02,51.56
2014-07-01,51.53
2014-06-30,51.51
2014-06-27,51.55
2014-06-26,51.55
2014-06-25,51.61
2014-06-24,51.53
2014-06-23,51.57
2014-06-20,51.58
2014-06-19,51.53
2014-06-18,51.54
2014-06-17,51.31
2014-06-16,51.35
2014-06-13,51.37
2014-06-12,51.32
2014-06-11,51.35
2014-06-10,51.34
2014-06-09,51.37
2014-06-06,51.31
2014-06-05,51.16
2014-06-04,51.04
2014-06-03,51.04
2014-06-02,51.03
2014-05-30,51.2
2014-05-29,51.15
2014-05-28,51.1
2014-05-27,51.08
2014-05-23,51.03
2014-05-22,51.02
2014-05-21,50.98
2014-05-20,50.98
2014-05-19,51.05
2014-05-16,50.97
2014-05-15,50.87
2014-05-14,50.92
2014-05-13,50.89
2014-05-12,50.81
2014-05-09,50.76
2014-05-08,50.71
2014-05-07,50.72
2014-05-06,50.64
2014-05-05,50.63
2014-05-02,50.66
2014-05-01,50.54
2014-04-30,50.59
2014-04-29,50.6
2014-04-28,50.53
2014-04-25,50.54
2014-04-24,50.55
2014-04-23,50.54
2014-04-22,50.53
2014-04-21,50.47
2014-04-17,50.47
2014-04-16,50.53
2014-04-15,50.5
2014-04-14,50.45
2014-04-11,50.29
2014-04-10,50.5
2014-04-09,50.65
2014-04-08,50.57
2014-04-07,50.45
2014-04-04,50.56
2014-04-03,50.44
2014-04-02,50.42
2014-04-01,50.47
2014-03-31,50.38
2014-03-28,50.3
2014-03-27,50.22
2014-03-26,50.29
2014-03-25,50.28
2014-03-24,50.18
2014-03-21,50.17
2014-03-20,50.2
2014-03-19,50.03
2014-03-18,50.28
2014-03-17,50.13
2014-03-14,50.06
2014-03-13,50.1
2014-03-12,50.24
2014-03-11,50.15
2014-03-10,50.2
2014-03-07,50.2
2014-03-06,50.39
2014-03-05,50.47
2014-03-04,50.56
2014-03-03,50.37
2014-02-28,50.42
2014-02-27,50.37
2014-02-26,50.27
2014-02-25,50.19
2014-02-24,50.13
2014-02-21,50.02
2014-02-20,49.97
2014-02-19,49.82
2014-02-18,49.95
2014-02-14,49.88
2014-02-13,49.8
2014-02-12,49.66
2014-02-11,49.74
2014-02-10,49.65
2014-02-07,49.62
2014-02-06,49.37
2014-02-05,49.19
2014-02-04,49.19
2014-02-03,49.13
2014-01-31,49.28
2014-01-30,49.3
2014-01-29,49.21
2014-01-28,49.36
2014-01-27,49.14
2014-01-24,49.16
2014-01-23,49.49
2014-01-22,49.55
2014-01-21,49.62
2014-01-17,49.56
2014-01-16,49.55
2014-01-15,49.57
2014-01-14,49.47
2014-01-13,49.4
2014-01-10,49.45
2014-01-09,49.3
2014-01-08,49.23
2014-01-07,49.26
2014-01-06,49.26
2014-01-03,49.15
2014-01-02,49.17
2013-12-31,49.08
2013-12-30,49.05
2013-12-27,49.01
2013-12-26,49.02
2013-12-24,48.97
2013-12-23,49.0
2013-12-20,48.96
2013-12-19,48.93
2013-12-18,48.98
2013-12-17,48.9
2013-12-16,48.89
2013-12-13,48.85
2013-12-12,48.77
2013-12-11,48.86
2013-12-10,49.01
2013-12-09,49.01
2013-12-06,48.83
2013-12-05,48.69
2013-12-04,48.73
2013-12-03,48.85
2013-12-02,48.9
2013-11-29,48.89
2013-11-27,48.84
2013-11-26,48.87
2013-11-25,48.83
2013-11-22,48.76
2013-11-21,48.72
2013-11-20,48.56
2013-11-19,48.6
2013-11-18,48.62
2013-11-15,48.76
2013-11-14,48.69
2013-11-13,48.55
2013-11-12,48.37
2013-11-11,48.44
2013-11-08,48.62
2013-11-07,48.7
2013-11-06,48.67
2013-11-05,48.53
2013-11-04,48.66
2013-11-01,48.58
2013-10-31,48.66
2013-10-30,48.63
2013-10-29,48.83
2013-10-28,48.75
2013-10-25,48.76
2013-10-24,48.75
2013-10-23,48.73
2013-10-22,48.69
2013-10-21,48.55
2013-10-18,48.66
2013-10-17,48.56
2013-10-16,48.32
2013-10-15,48.07
2013-10-14,48.08
2013-10-11,48.01
2013-10-10,47.92
2013-10-09,47.7
2013-10-08,47.66
2013-10-07,47.68
2013-10-04,47.81
2013-10-03,47.72
2013-10-02,47.69
2013-10-01,47.67
2013-09-30,47.46
2013-09-27,47.6
2013-09-26,47.65
2013-09-25,47.67
2013-09-24,47.76
2013-09-23,47.86
2013-09-20,47.86
2013-09-19,47.92
2013-09-18,48.06
2013-09-17,47.61
2013-09-16,47.45
2013-09-13,47.19
2013-09-12,47.23
2013-09-11,47.28
2013-09-10,47.22
2013-09-09,47.06
2013-09-06,46.94
2013-09-05,46.78
2013-09-04,47.02
2013-09-03,46.84
2013-08-30,47.09
2013-08-29,47.13
2013-08-28,46.94
2013-08-27,46.77
2013-08-26,47.07
2013-08-23,47.06
2013-08-22,46.87
2013-08-21,46.62
2013-08-20,46.79
2013-08-19,46.36
2013-08-16,46.67
2013-08-15,46.83
2013-08-14,47.07
2013-08-13,47.16
2013-08-12,47.16
2013-08-09,47.2
2013-08-08,47.2
2013-08-07,47.1
2013-08-06,47.24
2013-08-05,47.29
2013-08-02,47.53
2013-08-01,47.24
2013-07-31,47.7
2013-07-30,47.56
2013-07-29,47.49
2013-07-26,47.6
2013-07-25,47.58
2013-07-24,47.68
2013-07-23,48.09
2013-07-22,48.21
2013-07-19,48.17
2013-07-18,48.2
2013-07-17,47.92
2013-07-16,47.57
2013-07-15,47.68
2013-07-12,47.48
2013-07-11,47.53
2013-07-10,46.94
2013-07-09,46.76
2013-07-08,46.73
2013-07-05,46.09
2013-07-03,46.59
2013-07-02,46.48
2013-07-01,46.63
2013-06-28,46.38
2013-06-27,46.7
2013-06-26,46.47
2013-06-25,46.09
2013-06-24,45.44
2013-06-21,46.01
2013-06-20,46.31
2013-06-19,46.77
2013-06-18,47.48
2013-06-17,47.36
2013-06-14,47.36
2013-06-13,47.31
2013-06-12,46.77
2013-06-11,46.74
2013-06-10,47.03
2013-06-07,47.12
2013-06-06,47.09
2013-06-05,46.73
2013-06-04,47.14
2013-06-03,47.14
2013-05-31,47.18
2013-05-30,47.81
2013-05-29,47.72
2013-05-28,47.91
2013-05-24,48.09
2013-05-23,48.18
2013-05-22,48.31
2013-05-21,48.61
2013-05-20,48.52
2013-05-17,48.47
2013-05-16,48.47
2013-05-15,48.35
2013-05-14,48.35
2013-05-13,48.3
2013-05-10,48.5
2013-05-09,48.75
2013-05-08,48.89
2013-05-07,48.72
2013-05-06,48.75
2013-05-03,48.72
2013-05-02,48.65
2013-05-01,48.34
2013-04-30,48.43
2013-04-29,48.28
2013-04-26,48.19
2013-04-25,48.24
2013-04-24,48.11
2013-04-23,48.02
2013-04-22,47.83
2013-04-19,47.72
2013-04-18,47.75
2013-04-17,47.82
2013-04-16,47.9
2013-04-15,47.57
2013-04-12,47.87
2013-04-11,47.86
2013-04-10,47.86
2013-04-09,47.71
2013-04-08,47.56
2013-04-05,47.51
2013-04-04,47.46
2013-04-03,47.48
2013-04-02,47.48
2013-04-01,47.51
2013-03-28,47.43
2013-03-27,47.34
2013-03-26,47.42
2013-03-25,47.34
2013-03-22,47.41
2013-03-21,47.44
2013-03-20,47.53
2013-03-19,47.37
2013-03-18,47.45
2013-03-15,47.44
2013-03-14,47.45
2013-03-13,47.27
2013-03-12,47.26
2013-03-11,47.28
2013-03-08,47.31
2013-03-07,47.25
2013-03-06,47.18
2013-03-05,47.21
2013-03-04,47.12
2013-03-01,47.11
2013-02-28,47.02
2013-02-27,47.04
2013-02-26,46.96
2013-02-25,46.73
2013-02-22,46.88
2013-02-21,46.76
2013-02-20,46.71
2013-02-19,46.76
2013-02-15,46.71
2013-02-14,46.71
2013-02-13,46.73
2013-02-12,46.66
2013-02-11,46.5
2013-02-08,46.5
2013-02-07,46.49
2013-02-06,46.58
2013-02-05,46.65
2013-02-04,46.55
2013-02-01,46.74
2013-01-31,46.59
2013-01-30,46.73
2013-01-29,47.07
2013-01-28,47.15
2013-01-25,47.18
2013-01-24,47.19
2013-01-23,47.09
2013-01-22,47.14
2013-01-18,47.11
2013-01-17,47.05
2013-01-16,46.88
2013-01-15,46.96
2013-01-14,46.95
2013-01-11,47.01
2013-01-10,46.93
2013-01-09,46.85
2013-01-08,46.76
2013-01-07,46.79
2013-01-04,46.75
2013-01-03,46.72
2013-01-02,46.87
2012-12-31,46.43
2012-12-28,46.23
2012-12-27,46.36
2012-12-26,46.26
2012-12-24,46.15
2012-12-21,46.32
2012-12-20,46.45
2012-12-19,46.29
2012-12-18,46.34
2012-12-17,46.31
2012-12-14,46.13
2012-12-13,46.17
2012-12-12,46.33
2012-12-11,46.19
2012-12-10,46.15
2012-12-07,46.11
2012-12-06,46.18
2012-12-05,46.1
2012-12-04,46.02
2012-12-03,46.02
2012-11-30,45.79
2012-11-29,45.72
2012-11-28,45.52
2012-11-27,45.51
2012-11-26,45.47
2012-11-23,45.46
2012-11-21,45.3
2012-11-20,45.32
2012-11-19,45.31
2012-11-16,44.75
2012-11-15,44.62
2012-11-14,44.64
2012-11-13,44.88
2012-11-12,44.99
2012-11-09,44.97
2012-11-08,45.05
2012-11-07,45.2
2012-11-06,45.47
2012-11-05,45.4
2012-11-02,45.47
2012-11-01,45.54
2012-10-31,45.56
2012-10-26,45.51
2012-10-25,45.62
2012-10-24,45.54
2012-10-23,45.58
2012-10-22,45.76
2012-10-19,45.75
2012-10-18,45.98
2012-10-17,46.0
2012-10-16,45.9
2012-10-15,45.73
2012-10-12,45.52
2012-10-11,45.45
2012-10-10,45.2
2012-10-09,45.31
2012-10-08,45.44
2012-10-05,45.5
2012-10-04,45.52
2012-10-03,45.33
2012-10-02,45.22
2012-10-01,45.11
2012-09-28,45.18
2012-09-27,45.4
2012-09-26,44.91
2012-09-25,45.13
2012-09-24,45.54
2012-09-21,45.6
2012-09-20,45.66
2012-09-19,45.88
2012-09-18,45.93
2012-09-17,45.91
2012-09-14,45.95
2012-09-13,45.96
2012-09-12,45.66
2012-09-11,45.53
2012-09-10,45.22
2012-09-07,45.29
2012-09-06,45.21
2012-09-05,44.95
2012-09-04,44.94
2012-08-31,44.95
2012-08-30,44.83
2012-08-29,44.85
2012-08-28,44.79
2012-08-27,44.83
2012-08-24,44.86
2012-08-23,44.66
2012-08-22,44.67
2012-08-21,44.72
2012-08-20,44.62
2012-08-17,44.57
2012-08-16,44.57
2012-08-15,44.4
2012-08-14,44.61
2012-08-13,44.55
2012-08-10,44.52
2012-08-09,44.56
2012-08-08,44.56
2012-08-07,44.53
2012-08-06,44.61
2012-08-03,44.64
2012-08-02,44.46
2012-08-01,44.64
2012-07-31,44.4
2012-07-30,44.51
2012-07-27,44.51
2012-07-26,44.25
2012-07-25,43.79
2012-07-24,43.89
2012-07-23,44.16
2012-07-20,44.23
2012-07-19,44.44
2012-07-18,44.33
2012-07-17,44.14
2012-07-16,43.94
2012-07-13,44.1
2012-07-12,43.97
2012-07-11,44.07
2012-07-10,43.93
2012-07-09,44.12
2012-07-06,44.1
2012-07-05,44.16
2012-07-03,44.16
2012-07-02,44.0
2012-06-29,43.95
2012-06-28,43.54
2012-06-27,43.54
2012-06-26,43.28
2012-06-25,43.34
2012-06-22,43.41
2012-06-21,43.12
2012-06-20,43.47
2012-06-19,43.3
2012-06-18,43.0
2012-06-15,42.99
2012-06-14,42.91
2012-06-13,42.59
2012-06-12,42.72
2012-06-11,42.42
2012-06-08,42.7
2012-06-07,42.53
2012-06-06,42.38
2012-06-05,41.93
2012-06-04,41.66
2012-06-01,41.63
2012-05-31,41.99
2012-05-30,42.44
2012-05-29,42.63
2012-05-25,42.17
2012-05-24,42.3
2012-05-23,42.29
2012-05-22,42.33
2012-05-21,42.34
2012-05-18,41.9
2012-05-17,41.9
2012-05-16,42.49
2012-05-15,42.91
2012-05-14,43.12
2012-05-11,43.44
2012-05-10,43.33
2012-05-09,43.38
2012-05-08,43.54
2012-05-07,43.54
2012-05-04,43.47
2012-05-03,43.56
2012-05-02,43.59
2012-05-01,43.42
2012-04-30,43.39
2012-04-27,43.3
2012-04-26,43.32
2012-04-25,43.3
2012-04-24,42.98
2012-04-23,42.88
2012-04-20,42.97
2012-04-19,42.9
2012-04-18,42.99
2012-04-17,43.0
2012-04-16,42.81
2012-04-13,42.75
2012-04-12,42.89
2012-04-11,42.51
2012-04-10,42.25
2012-04-09,42.46
2012-04-05,42.68
2012-04-04,42.78
2012-04-03,42.94
2012-04-02,42.98
2012-03-30,42.9
2012-03-29,42.98
2012-03-28,42.99
2012-03-27,43.13
2012-03-26,43.06
2012-03-23,42.8
2012-03-22,42.89
2012-03-21,42.78
2012-03-20,42.92
2012-03-19,42.95
2012-03-16,42.79
2012-03-15,42.95
2012-03-14,43.09
2012-03-13,43.2
2012-03-12,42.89
2012-03-09,42.89
2012-03-08,42.84
2012-03-07,42.51
2012-03-06,42.39
2012-03-05,42.97
2012-03-02,43.21
2012-03-01,43.39
2012-02-29,43.31
2012-02-28,43.25
2012-02-27,43.17
2012-02-24,43.16
2012-02-23,43.03
2012-02-22,42.87
2012-02-21,42.74
2012-02-17,42.58
2012-02-16,42.59
2012-02-15,42.41
2012-02-14,42.55
2012-02-13,42.55
2012-02-10,42.43
2012-02-09,42.8
2012-02-08,42.78
2012-02-07,42.74
2012-02-06,42.66
2012-02-03,42.65
2012-02-02,42.53
2012-02-01,42.5
2012-01-31,42.42
2012-01-30,42.31
2012-01-27,42.45
2012-01-26,42.6
2012-01-25,42.5
2012-01-24,42.13
2012-01-23,42.02
2012-01-20,41.88
2012-01-19,41.88
2012-01-18,41.82
2012-01-17,41.7
2012-01-13,41.62
2012-01-12,41.66
2012-01-11,41.72
2012-01-10,41.76
2012-01-09,41.62
2012-01-06,41.56
2012-01-05,41.69
2012-01-04,41.87
2012-01-03,41.94
2011-12-30,41.81
2011-12-29,41.78
2011-12-28,41.54
2011-12-27,41.73
2011-12-23,41.57
2011-12-22,41.38
2011-12-21,41.22
2011-12-20,41.11
2011-12-19,40.6
2011-12-16,40.65
2011-12-15,40.46
2011-12-14,40.32
2011-12-13,40.39
2011-12-12,40.54
2011-12-09,40.76
2011-12-08,40.41
2011-12-07,40.67
2011-12-06,40.8
2011-12-05,40.62
2011-12-02,40.39
2011-12-01,40.17
2011-11-30,39.99
2011-11-29,39.32
2011-11-28,39.07
2011-11-25,38.21
2011-11-23,38.21
2011-11-22,38.91
2011-11-21,39.21
2011-11-18,39.66
2011-11-17,39.69
2011-11-16,39.88
2011-11-15,40.28
2011-11-14,40.38
2011-11-11,40.66
2011-11-10,40.12
2011-11-09,40.08
2011-11-08,40.95
2011-11-07,40.86
2011-11-04,41.0
2011-11-03,41.04
2011-11-02,40.64
2011-11-01,40.25
2011-10-31,40.98
2011-10-28,41.37
2011-10-27,41.49
2011-10-26,40.89
2011-10-25,40.71
2011-10-24,41.45
2011-10-21,40.36
2011-10-20,39.87
2011-10-19,39.53
2011-10-18,39.65
2011-10-17,39.44
2011-10-14,39.67
2011-10-13,39.4
2011-10-12,39.56
2011-10-11,38.66
2011-10-10,39.09
2011-10-07,38.27
2011-10-06,38.24
2011-10-05,37.66
2011-10-04,37.2
2011-10-03,37.32
2011-09-30,37.77
2011-09-29,38.54
2011-09-28,38.61
2011-09-27,39.05
2011-09-26,39.0
2011-09-23,38.85
2011-09-22,38.75
2011-09-21,39.28
2011-09-20,39.63
2011-09-19,39.56
2011-09-16,39.62
2011-09-15,39.64
2011-09-14,39.38
2011-09-13,39.12
2011-09-12,38.82
2011-09-09,39.16
2011-09-08,39.52
2011-09-07,39.39
2011-09-06,39.2
2011-09-02,39.67
2011-09-01,39.86
2011-08-31,39.88
2011-08-30,39.37
2011-08-29,39.3
2011-08-26,38.91
2011-08-25,38.52
2011-08-24,38.83
2011-08-23,39.01
2011-08-22,38.72
2011-08-19,38.67
2011-08-18,39.01
2011-08-17,39.49
2011-08-16,39.06
2011-08-15,39.31
2011-08-12,38.68
2011-08-11,38.86
2011-08-10,38.17
2011-08-09,38.82
2011-08-08,37.67
2011-08-05,39.35
2011-08-04,39.39
2011-08-03,40.56
2011-08-02,40.58
2011-08-01,41.09
2011-07-29,41.0
2011-07-28,40.96
2011-07-27,40.9
2011-07-26,41.22
2011-07-25,41.13
2011-07-22,41.36
2011-07-21,41.3
2011-07-20,41.1
2011-07-19,41.07
2011-07-18,40.88
2011-07-15,40.95
2011-07-14,40.97
2011-07-13,40.99
2011-07-12,40.68
2011-07-11,40.79
2011-07-08,41.19
2011-07-07,41.31
2011-07-06,41.14
2011-07-05,41.13
2011-07-01,41.07
2011-06-30,40.85
2011-06-29,40.58
2011-06-28,40.18
2011-06-27,40.02
2011-06-24,40.03
2011-06-23,40.22
2011-06-22,40.0
2011-06-21,40.3
2011-06-20,40.03
2011-06-17,39.75
2011-06-16,39.32
2011-06-15,40.03
2011-06-14,40.2
2011-06-13,39.95
2011-06-10,40.1
2011-06-09,40.36
2011-06-08,40.34
2011-06-07,40.53
2011-06-06,40.56
2011-06-03,40.66
2011-06-02,40.82
2011-06-01,40.85
2011-05-31,41.08
2011-05-27,40.97
2011-05-26,40.84
2011-05-25,40.88
2011-05-24,40.88
2011-05-23,40.95
2011-05-20,41.14
2011-05-19,41.17
2011-05-18,41.19
2011-05-17,41.14
2011-05-16,41.07
2011-05-13,40.99
2011-05-12,41.16
2011-05-11,41.12
2011-05-10,41.18
2011-05-09,41.09
2011-05-06,41.04
2011-05-05,40.83
2011-05-04,41.0
2011-05-03,41.01
2011-05-02,41.0
2011-04-29,41.03
2011-04-28,40.93
2011-04-27,40.91
2011-04-26,40.88
2011-04-25,40.79
2011-04-21,40.84
2011-04-20,40.74
2011-04-19,40.58
2011-04-18,40.44
2011-04-15,40.58
2011-04-14,40.53
2011-04-13,40.69
2011-04-12,40.5
2011-04-11,40.63
2011-04-08,40.67
2011-04-07,40.67
2011-04-06,40.63
2011-04-05,40.54
2011-04-04,40.58
2011-04-01,40.34
2011-03-31,40.39
2011-03-30,40.41
2011-03-29,40.35
2011-03-28,40.33
2011-03-25,40.32
2011-03-24,40.3
2011-03-23,40.27
2011-03-22,40.32
2011-03-21,40.29
2011-03-18,40.05
2011-03-17,39.86
2011-03-16,39.43
2011-03-15,39.68
2011-03-14,39.88
2011-03-11,40.05
2011-03-10,40.06
2011-03-09,40.27
2011-03-08,40.38
2011-03-07,40.42
2011-03-04,40.41
2011-03-03,40.49
2011-03-02,40.35
2011-03-01,40.31
2011-02-28,40.37
2011-02-25,40.17
2011-02-24,40.05
2011-02-23,40.02
2011-02-22,39.98
2011-02-18,40.31
2011-02-17,40.19
2011-02-16,40.09
2011-02-15,40.08
2011-02-14,40.16
2011-02-11,40.13
2011-02-10,40.03
2011-02-09,39.99
2011-02-08,40.21
2011-02-07,40.17
2011-02-04,40.09
2011-02-03,39.92
2011-02-02,39.92
2011-02-01,39.88
2011-01-31,39.8
2011-01-28,39.59
2011-01-27,39.83
2011-01-26,39.77
2011-01-25,39.69
2011-01-24,39.63
2011-01-21,39.57
2011-01-20,39.41
2011-01-19,39.49
2011-01-18,39.61
2011-01-14,39.62
2011-01-13,39.55
2011-01-12,39.56
2011-01-11,39.48
2011-01-10,39.33
2011-01-07,39.36
2011-01-06,39.51
2011-01-05,39.46
2011-01-04,39.36
2011-01-03,39.18
2010-12-31,39.15
2010-12-30,39.08
2010-12-29,39.04
2010-12-28,38.91
2010-12-27,38.89
2010-12-23,38.86
2010-12-22,38.82
2010-12-21,38.71
2010-12-20,38.63
2010-12-17,38.56
2010-12-16,38.51
2010-12-15,38.36
2010-12-14,38.51
2010-12-13,38.33
2010-12-10,38.52
2010-12-09,38.5
2010-12-08,38.58
2010-12-07,38.71
2010-12-06,38.51
2010-12-03,38.53
2010-12-02,38.47
2010-12-01,38.45
2010-11-30,38.09
2010-11-29,38.0
2010-11-26,37.88
2010-11-24,38.04
2010-11-23,37.82
2010-11-22,38.34
2010-11-19,38.61
2010-11-18,38.63
2010-11-17,38.14
2010-11-16,37.95
2010-11-15,38.37
2010-11-12,38.45
2010-11-11,38.59
2010-11-10,38.74
2010-11-09,39.06
2010-11-08,39.17
2010-11-05,39.29
2010-11-04,39.33
2010-11-03,38.83
2010-11-02,38.7
2010-11-01,38.51
2010-10-29,38.58
2010-10-28,38.56
2010-10-27,38.54
2010-10-26,38.58
2010-10-25,38.52
2010-10-22,38.38
2010-10-21,38.2
2010-10-20,38.26
2010-10-19,38.14
2010-10-18,38.15
2010-10-15,38.2
2010-10-14,38.1
2010-10-13,38.28
2010-10-12,38.15
2010-10-11,38.19
2010-10-08,38.11
2010-10-07,37.98
2010-10-06,37.9
2010-10-05,37.94
2010-10-04,37.8
2010-10-01,37.93
2010-09-30,37.88
2010-09-29,37.69
2010-09-28,37.6
2010-09-27,37.55
2010-09-24,37.48
2010-09-23,37.33
2010-09-22,37.43
2010-09-21,37.58
2010-09-20,37.65
2010-09-17,37.59
2010-09-16,37.52
2010-09-15,37.46
2010-09-14,37.49
2010-09-13,37.5
2010-09-10,37.31
2010-09-09,37.21
2010-09-08,37.06
2010-09-07,37.05
2010-09-03,37.11
2010-09-02,37.0
2010-09-01,36.94
2010-08-31,36.54
2010-08-30,36.55
2010-08-27,36.49
2010-08-26,36.49
2010-08-25,36.54
2010-08-24,36.59
2010-08-23,36.78
2010-08-20,36.78
2010-08-19,36.7
2010-08-18,36.77
2010-08-17,36.71
2010-08-16,36.57
2010-08-13,36.52
2010-08-12,36.36
2010-08-11,36.49
2010-08-10,36.97
2010-08-09,36.98
2010-08-06,37.05
2010-08-05,37.06
2010-08-04,37.08
2010-08-03,37.1
2010-08-02,37.1
2010-07-30,36.91
2010-07-29,37.01
2010-07-28,36.89
2010-07-27,36.97
2010-07-26,37.02
2010-07-23,37.01
2010-07-22,36.84
2010-07-21,36.51
2010-07-20,36.53
2010-07-19,36.24
2010-07-16,36.12
2010-07-15,36.34
2010-07-14,36.29
2010-07-13,36.32
2010-07-12,36.04
2010-07-09,36.07
2010-07-08,36.15
2010-07-07,35.99
2010-07-06,35.56
2010-07-02,35.28
2010-07-01,35.27
2010-06-30,35.1
2010-06-29,35.15
2010-06-28,35.51
2010-06-25,35.43
2010-06-24,35.27
2010-06-23,35.51
2010-06-22,35.54
2010-06-21,35.79
2010-06-18,35.67
2010-06-17,35.51
2010-06-16,35.25
2010-06-15,35.22
2010-06-14,34.88
2010-06-11,34.84
2010-06-10,34.79
2010-06-09,34.43
2010-06-08,34.36
2010-06-07,34.31
2010-06-04,34.55
2010-06-03,34.74
2010-06-02,34.73
2010-06-01,34.55
2010-05-28,34.71
2010-05-27,34.65
2010-05-26,34.18
2010-05-25,34.6
2010-05-24,34.64
2010-05-21,34.58
2010-05-20,33.9
2010-05-19,34.94
2010-05-18,35.15
2010-05-17,35.22
2010-05-14,35.27
2010-05-13,35.47
2010-05-12,35.69
2010-05-11,35.26
2010-05-10,35.31
2010-05-07,34.66
2010-05-06,34.66
2010-05-05,35.54
2010-05-04,36.04
2010-05-03,36.41
2010-04-30,36.41
2010-04-29,36.29
2010-04-28,36.04
2010-04-27,36.02
2010-04-26,36.48
2010-04-23,36.48
2010-04-22,36.24
2010-04-21,36.35
2010-04-20,36.34
2010-04-19,35.96
2010-04-16,36.03
2010-04-15,36.32
2010-04-14,36.22
2010-04-13,36.12
2010-04-12,36.03
2010-04-09,36.02
2010-04-08,35.97
2010-04-07,35.9
2010-04-06,35.85
2010-04-05,35.62
2010-04-01,35.64
2010-03-31,35.72
2010-03-30,35.83
2010-03-29,35.87
2010-03-26,35.83
2010-03-25,35.84
2010-03-24,35.75
2010-03-23,35.77
2010-03-22,35.78
2010-03-19,35.61
2010-03-18,35.78
2010-03-17,35.73
2010-03-16,35.73
2010-03-15,35.61
2010-03-12,35.65
2010-03-11,35.64
2010-03-10,35.68
2010-03-09,35.66
2010-03-08,35.51
2010-03-05,35.5
2010-03-04,35.29
2010-03-03,35.26
2010-03-02,35.23
2010-03-01,35.0
2010-02-26,34.97
2010-02-25,34.74
2010-02-24,34.73
2010-02-23,34.6
2010-02-22,34.85
2010-02-19,34.81
2010-02-18,34.58
2010-02-17,34.25
2010-02-16,33.99
2010-02-12,33.66
2010-02-11,33.68
2010-02-10,33.54
2010-02-09,34.0
2010-02-08,33.93
2010-02-05,34.08
2010-02-04,34.28
2010-02-03,34.77
2010-02-02,34.6
2010-02-01,34.49
2010-01-29,34.33
2010-01-28,34.51
2010-01-27,34.65
2010-01-26,34.64
2010-01-25,34.6
2010-01-22,34.54
2010-01-21,34.88
2010-01-20,35.43
2010-01-19,35.48
2010-01-15,35.46
2010-01-14,35.61
2010-01-13,35.57
2010-01-12,35.49
2010-01-11,35.67
2010-01-08,35.7
2010-01-07,35.65
2010-01-06,35.5
2010-01-05,35.41
2010-01-04,35.25
2009-12-31,34.97
2009-12-30,34.92
2009-12-29,34.77
2009-12-28,34.95
2009-12-24,35.05
2009-12-23,34.92
2009-12-22,34.84
2009-12-21,34.76
2009-12-18,34.66
2009-12-17,34.68
2009-12-16,34.7
2009-12-15,34.62
2009-12-14,34.66
2009-12-11,34.38
2009-12-10,34.36
2009-12-09,34.19
2009-12-08,34.19
2009-12-07,34.15
2009-12-04,34.11
2009-12-03,33.97
2009-12-02,33.93
2009-12-01,33.89
2009-11-30,33.72
2009-11-27,33.61
2009-11-25,33.85
2009-11-24,33.83
2009-11-23,33.81
2009-11-20,33.85
2009-11-19,33.85
2009-11-18,33.78
2009-11-17,33.87
2009-11-16,33.88
2009-11-13,33.72
2009-11-12,33.79
2009-11-11,33.75
2009-11-10,33.73
2009-11-09,33.74
2009-11-06,33.61
2009-11-05,33.57
2009-11-04,33.55
2009-11-03,33.5
2009-11-02,33.42
2009-10-30,33.16
2009-10-29,33.48
2009-10-28,33.01
2009-10-27,33.56
2009-10-26,33.83
2009-10-23,33.81
2009-10-22,33.87
2009-10-21,33.61
2009-10-20,33.55
2009-10-19,33.49
2009-10-16,33.48
2009-10-15,33.49
2009-10-14,33.49
2009-10-13,33.36
2009-10-12,33.37
2009-10-09,33.38
2009-10-08,33.25
2009-10-07,33.04
2009-10-06,32.8
2009-10-05,32.91
2009-10-02,32.47
2009-10-01,32.46
2009-09-30,33.34
2009-09-29,33.35
2009-09-28,33.39
2009-09-25,33.12
2009-09-24,33.23
2009-09-23,33.17
2009-09-22,33.07
2009-09-21,33.11
2009-09-18,33.09
2009-09-17,33.18
2009-09-16,33.12
2009-09-15,32.7
2009-09-14,32.47
2009-09-11,32.43
2009-09-10,32.13
2009-09-09,31.64
2009-09-08,31.94
2009-09-04,31.49
2009-09-03,31.25
2009-09-02,31.05
2009-09-01,31.22
2009-08-31,31.51
2009-08-28,31.51
2009-08-27,31.35
2009-08-26,31.51
2009-08-25,31.39
2009-08-24,31.39
2009-08-21,31.56
2009-08-20,31.13
2009-08-19,31.23
2009-08-18,31.1
2009-08-17,30.57
2009-08-14,31.34
2009-08-13,31.49
2009-08-12,31.9
2009-08-11,31.98
2009-08-10,32.06
2009-08-07,31.91
2009-08-06,31.69
2009-08-05,31.94
2009-08-04,32.05
2009-08-03,32.11
2009-07-31,32.05
2009-07-30,31.54
2009-07-29,31.28
2009-07-28,31.17
2009-07-27,31.14
2009-07-24,31.08
2009-07-23,30.9
2009-07-22,30.59
2009-07-21,30.55
2009-07-20,30.4
2009-07-17,29.99
2009-07-16,29.96
2009-07-15,29.87
2009-07-14,29.22
2009-07-13,29.11
2009-07-10,29.04
2009-07-09,29.27
2009-07-08,28.85
2009-07-07,28.68
2009-07-06,29.09
2009-07-02,29.53
2009-07-01,30.05
2009-06-30,29.98
2009-06-29,29.84
2009-06-26,29.47
2009-06-25,29.48
2009-06-24,29.2
2009-06-23,29.05
2009-06-22,29.01
2009-06-19,29.4
2009-06-18,29.37
2009-06-17,29.1
2009-06-16,29.27
2009-06-15,29.55
2009-06-12,29.99
2009-06-11,29.84
2009-06-10,29.77
2009-06-09,29.73
2009-06-08,29.68
2009-06-05,29.62
2009-06-04,29.53
2009-06-03,29.44
2009-06-02,29.61
2009-06-01,29.69
2009-05-29,29.01
2009-05-28,28.79
2009-05-27,28.69
2009-05-26,28.64
2009-05-22,28.72
2009-05-21,28.32
2009-05-20,28.69
2009-05-19,28.28
2009-05-18,28.09
2009-05-15,27.5
2009-05-14,27.9
2009-05-13,28.19
2009-05-12,28.57
2009-05-11,28.45
2009-05-08,28.6
2009-05-07,28.1
2009-05-06,28.57
2009-05-05,28.34
2009-05-04,28.09
2009-05-01,28.16
2009-04-30,28.2
2009-04-29,27.98
2009-04-28,27.47
2009-04-27,27.41
2009-04-24,27.63
2009-04-23,27.21
2009-04-22,27.24
2009-04-21,27.11
2009-04-20,26.81
2009-04-17,27.82
2009-04-16,27.23
2009-04-15,26.8
2009-04-14,26.58
2009-04-13,26.71
2009-04-09,26.73
2009-04-08,25.99
2009-04-07,25.69
2009-04-06,25.99
2009-04-03,26.07
2009-04-02,25.71
2009-04-01,24.81
2009-03-31,24.77
2009-03-30,24.39
2009-03-27,25.58
2009-03-26,25.85
2009-03-25,25.45
2009-03-24,25.32
2009-03-23,25.27
2009-03-20,24.76
2009-03-19,24.81
2009-03-18,25.03
2009-03-17,24.46
2009-03-16,24.6
2009-03-13,24.46
2009-03-12,24.41
2009-03-11,24.01
2009-03-10,23.63
2009-03-09,22.52
2009-03-06,22.65
2009-03-05,22.76
2009-03-04,23.89
2009-03-03,23.9
2009-03-02,23.8
2009-02-27,24.31
2009-02-26,24.68
2009-02-25,25.18
2009-02-24,25.3
2009-02-23,24.95
2009-02-20,25.59
2009-02-19,25.97
2009-02-18,25.84
2009-02-17,26.0
2009-02-13,26.68
2009-02-12,26.57
2009-02-11,26.66
2009-02-10,26.72
2009-02-09,26.89
2009-02-06,26.69
2009-02-05,26.16
2009-02-04,26.38
2009-02-03,26.4
2009-02-02,26.35
2009-01-30,26.93
2009-01-29,26.81
2009-01-28,27.49
2009-01-27,26.55
2009-01-26,26.31
2009-01-23,26.24
2009-01-22,26.67
2009-01-21,26.74
2009-01-20,26.73
2009-01-16,27.2
2009-01-15,26.98
2009-01-14,27.09
2009-01-13,27.44
2009-01-12,27.54
2009-01-09,28.15
2009-01-08,27.74
2009-01-07,28.15
2009-01-06,28.67
2009-01-05,28.43
2009-01-02,27.12
2008-12-31,27.21
2008-12-30,27.03
2008-12-29,26.95
2008-12-26,26.77
2008-12-24,26.27
2008-12-23,26.69
2008-12-22,26.3
2008-12-19,25.29
2008-12-18,25.46
2008-12-17,24.06
2008-12-16,23.46
2008-12-15,23.03
2008-12-12,23.16
2008-12-11,22.84
2008-12-10,23.02
2008-12-09,23.04
2008-12-08,23.21
2008-12-05,22.94
2008-12-04,22.93
2008-12-03,23.07
2008-12-02,23.07
2008-12-01,22.82
2008-11-28,23.3
2008-11-26,23.39
2008-11-25,22.86
2008-11-24,22.62
2008-11-21,22.52
2008-11-20,22.3
2008-11-19,23.06
2008-11-18,23.88
2008-11-17,24.39
2008-11-14,24.78
2008-11-13,25.08
2008-11-12,25.22
2008-11-11,25.58
2008-11-10,25.62
2008-11-07,25.62
2008-11-06,25.36
2008-11-05,25.36
2008-11-04,25.57
2008-11-03,25.28
2008-10-31,25.08
2008-10-30,25.07
2008-10-29,24.4
2008-10-28,23.34
2008-10-27,23.08
2008-10-24,24.31
2008-10-23,24.94
2008-10-22,24.52
2008-10-21,24.73
2008-10-20,24.87
2008-10-17,24.38
2008-10-16,24.68
2008-10-15,25.65
2008-10-14,26.82
2008-10-13,26.65
2008-10-10,23.73
2008-10-09,25.43
2008-10-08,26.04
2008-10-07,27.17
2008-10-06,27.64
2008-10-03,28.68
2008-10-02,28.79
2008-10-01,29.56
2008-09-30,28.32
2008-09-29,27.36
2008-09-26,29.77
2008-09-25,29.87
2008-09-24,30.66
2008-09-23,30.38
2008-09-22,30.68
2008-09-19,30.71
2008-09-18,30.32
2008-09-17,28.11
2008-09-16,29.9
2008-09-15,30.61
2008-09-12,31.77
2008-09-11,31.77
2008-09-10,31.77
2008-09-09,31.95
2008-09-08,31.88
2008-09-05,31.92
2008-09-04,31.95
2008-09-03,31.81
2008-09-02,31.7
2008-08-29,31.7
2008-08-28,31.64
2008-08-27,31.6
2008-08-26,31.56
2008-08-25,31.73
2008-08-22,31.56
2008-08-21,31.74
2008-08-20,31.79
2008-08-19,31.8
2008-08-18,31.73
2008-08-15,31.81
2008-08-14,31.73
2008-08-13,31.73
2008-08-12,31.69
2008-08-11,31.56
2008-08-08,31.65
2008-08-07,31.6
2008-08-06,31.63
2008-08-05,31.85
2008-08-04,31.62
2008-08-01,31.84
2008-07-31,31.99
2008-07-30,31.93
2008-07-29,31.92
2008-07-28,31.91
2008-07-25,32.02
2008-07-24,31.95
2008-07-23,31.88
2008-07-22,31.96
2008-07-21,31.85
2008-07-18,31.7
2008-07-17,31.2
2008-07-16,31.1
2008-07-15,31.0
2008-07-14,31.49
2008-07-11,31.56
2008-07-10,31.6
2008-07-09,31.56
2008-07-08,31.67
2008-07-07,31.76
2008-07-03,31.73
2008-07-02,31.74
2008-07-01,31.77
2008-06-30,31.8
2008-06-27,31.83
2008-06-26,31.92
2008-06-25,32.18
2008-06-24,32.07
2008-06-23,32.2
2008-06-20,32.32
2008-06-19,32.45
2008-06-18,32.66
2008-06-17,32.59
2008-06-16,32.53
2008-06-13,32.98
2008-06-12,32.84
2008-06-11,32.89
2008-06-10,32.9
2008-06-09,32.89
2008-06-06,32.78
2008-06-05,32.87
2008-06-04,32.73
2008-06-03,32.76
2008-06-02,32.74
2008-05-30,33.01
2008-05-29,33.01
2008-05-28,33.04
2008-05-27,32.88
2008-05-23,33.06
2008-05-22,33.26
2008-05-21,33.31
2008-05-20,33.37
2008-05-19,33.44
2008-05-16,33.31
2008-05-15,33.26
2008-05-14,33.17
2008-05-13,33.22
2008-05-12,33.23
2008-05-09,33.27
2008-05-08,33.2
2008-05-07,33.27
2008-05-06,33.25
2008-05-05,33.49
2008-05-02,33.54
2008-05-01,33.88
2008-04-30,33.18
2008-04-29,33.15
2008-04-28,33.24
2008-04-25,33.05
2008-04-24,32.89
2008-04-23,32.88
2008-04-22,32.75
2008-04-21,32.71
2008-04-18,32.76
2008-04-17,32.54
2008-04-16,32.5
2008-04-15,32.36
2008-04-14,32.37
2008-04-11,32.25
2008-04-10,32.51
2008-04-09,32.4
2008-04-08,32.68
2008-04-07,32.57
2008-04-04,32.31
2008-04-03,32.19
2008-04-02,32.25
2008-04-01,32.23
2008-03-31,32.09
2008-03-28,31.95
2008-03-27,31.93
2008-03-26,32.04
2008-03-25,32.11
2008-03-24,32.03
2008-03-20,31.79
2008-03-19,31.64
2008-03-18,31.61
2008-03-17,31.15
2008-03-14,31.29
2008-03-13,31.48
2008-03-12,31.71
2008-03-11,31.71
2008-03-10,31.63
2008-03-07,31.71
2008-03-06,31.77
2008-03-05,31.85
2008-03-04,31.76
2008-03-03,31.8
2008-02-29,31.79
2008-02-28,31.91
2008-02-27,31.96
2008-02-26,31.96
2008-02-25,31.76
2008-02-22,31.66
2008-02-21,31.61
2008-02-20,31.5
2008-02-19,31.42
2008-02-15,31.58
2008-02-14,31.66
2008-02-13,31.5
2008-02-12,31.59
2008-02-11,31.47
2008-02-08,31.72
2008-02-07,31.96
2008-02-06,32.09
2008-02-05,32.16
2008-02-04,32.42
2008-02-01,32.41
2008-01-31,32.4
2008-01-30,32.33
2008-01-29,32.21
2008-01-28,32.18
2008-01-25,32.32
2008-01-24,32.28
2008-01-23,31.88
2008-01-22,31.81
2008-01-18,32.04
2008-01-17,31.79
2008-01-16,32.01
2008-01-15,32.05
2008-01-14,31.97
2008-01-11,32.08
2008-01-10,32.01
2008-01-09,31.77
2008-01-08,32.12
2008-01-07,32.31
2008-01-04,32.5
2008-01-03,32.54
2008-01-02,32.6
2007-12-31,33.0
2007-12-28,32.93
2007-12-27,33.26
2007-12-26,33.04
2007-12-24,33.19
2007-12-21,33.3
2007-12-20,33.2
2007-12-19,33.27
2007-12-18,33.11
2007-12-17,33.08
2007-12-14,33.26
2007-12-13,33.21
2007-12-12,33.22
2007-12-11,33.04
2007-12-10,33.08
2007-12-07,33.12
2007-12-06,33.14
2007-12-05,32.85
2007-12-04,33.24
2007-12-03,33.37
2007-11-30,33.03
2007-11-29,32.9
2007-11-28,32.74
2007-11-27,32.43
2007-11-26,32.38
2007-11-23,32.03
2007-11-21,32.09
2007-11-20,32.7
2007-11-19,33.03
2007-11-16,33.03
2007-11-15,33.02
2007-11-14,33.03
2007-11-13,32.95
2007-11-12,33.08
2007-11-09,32.95
2007-11-08,32.8
2007-11-07,33.22
2007-11-06,33.26
2007-11-05,33.09
2007-11-02,33.11
2007-11-01,33.19
2007-10-31,33.41
2007-10-30,33.2
2007-10-29,33.26
2007-10-26,33.17
2007-10-25,33.09
2007-10-24,33.04
2007-10-23,33.04
2007-10-22,32.77
2007-10-19,33.07
2007-10-18,33.22
2007-10-17,33.24
2007-10-16,33.65
2007-10-15,33.78
2007-10-12,33.62
2007-10-11,33.58
2007-10-10,33.54
2007-10-09,33.56
2007-10-08,33.54
2007-10-05,33.43
2007-10-04,33.41
2007-10-03,33.26
2007-10-02,33.44
2007-10-01,33.38
2007-09-28,33.25
2007-09-27,33.25
2007-09-26,33.35
2007-09-25,33.47
2007-09-24,33.39
2007-09-21,33.17
2007-09-20,33.09
2007-09-19,33.92
2007-09-18,33.28
2007-09-17,33.05
2007-09-14,32.89
2007-09-13,32.59
2007-09-12,32.7
2007-09-11,32.56
2007-09-10,32.29
2007-09-07,32.15
2007-09-06,32.52
2007-09-05,32.54
2007-09-04,32.53
2007-08-31,32.31
2007-08-30,32.02
2007-08-29,31.95
2007-08-28,31.83
2007-08-27,31.94
2007-08-24,31.73
2007-08-23,31.65
2007-08-22,31.46
2007-08-21,31.22
2007-08-20,31.38
2007-08-17,31.68
2007-08-16,31.37
2007-08-15,31.41
2007-08-14,31.23
2007-08-13,31.48
2007-08-10,31.25
2007-08-09,31.31
2007-08-08,31.34
2007-08-07,30.98
2007-08-06,30.76
2007-08-03,30.83
2007-08-02,30.83
2007-08-01,30.65
2007-07-31,30.71
2007-07-30,30.61
2007-07-27,30.31
2007-07-26,30.83
2007-07-25,31.27
2007-07-24,31.57
2007-07-23,31.75
2007-07-20,31.82
2007-07-19,31.9
2007-07-18,31.87
2007-07-17,32.11
2007-07-16,32.07
2007-07-13,32.06
2007-07-12,31.93
2007-07-11,31.83
2007-07-10,32.07
2007-07-09,32.16
2007-07-06,32.06
2007-07-05,32.02
2007-07-03,32.14
2007-07-02,32.2
2007-06-29,31.95
2007-06-28,32.04
2007-06-27,32.21
2007-06-26,32.32
2007-06-25,32.23
2007-06-22,32.42
2007-06-21,32.35
2007-06-20,32.3
2007-06-19,32.58
2007-06-18,32.54
2007-06-15,32.52
2007-06-14,32.53
2007-06-13,32.51
2007-06-12,32.45
2007-06-11,32.62
2007-06-08,32.68
2007-06-07,32.77
2007-06-06,32.93
2007-06-05,32.97
2007-06-04,33.01
2007-06-01,32.99
2007-05-31,32.99
2007-05-30,33.04
2007-05-29,32.97
2007-05-25,33.1
2007-05-24,33.05
2007-05-23,33.04
2007-05-22,33.07
2007-05-21,33.06
2007-05-18,33.03
2007-05-17,33.02
2007-05-16,33.03
2007-05-15,32.95
2007-05-14,32.97
2007-05-11,32.97
2007-05-10,32.96
2007-05-09,32.84
2007-05-08,32.92
2007-05-07,32.9
2007-05-04,32.9
2007-05-03,32.86
2007-05-02,32.86
2007-05-01,32.87
2007-04-30,32.87
2007-04-27,32.87
2007-04-26,32.87
2007-04-25,32.81
2007-04-24,32.76
2007-04-23,32.53
2007-04-20,32.52
2007-04-19,32.53
2007-04-18,32.42
2007-04-17,32.41
2007-04-16,32.43
2007-04-13,32.44
2007-04-12,32.5
2007-04-11,32.48
