date,MBB
2025-12-23,95.1256
2025-12-22,95.09
2025-12-19,95.09
2025-12-18,95.24
2025-12-17,94.98
2025-12-16,94.95
2025-12-15,94.75
2025-12-12,94.62
2025-12-11,94.96
2025-12-10,94.9
2025-12-09,94.49
2025-12-08,94.57
2025-12-05,94.81
2025-12-04,94.83
2025-12-03,95.1
2025-12-02,94.92
2025-12-01,94.75
2025-11-28,95.09
2025-11-26,95.3
2025-11-25,95.24
2025-11-24,94.96
2025-11-21,94.81
2025-11-20,94.51
2025-11-19,94.4
2025-11-18,94.39
2025-11-17,94.34
2025-11-14,94.4
2025-11-13,94.48
2025-11-12,94.83
2025-11-11,94.97
2025-11-10,94.61
2025-11-07,94.72
2025-11-06,94.63
2025-11-05,94.27
2025-11-04,94.57
2025-11-03,94.43
2025-10-31,94.53
2025-10-30,94.48
2025-10-29,94.57
2025-10-28,95.2
2025-10-27,95.1
2025-10-24,95.01
2025-10-23,94.83
2025-10-22,95.02
2025-10-21,95.09
2025-10-20,94.94
2025-10-17,94.86
2025-10-16,94.87
2025-10-15,94.51
2025-10-14,94.52
2025-10-13,94.44
2025-10-10,94.26
2025-10-09,93.91
2025-10-08,94.11
2025-10-07,94.08
2025-10-06,93.89
2025-10-03,94.07
2025-10-02,94.22
2025-10-01,94.1
2025-09-30,93.8
2025-09-29,93.84
2025-09-26,93.64
2025-09-25,93.62
2025-09-24,93.77
2025-09-23,93.96
2025-09-22,93.65
2025-09-19,93.84
2025-09-18,93.68
2025-09-17,94.09
2025-09-16,94.33
2025-09-15,94.37
2025-09-12,94.07
2025-09-11,94.11
2025-09-10,93.94
2025-09-09,93.75
2025-09-08,93.96
2025-09-05,93.54
2025-09-04,93.09
2025-09-03,92.62
2025-09-02,92.32
2025-08-29,92.68
2025-08-28,92.68
2025-08-27,92.57
2025-08-26,92.44
2025-08-25,92.2
2025-08-22,92.41
2025-08-21,91.85
2025-08-20,91.99
2025-08-19,91.85
2025-08-18,91.78
2025-08-15,91.92
2025-08-14,91.96
2025-08-13,92.28
2025-08-12,91.95
2025-08-11,91.9
2025-08-08,91.9
2025-08-07,92.05
2025-08-06,92.17
2025-08-05,92.17
2025-08-04,92.11
2025-08-01,92.06
2025-07-31,91.1
2025-07-30,91.16
2025-07-29,91.42
2025-07-28,90.95
2025-07-25,91.16
2025-07-24,90.95
2025-07-23,90.99
2025-07-22,91.34
2025-07-21,91.09
2025-07-18,90.84
2025-07-17,90.71
2025-07-16,90.66
2025-07-15,90.5
2025-07-14,90.75
2025-07-11,90.89
2025-07-10,91.27
2025-07-09,91.32
2025-07-08,90.86
2025-07-07,90.82
2025-07-03,91.14
2025-07-02,91.44
2025-07-01,91.49
2025-06-30,91.58
2025-06-27,91.23
2025-06-26,91.59
2025-06-25,91.24
2025-06-24,91.22
2025-06-23,90.75
2025-06-20,90.53
2025-06-18,90.46
2025-06-17,90.42
2025-06-16,90.15
2025-06-13,90.26
2025-06-12,90.71
2025-06-11,90.33
2025-06-10,90.0
2025-06-09,89.72
2025-06-06,89.49
2025-06-05,89.97
2025-06-04,90.3
2025-06-03,89.71
2025-06-02,89.76
2025-05-30,90.05
2025-05-29,89.84
2025-05-28,89.48
2025-05-27,89.56
2025-05-23,89.24
2025-05-22,89.01
2025-05-21,88.85
2025-05-20,89.47
2025-05-19,89.72
2025-05-16,89.78
2025-05-15,89.74
2025-05-14,89.09
2025-05-13,89.49
2025-05-12,89.57
2025-05-09,90.08
2025-05-08,89.89
2025-05-07,90.44
2025-05-06,90.2
2025-05-05,89.82
2025-05-02,90.02
2025-05-01,90.52
2025-04-30,90.84
2025-04-29,90.81
2025-04-28,90.57
2025-04-25,90.34
2025-04-24,89.99
2025-04-23,89.47
2025-04-22,89.18
2025-04-21,88.95
2025-04-17,89.57
2025-04-16,89.87
2025-04-15,89.7
2025-04-14,89.66
2025-04-11,89.02
2025-04-10,89.06
2025-04-09,89.71
2025-04-08,89.67
2025-04-07,90.24
2025-04-04,91.22
2025-04-03,91.26
2025-04-02,90.65
2025-04-01,90.84
2025-03-31,90.51
2025-03-28,90.39
2025-03-27,89.78
2025-03-26,89.87
2025-03-25,90.0
2025-03-24,89.82
2025-03-21,90.29
2025-03-20,90.35
2025-03-19,90.25
2025-03-18,90.04
2025-03-17,89.95
2025-03-14,89.76
2025-03-13,90.03
2025-03-12,89.84
2025-03-11,90.02
2025-03-10,90.37
2025-03-07,89.88
2025-03-06,89.95
2025-03-05,89.97
2025-03-04,90.35
2025-03-03,90.62
2025-02-28,90.49
2025-02-27,90.1
2025-02-26,90.22
2025-02-25,89.97
2025-02-24,89.44
2025-02-21,89.33
2025-02-20,88.85
2025-02-19,88.61
2025-02-18,88.48
2025-02-14,88.9
2025-02-13,88.56
2025-02-12,87.95
2025-02-11,88.44
2025-02-10,88.68
2025-02-07,88.66
2025-02-06,88.86
2025-02-05,88.95
2025-02-04,88.46
2025-02-03,88.3
2025-01-31,88.34
2025-01-30,88.47
2025-01-29,88.35
2025-01-28,88.32
2025-01-27,88.32
2025-01-24,87.82
2025-01-23,87.71
2025-01-22,87.94
2025-01-21,88.08
2025-01-17,87.77
2025-01-16,87.83
2025-01-15,87.59
2025-01-14,86.68
2025-01-13,86.6
2025-01-10,86.74
2025-01-08,87.36
2025-01-07,87.31
2025-01-06,87.56
2025-01-03,87.66
2025-01-02,87.77
2024-12-31,87.85
2024-12-30,87.93
2024-12-27,87.62
2024-12-26,87.66
2024-12-24,87.49
2024-12-23,87.47
2024-12-20,87.83
2024-12-19,87.45
2024-12-18,87.65
2024-12-17,88.46
2024-12-16,88.47
2024-12-13,88.36
2024-12-12,88.79
2024-12-11,89.21
2024-12-10,89.45
2024-12-09,89.44
2024-12-06,89.74
2024-12-05,89.46
2024-12-04,89.44
2024-12-03,89.17
2024-12-02,89.31
2024-11-29,89.43
2024-11-27,89.07
2024-11-26,88.85
2024-11-25,88.97
2024-11-22,88.16
2024-11-21,87.98
2024-11-20,87.91
2024-11-19,87.94
2024-11-18,87.81
2024-11-15,87.76
2024-11-14,87.92
2024-11-13,87.96
2024-11-12,87.89
2024-11-11,88.48
2024-11-08,88.63
2024-11-07,88.62
2024-11-06,87.72
2024-11-05,88.42
2024-11-04,88.13
2024-11-01,87.71
2024-10-31,88.1
2024-10-30,88.19
2024-10-29,88.34
2024-10-28,88.06
2024-10-25,88.37
2024-10-24,88.55
2024-10-23,88.42
2024-10-22,88.68
2024-10-21,88.65
2024-10-18,89.32
2024-10-17,89.26
2024-10-16,89.71
2024-10-15,89.65
2024-10-14,89.36
2024-10-11,89.42
2024-10-10,89.4
2024-10-09,89.44
2024-10-08,89.65
2024-10-07,89.47
2024-10-04,89.68
2024-10-03,90.35
2024-10-02,90.79
2024-10-01,90.92
2024-09-30,90.62
2024-09-27,91.0
2024-09-26,90.8
2024-09-25,90.74
2024-09-24,91.04
2024-09-23,90.88
2024-09-20,90.94
2024-09-19,91.02
2024-09-18,90.96
2024-09-17,91.38
2024-09-16,91.42
2024-09-13,91.27
2024-09-12,91.06
2024-09-11,91.31
2024-09-10,91.28
2024-09-09,90.82
2024-09-06,90.71
2024-09-05,90.63
2024-09-04,90.42
2024-09-03,90.18
2024-08-30,89.78
2024-08-29,89.84
2024-08-28,90.04
2024-08-27,90.07
2024-08-26,90.02
2024-08-23,90.07
2024-08-22,89.63
2024-08-21,89.93
2024-08-20,89.73
2024-08-19,89.51
2024-08-16,89.4
2024-08-15,89.2
2024-08-14,89.47
2024-08-13,89.37
2024-08-12,89.12
2024-08-09,88.97
2024-08-08,88.7
2024-08-07,88.87
2024-08-06,89.08
2024-08-05,89.63
2024-08-02,89.76
2024-08-01,88.63
2024-07-31,88.24
2024-07-30,87.72
2024-07-29,87.63
2024-07-26,87.49
2024-07-25,87.12
2024-07-24,86.96
2024-07-23,87.1
2024-07-22,87.18
2024-07-19,87.2
2024-07-18,87.38
2024-07-17,87.61
2024-07-16,87.46
2024-07-15,87.16
2024-07-12,87.49
2024-07-11,87.2
2024-07-10,86.74
2024-07-09,86.65
2024-07-08,86.62
2024-07-05,86.66
2024-07-03,86.1
2024-07-02,85.62
2024-07-01,85.36
2024-06-28,85.97
2024-06-27,86.42
2024-06-26,86.21
2024-06-25,86.63
2024-06-24,86.69
2024-06-21,86.66
2024-06-20,86.63
2024-06-18,86.75
2024-06-17,86.37
2024-06-14,86.72
2024-06-13,86.63
2024-06-12,86.23
2024-06-11,85.72
2024-06-10,85.28
2024-06-07,85.42
2024-06-06,86.16
2024-06-05,86.13
2024-06-04,85.9
2024-06-03,85.49
2024-05-31,84.94
2024-05-30,84.66
2024-05-29,84.23
2024-05-28,84.56
2024-05-24,84.99
2024-05-23,84.84
2024-05-22,85.17
2024-05-21,85.37
2024-05-20,85.12
2024-05-17,85.26
2024-05-16,85.56
2024-05-15,85.89
2024-05-14,85.19
2024-05-13,84.89
2024-05-10,84.73
2024-05-09,85.08
2024-05-08,84.76
2024-05-07,84.94
2024-05-06,84.56
2024-05-03,84.62
2024-05-02,84.15
2024-05-01,83.77
2024-04-30,83.3
2024-04-29,83.75
2024-04-26,83.54
2024-04-25,83.21
2024-04-24,83.56
2024-04-23,83.83
2024-04-22,83.53
2024-04-19,83.48
2024-04-18,83.47
2024-04-17,83.74
2024-04-16,83.18
2024-04-15,83.49
2024-04-12,84.18
2024-04-11,83.88
2024-04-10,83.82
2024-04-09,85.09
2024-04-08,84.71
2024-04-05,84.81
2024-04-04,85.37
2024-04-03,85.15
2024-04-02,85.13
2024-04-01,85.19
2024-03-28,85.72
2024-03-27,85.96
2024-03-26,85.79
2024-03-25,85.64
2024-03-22,85.71
2024-03-21,85.44
2024-03-20,85.52
2024-03-19,85.22
2024-03-18,84.92
2024-03-15,85.02
2024-03-14,85.08
2024-03-13,85.75
2024-03-12,85.85
2024-03-11,86.12
2024-03-08,86.19
2024-03-07,86.04
2024-03-06,85.89
2024-03-05,85.75
2024-03-04,85.13
2024-03-01,85.39
2024-02-29,84.98
2024-02-28,84.82
2024-02-27,84.57
2024-02-26,84.69
2024-02-23,84.88
2024-02-22,84.43
2024-02-21,84.38
2024-02-20,84.83
2024-02-16,84.77
2024-02-15,85.11
2024-02-14,84.85
2024-02-13,84.32
2024-02-12,85.21
2024-02-09,85.23
2024-02-08,85.29
2024-02-07,85.45
2024-02-06,85.72
2024-02-05,85.29
2024-02-02,86.01
2024-02-01,86.87
2024-01-31,86.45
2024-01-30,86.0
2024-01-29,85.91
2024-01-26,85.45
2024-01-25,85.58
2024-01-24,85.13
2024-01-23,85.23
2024-01-22,85.49
2024-01-19,85.43
2024-01-18,85.45
2024-01-17,85.57
2024-01-16,85.85
2024-01-12,86.62
2024-01-11,86.5
2024-01-10,85.9
2024-01-09,85.94
2024-01-08,86.08
2024-01-05,85.68
2024-01-04,85.84
2024-01-03,86.31
2024-01-02,86.2
2023-12-29,86.71
2023-12-28,86.81
2023-12-27,87.14
2023-12-26,86.52
2023-12-22,86.28
2023-12-21,86.39
2023-12-20,86.31
2023-12-19,85.92
2023-12-18,85.71
2023-12-15,86.03
2023-12-14,86.31
2023-12-13,85.6
2023-12-12,84.34
2023-12-11,84.19
2023-12-08,84.16
2023-12-07,84.51
2023-12-06,84.37
2023-12-05,84.14
2023-12-04,83.7
2023-12-01,84.06
2023-11-30,83.23
2023-11-29,83.48
2023-11-28,83.09
2023-11-27,82.68
2023-11-24,82.08
2023-11-22,82.68
2023-11-21,82.71
2023-11-20,82.52
2023-11-17,82.5
2023-11-16,82.23
2023-11-15,81.71
2023-11-14,82.32
2023-11-13,81.1
2023-11-10,81.16
2023-11-09,80.93
2023-11-08,81.72
2023-11-07,81.47
2023-11-06,80.93
2023-11-03,81.45
2023-11-02,80.56
2023-11-01,80.12
2023-10-31,79.1
2023-10-30,78.95
2023-10-27,79.23
2023-10-26,79.21
2023-10-25,78.46
2023-10-24,79.2
2023-10-23,78.74
2023-10-20,78.59
2023-10-19,78.37
2023-10-18,78.7
2023-10-17,79.21
2023-10-16,79.83
2023-10-13,80.31
2023-10-12,80.0
2023-10-11,80.87
2023-10-10,80.61
2023-10-09,80.63
2023-10-06,79.74
2023-10-05,80.1
2023-10-04,79.82
2023-10-03,79.1
2023-10-02,79.99
2023-09-29,80.83
2023-09-28,81.05
2023-09-27,80.57
2023-09-26,81.05
2023-09-25,81.13
2023-09-22,81.99
2023-09-21,81.52
2023-09-20,82.25
2023-09-19,82.34
2023-09-18,82.61
2023-09-15,82.51
2023-09-14,82.73
2023-09-13,82.89
2023-09-12,82.61
2023-09-11,82.54
2023-09-08,82.62
2023-09-07,82.54
2023-09-06,82.26
2023-09-05,82.36
2023-09-01,82.97
2023-08-31,83.41
2023-08-30,83.27
2023-08-29,83.32
2023-08-28,82.69
2023-08-25,82.52
2023-08-24,82.46
2023-08-23,82.77
2023-08-22,81.83
2023-08-21,81.79
2023-08-18,82.29
2023-08-17,82.15
2023-08-16,82.11
2023-08-15,82.34
2023-08-14,82.6
2023-08-11,82.73
2023-08-10,83.14
2023-08-09,83.73
2023-08-08,83.54
2023-08-07,83.24
2023-08-04,83.27
2023-08-03,82.5
2023-08-02,83.15
2023-08-01,83.51
2023-07-31,84.09
2023-07-28,84.04
2023-07-27,83.7
2023-07-26,84.44
2023-07-25,84.11
2023-07-24,84.22
2023-07-21,84.32
2023-07-20,84.22
2023-07-19,84.81
2023-07-18,84.65
2023-07-17,84.66
2023-07-14,84.38
2023-07-13,84.9
2023-07-12,84.21
2023-07-11,83.41
2023-07-10,83.1
2023-07-07,82.9
2023-07-06,82.9
2023-07-05,83.45
2023-07-03,83.9
2023-06-30,84.17
2023-06-29,83.98
2023-06-28,84.71
2023-06-27,84.51
2023-06-26,84.72
2023-06-23,84.5
2023-06-22,84.17
2023-06-21,84.62
2023-06-20,84.4
2023-06-16,84.44
2023-06-15,84.7
2023-06-14,84.06
2023-06-13,84.04
2023-06-12,84.46
2023-06-09,84.3
2023-06-08,84.49
2023-06-07,84.07
2023-06-06,84.47
2023-06-05,84.2
2023-06-02,84.25
2023-06-01,84.72
2023-05-31,84.57
2023-05-30,84.06
2023-05-26,83.32
2023-05-25,83.27
2023-05-24,83.68
2023-05-23,83.95
2023-05-22,83.92
2023-05-19,83.88
2023-05-18,84.22
2023-05-17,84.63
2023-05-16,84.67
2023-05-15,84.85
2023-05-12,85.04
2023-05-11,85.64
2023-05-10,85.33
2023-05-09,84.73
2023-05-08,84.88
2023-05-05,85.33
2023-05-04,85.58
2023-05-03,85.76
2023-05-02,85.2
2023-05-01,84.32
2023-04-28,85.15
2023-04-27,84.74
2023-04-26,84.99
2023-04-25,85.42
2023-04-24,84.88
2023-04-21,84.54
2023-04-20,84.8
2023-04-19,84.31
2023-04-18,84.31
2023-04-17,84.25
2023-04-14,84.75
2023-04-13,85.31
2023-04-12,85.37
2023-04-11,85.17
2023-04-10,84.86
2023-04-06,85.7
2023-04-05,85.92
2023-04-04,85.68
2023-04-03,85.17
2023-03-31,84.79
2023-03-30,84.55
2023-03-29,84.5
2023-03-28,84.26
2023-03-27,84.51
2023-03-24,85.57
2023-03-23,85.43
2023-03-22,85.37
2023-03-21,84.24
2023-03-20,84.41
2023-03-17,85.11
2023-03-16,84.31
2023-03-15,84.69
2023-03-14,83.84
2023-03-13,84.24
2023-03-10,83.43
2023-03-09,82.76
2023-03-08,82.39
2023-03-07,82.41
2023-03-06,82.61
2023-03-03,82.79
2023-03-02,82.08
2023-03-01,82.41
2023-02-28,83.03
2023-02-27,83.07
2023-02-24,82.85
2023-02-23,83.36
2023-02-22,83.13
2023-02-21,82.83
2023-02-17,83.78
2023-02-16,83.64
2023-02-15,83.93
2023-02-14,83.95
2023-02-13,84.42
2023-02-10,84.14
2023-02-09,84.51
2023-02-08,84.82
2023-02-07,84.59
2023-02-06,84.66
2023-02-03,85.4
2023-02-02,86.08
2023-02-01,86.1
2023-01-31,85.38
2023-01-30,85.1
2023-01-27,85.46
2023-01-26,85.43
2023-01-25,85.73
2023-01-24,85.47
2023-01-23,85.04
2023-01-20,85.33
2023-01-19,85.59
2023-01-18,85.83
2023-01-17,84.94
2023-01-13,85.14
2023-01-12,85.53
2023-01-11,84.93
2023-01-10,84.35
2023-01-09,84.69
2023-01-06,84.45
2023-01-05,83.37
2023-01-04,83.54
2023-01-03,82.98
2022-12-30,82.59
2022-12-29,83.17
2022-12-28,82.65
2022-12-27,82.88
2022-12-23,83.44
2022-12-22,83.62
2022-12-21,83.74
2022-12-20,83.53
2022-12-19,84.18
2022-12-16,84.65
2022-12-15,84.87
2022-12-14,84.77
2022-12-13,84.49
2022-12-12,83.64
2022-12-09,83.62
2022-12-08,84.09
2022-12-07,84.42
2022-12-06,83.54
2022-12-05,83.31
2022-12-02,84.18
2022-12-01,83.82
2022-11-30,83.28
2022-11-29,82.37
2022-11-28,82.9
2022-11-25,83.02
2022-11-23,83.02
2022-11-22,82.54
2022-11-21,82.18
2022-11-18,82.18
2022-11-17,82.24
2022-11-16,82.55
2022-11-15,82.08
2022-11-14,81.58
2022-11-11,81.81
2022-11-10,81.89
2022-11-09,79.88
2022-11-08,79.79
2022-11-07,79.39
2022-11-04,79.79
2022-11-03,79.57
2022-11-02,79.95
2022-11-01,80.05
2022-10-31,79.87
2022-10-28,80.42
2022-10-27,80.41
2022-10-26,79.97
2022-10-25,79.35
2022-10-24,78.39
2022-10-21,78.56
2022-10-20,78.4
2022-10-19,79.05
2022-10-18,79.72
2022-10-17,79.59
2022-10-14,79.46
2022-10-13,79.89
2022-10-12,80.35
2022-10-11,80.42
2022-10-10,80.35
2022-10-07,80.7
2022-10-06,80.94
2022-10-05,81.1
2022-10-04,81.92
2022-10-03,81.53
2022-09-30,80.79
2022-09-29,81.23
2022-09-28,81.8
2022-09-27,80.3
2022-09-26,79.85
2022-09-23,81.48
2022-09-22,81.8
2022-09-21,82.92
2022-09-20,82.75
2022-09-19,82.94
2022-09-16,83.3
2022-09-15,83.31
2022-09-14,83.65
2022-09-13,83.45
2022-09-12,84.12
2022-09-09,84.21
2022-09-08,84.35
2022-09-07,84.68
2022-09-06,84.18
2022-09-02,85.03
2022-09-01,84.72
2022-08-31,85.12
2022-08-30,85.46
2022-08-29,85.4
2022-08-26,85.85
2022-08-25,86.06
2022-08-24,85.54
2022-08-23,85.89
2022-08-22,85.92
2022-08-19,86.48
2022-08-18,87.1
2022-08-17,86.83
2022-08-16,87.33
2022-08-15,87.6
2022-08-12,87.28
2022-08-11,86.98
2022-08-10,87.31
2022-08-09,87.06
2022-08-08,87.24
2022-08-05,86.78
2022-08-04,87.78
2022-08-03,87.69
2022-08-02,87.34
2022-08-01,88.5
2022-07-29,88.24
2022-07-28,88.12
2022-07-27,87.26
2022-07-26,86.88
2022-07-25,86.9
2022-07-22,87.01
2022-07-21,86.37
2022-07-20,85.72
2022-07-19,85.94
2022-07-18,86.01
2022-07-15,86.14
2022-07-14,85.74
2022-07-13,86.0
2022-07-12,85.74
2022-07-11,85.65
2022-07-08,85.25
2022-07-07,85.6
2022-07-06,85.66
2022-07-05,86.38
2022-07-01,86.12
2022-06-30,85.53
2022-06-29,85.04
2022-06-28,84.25
2022-06-27,84.41
2022-06-24,84.61
2022-06-23,84.68
2022-06-22,84.42
2022-06-21,83.71
2022-06-17,83.83
2022-06-16,83.84
2022-06-15,83.65
2022-06-14,82.82
2022-06-13,83.12
2022-06-10,85.13
2022-06-09,85.99
2022-06-08,85.76
2022-06-07,86.16
2022-06-06,85.81
2022-06-03,86.41
2022-06-02,86.71
2022-06-01,86.35
2022-05-31,86.86
2022-05-27,87.32
2022-05-26,87.16
2022-05-25,87.18
2022-05-24,86.97
2022-05-23,86.29
2022-05-20,86.58
2022-05-19,86.38
2022-05-18,86.09
2022-05-17,85.87
2022-05-16,86.4
2022-05-13,86.08
2022-05-12,86.31
2022-05-11,85.99
2022-05-10,85.7
2022-05-09,85.43
2022-05-06,84.99
2022-05-05,85.13
2022-05-04,86.06
2022-05-03,85.41
2022-05-02,85.34
2022-04-29,85.79
2022-04-28,86.22
2022-04-27,86.31
2022-04-26,86.44
2022-04-25,85.91
2022-04-22,85.44
2022-04-21,85.58
2022-04-20,86.14
2022-04-19,85.68
2022-04-18,86.3
2022-04-14,86.54
2022-04-13,87.19
2022-04-12,87.06
2022-04-11,86.74
2022-04-08,86.99
2022-04-07,87.43
2022-04-06,87.69
2022-04-05,87.78
2022-04-04,88.73
2022-04-01,88.55
2022-03-31,88.97
2022-03-30,88.88
2022-03-29,88.61
2022-03-28,88.18
2022-03-25,88.03
2022-03-24,88.77
2022-03-23,89.21
2022-03-22,88.83
2022-03-21,89.14
2022-03-18,89.8
2022-03-17,89.59
2022-03-16,89.54
2022-03-15,89.63
2022-03-14,89.56
2022-03-11,90.32
2022-03-10,90.45
2022-03-09,90.65
2022-03-08,90.8
2022-03-07,91.06
2022-03-04,91.41
2022-03-03,91.08
2022-03-02,90.73
2022-03-01,91.66
2022-02-28,91.18
2022-02-25,90.68
2022-02-24,90.54
2022-02-23,90.36
2022-02-22,90.66
2022-02-18,90.78
2022-02-17,90.75
2022-02-16,90.59
2022-02-15,90.56
2022-02-14,90.58
2022-02-11,90.95
2022-02-10,90.53
2022-02-09,91.32
2022-02-08,91.46
2022-02-07,91.69
2022-02-04,91.59
2022-02-03,92.1
2022-02-02,92.27
2022-02-01,92.19
2022-01-31,92.25
2022-01-28,92.21
2022-01-27,91.99
2022-01-26,91.77
2022-01-25,92.26
2022-01-24,92.26
2022-01-21,92.17
2022-01-20,92.08
2022-01-19,91.99
2022-01-18,91.68
2022-01-14,92.21
2022-01-13,92.52
2022-01-12,92.56
2022-01-11,92.63
2022-01-10,92.43
2022-01-07,92.56
2022-01-06,92.83
2022-01-05,92.96
2022-01-04,93.23
2022-01-03,93.18
2021-12-31,93.56
2021-12-30,93.5
2021-12-29,93.46
2021-12-28,93.63
2021-12-27,93.56
2021-12-23,93.52
2021-12-22,93.53
2021-12-21,93.51
2021-12-20,93.64
2021-12-17,93.66
2021-12-16,93.68
2021-12-15,93.49
2021-12-14,93.56
2021-12-13,93.6
2021-12-10,93.5
2021-12-09,93.5
2021-12-08,93.5
2021-12-07,93.53
2021-12-06,93.69
2021-12-03,93.73
2021-12-02,93.63
2021-12-01,93.7
2021-11-30,93.68
2021-11-29,93.7
2021-11-26,93.64
2021-11-24,93.21
2021-11-23,93.23
2021-11-22,93.44
2021-11-19,93.71
2021-11-18,93.7
2021-11-17,93.65
2021-11-16,93.55
2021-11-15,93.5
2021-11-12,93.63
2021-11-11,93.64
2021-11-10,93.66
2021-11-09,94.11
2021-11-08,94.05
2021-11-05,94.17
2021-11-04,93.96
2021-11-03,93.89
2021-11-02,94.0
2021-11-01,93.93
2021-10-29,93.9
2021-10-28,93.89
2021-10-27,94.02
2021-10-26,93.88
2021-10-25,93.82
2021-10-22,93.75
2021-10-21,93.63
2021-10-20,93.87
2021-10-19,93.85
2021-10-18,93.92
2021-10-15,93.98
2021-10-14,94.14
2021-10-13,94.03
2021-10-12,93.92
2021-10-11,93.81
2021-10-08,93.9
2021-10-07,94.01
2021-10-06,94.15
2021-10-05,94.17
2021-10-04,94.33
2021-10-01,94.3
2021-09-30,94.16
2021-09-29,94.06
2021-09-28,94.03
2021-09-27,94.12
2021-09-24,94.19
2021-09-23,94.18
2021-09-22,94.42
2021-09-21,94.5
2021-09-20,94.53
2021-09-17,94.43
2021-09-16,94.47
2021-09-15,94.59
2021-09-14,94.6
2021-09-13,94.56
2021-09-10,94.53
2021-09-09,94.58
2021-09-08,94.53
2021-09-07,94.46
2021-09-03,94.5
2021-09-02,94.51
2021-09-01,94.47
2021-08-31,94.49
2021-08-30,94.52
2021-08-27,94.5
2021-08-26,94.34
2021-08-25,94.38
2021-08-24,94.36
2021-08-23,94.39
2021-08-20,94.33
2021-08-19,94.36
2021-08-18,94.35
2021-08-17,94.29
2021-08-16,94.42
2021-08-13,94.44
2021-08-12,94.31
2021-08-11,94.35
2021-08-10,94.24
2021-08-09,94.31
2021-08-06,94.34
2021-08-05,94.52
2021-08-04,94.65
2021-08-03,94.62
2021-08-02,94.61
2021-07-30,94.51
2021-07-29,94.49
2021-07-28,94.53
2021-07-27,94.47
2021-07-26,94.4
2021-07-23,94.46
2021-07-22,94.37
2021-07-21,94.23
2021-07-20,94.4
2021-07-19,94.45
2021-07-16,94.3
2021-07-15,94.34
2021-07-14,94.26
2021-07-13,94.06
2021-07-12,94.15
2021-07-09,94.15
2021-07-08,94.35
2021-07-07,94.23
2021-07-06,94.22
2021-07-02,94.05
2021-07-01,93.95
2021-06-30,94.03
2021-06-29,94.0
2021-06-28,94.04
2021-06-25,93.89
2021-06-24,93.97
2021-06-23,93.91
2021-06-22,93.97
2021-06-21,93.83
2021-06-18,93.93
2021-06-17,93.95
2021-06-16,93.75
2021-06-15,94.1
2021-06-14,94.13
2021-06-11,94.23
2021-06-10,94.3
2021-06-09,94.22
2021-06-08,94.14
2021-06-07,94.1
2021-06-04,94.16
2021-06-03,94.0
2021-06-02,94.04
2021-06-01,94.02
2021-05-28,94.04
2021-05-27,94.0
2021-05-26,94.13
2021-05-25,94.22
2021-05-24,94.1
2021-05-21,94.05
2021-05-20,93.98
2021-05-19,93.88
2021-05-18,93.98
2021-05-17,93.94
2021-05-14,94.07
2021-05-13,93.99
2021-05-12,93.84
2021-05-11,94.11
2021-05-10,94.2
2021-05-07,94.34
2021-05-06,94.33
2021-05-05,94.33
2021-05-04,94.3
2021-05-03,94.32
2021-04-30,94.33
2021-04-29,94.19
2021-04-28,94.22
2021-04-27,94.17
2021-04-26,94.2
2021-04-23,94.19
2021-04-22,94.29
2021-04-21,94.32
2021-04-20,94.24
2021-04-19,94.11
2021-04-16,94.1
2021-04-15,94.23
2021-04-14,94.09
2021-04-13,94.11
2021-04-12,93.93
2021-04-09,93.91
2021-04-08,93.91
2021-04-07,93.9
2021-04-06,93.91
2021-04-05,93.76
2021-04-01,93.75
2021-03-31,93.79
2021-03-30,93.7
2021-03-29,93.71
2021-03-26,93.76
2021-03-25,93.89
2021-03-24,93.9
2021-03-23,93.91
2021-03-22,93.87
2021-03-19,93.78
2021-03-18,93.81
2021-03-17,94.01
2021-03-16,94.04
2021-03-15,94.04
2021-03-12,94.05
2021-03-11,94.27
2021-03-10,94.22
2021-03-09,94.23
2021-03-08,94.16
2021-03-05,94.32
2021-03-04,94.32
2021-03-03,94.53
2021-03-02,94.53
2021-03-01,94.49
2021-02-26,94.25
2021-02-25,94.04
2021-02-24,94.59
2021-02-23,94.56
2021-02-22,94.65
2021-02-19,94.76
2021-02-18,94.85
2021-02-17,94.82
2021-02-16,94.78
2021-02-12,94.98
2021-02-11,95.11
2021-02-10,95.14
2021-02-09,95.18
2021-02-08,95.12
2021-02-05,95.14
2021-02-04,95.13
2021-02-03,95.11
2021-02-02,95.14
2021-02-01,95.1
2021-01-29,95.07
2021-01-28,95.01
2021-01-27,94.98
2021-01-26,94.97
2021-01-25,94.99
2021-01-22,94.98
2021-01-21,94.98
2021-01-20,94.98
2021-01-19,94.96
2021-01-15,94.97
2021-01-14,94.9
2021-01-13,94.91
2021-01-12,94.87
2021-01-11,94.81
2021-01-08,94.9
2021-01-07,94.92
2021-01-06,94.95
2021-01-05,94.99
2021-01-04,94.94
2020-12-31,94.93
2020-12-30,94.92
2020-12-29,94.91
2020-12-28,94.88
2020-12-24,94.87
2020-12-23,94.86
2020-12-22,94.87
2020-12-21,94.91
2020-12-18,94.88
2020-12-17,94.84
2020-12-16,94.81
2020-12-15,94.82
2020-12-14,94.77
2020-12-11,94.77
2020-12-10,94.75
2020-12-09,94.79
2020-12-08,94.79
2020-12-07,94.76
2020-12-04,94.74
2020-12-03,94.74
2020-12-02,94.74
2020-12-01,94.73
2020-11-30,94.78
2020-11-27,94.8
2020-11-25,94.75
2020-11-24,94.78
2020-11-23,94.8
2020-11-20,94.8
2020-11-19,94.79
2020-11-18,94.76
2020-11-17,94.75
2020-11-16,94.7
2020-11-13,94.75
2020-11-12,94.71
2020-11-11,94.67
2020-11-10,94.56
2020-11-09,94.62
2020-11-06,94.73
2020-11-05,94.86
2020-11-04,94.82
2020-11-03,94.73
2020-11-02,94.75
2020-10-30,94.74
2020-10-29,94.71
2020-10-28,94.69
2020-10-27,94.74
2020-10-26,94.69
2020-10-23,94.66
2020-10-22,94.66
2020-10-21,94.68
2020-10-20,94.59
2020-10-19,94.65
2020-10-16,94.69
2020-10-15,94.6
2020-10-14,94.6
2020-10-13,94.63
2020-10-12,94.75
2020-10-09,94.66
2020-10-08,94.69
2020-10-07,94.73
2020-10-06,94.7
2020-10-05,94.65
2020-10-02,94.71
2020-10-01,94.66
2020-09-30,94.67
2020-09-29,94.69
2020-09-28,94.64
2020-09-25,94.61
2020-09-24,94.58
2020-09-23,94.58
2020-09-22,94.57
2020-09-21,94.52
2020-09-18,94.58
2020-09-17,94.6
2020-09-16,94.58
2020-09-15,94.61
2020-09-14,94.73
2020-09-11,94.73
2020-09-10,94.73
2020-09-09,94.8
2020-09-08,94.84
2020-09-04,94.77
2020-09-03,94.77
2020-09-02,94.82
2020-09-01,94.77
2020-08-31,94.75
2020-08-28,94.78
2020-08-27,94.66
2020-08-26,94.68
2020-08-25,94.63
2020-08-24,94.66
2020-08-21,94.74
2020-08-20,94.77
2020-08-19,94.79
2020-08-18,94.77
2020-08-17,94.73
2020-08-14,94.69
2020-08-13,94.68
2020-08-12,94.73
2020-08-11,94.72
2020-08-10,94.86
2020-08-07,94.78
2020-08-06,94.73
2020-08-05,94.69
2020-08-04,94.81
2020-08-03,94.76
2020-07-31,94.7
2020-07-30,94.6
2020-07-29,94.63
2020-07-28,94.57
2020-07-27,94.51
2020-07-24,94.47
2020-07-23,94.63
2020-07-22,94.61
2020-07-21,94.62
2020-07-20,94.57
2020-07-17,94.58
2020-07-16,94.55
2020-07-15,94.53
2020-07-14,94.55
2020-07-13,94.56
2020-07-10,94.51
2020-07-09,94.61
2020-07-08,94.6
2020-07-07,94.55
2020-07-06,94.51
2020-07-02,94.6
2020-07-01,94.47
2020-06-30,94.43
2020-06-29,94.51
2020-06-26,94.46
2020-06-25,94.46
2020-06-24,94.36
2020-06-23,94.45
2020-06-22,94.49
2020-06-19,94.55
2020-06-18,94.54
2020-06-17,94.58
2020-06-16,94.51
2020-06-15,94.71
2020-06-12,94.77
2020-06-11,94.69
2020-06-10,94.73
2020-06-09,94.71
2020-06-08,94.65
2020-06-05,94.63
2020-06-04,94.59
2020-06-03,94.59
2020-06-02,94.67
2020-06-01,94.68
2020-05-29,94.58
2020-05-28,94.34
2020-05-27,94.55
2020-05-26,94.56
2020-05-22,94.6
2020-05-21,94.63
2020-05-20,94.57
2020-05-19,94.44
2020-05-18,94.45
2020-05-15,94.58
2020-05-14,94.54
2020-05-13,94.44
2020-05-12,94.52
2020-05-11,94.48
2020-05-08,94.7
2020-05-07,94.72
2020-05-06,94.48
2020-05-05,94.42
2020-05-04,94.46
2020-05-01,94.37
2020-04-30,94.41
2020-04-29,94.24
2020-04-28,94.06
2020-04-27,93.81
2020-04-24,93.86
2020-04-23,93.98
2020-04-22,93.74
2020-04-21,93.59
2020-04-20,93.6
2020-04-17,93.56
2020-04-16,93.64
2020-04-15,93.53
2020-04-14,93.44
2020-04-13,93.47
2020-04-09,93.87
2020-04-08,93.79
2020-04-07,93.56
2020-04-06,93.48
2020-04-03,93.54
2020-04-02,93.61
2020-04-01,93.32
2020-03-31,93.65
2020-03-30,93.51
2020-03-27,93.35
2020-03-26,93.05
2020-03-25,92.9
2020-03-24,92.92
2020-03-23,92.15
2020-03-20,91.47
2020-03-19,90.39
2020-03-18,91.45
2020-03-17,92.13
2020-03-16,92.46
2020-03-13,92.09
2020-03-12,89.29
2020-03-11,92.19
2020-03-10,92.9
2020-03-09,93.32
2020-03-06,93.31
2020-03-05,93.23
2020-03-04,93.01
2020-03-03,93.12
2020-03-02,92.9
2020-02-28,92.65
2020-02-27,92.46
2020-02-26,92.36
2020-02-25,92.28
2020-02-24,92.33
2020-02-21,92.26
2020-02-20,92.14
2020-02-19,92.09
2020-02-18,92.18
2020-02-14,92.08
2020-02-13,92.08
2020-02-12,92.01
2020-02-11,92.06
2020-02-10,92.07
2020-02-07,92.02
2020-02-06,91.86
2020-02-05,91.8
2020-02-04,91.81
2020-02-03,91.9
2020-01-31,91.89
2020-01-30,91.87
2020-01-29,91.85
2020-01-28,91.75
2020-01-27,91.74
2020-01-24,91.7
2020-01-23,91.65
2020-01-22,91.61
2020-01-21,91.59
2020-01-17,91.53
2020-01-16,91.54
2020-01-15,91.54
2020-01-14,91.58
2020-01-13,91.53
2020-01-10,91.49
2020-01-09,91.39
2020-01-08,91.38
2020-01-07,91.43
2020-01-06,91.41
2020-01-03,91.4
2020-01-02,91.32
2019-12-31,91.21
2019-12-30,91.26
2019-12-27,91.29
2019-12-26,91.1
2019-12-24,91.1
2019-12-23,91.04
2019-12-20,91.16
2019-12-19,91.09
2019-12-18,91.04
2019-12-17,91.14
2019-12-16,91.08
2019-12-13,91.22
2019-12-12,90.91
2019-12-11,91.16
2019-12-10,90.98
2019-12-09,91.02
2019-12-06,91.05
2019-12-05,91.0
2019-12-04,91.02
2019-12-03,91.18
2019-12-02,90.99
2019-11-29,91.02
2019-11-27,90.98
2019-11-26,91.07
2019-11-25,91.03
2019-11-22,90.99
2019-11-21,90.99
2019-11-20,91.02
2019-11-19,90.93
2019-11-18,91.0
2019-11-15,90.96
2019-11-14,90.95
2019-11-13,90.82
2019-11-12,90.81
2019-11-11,90.76
2019-11-08,90.74
2019-11-07,90.67
2019-11-06,90.84
2019-11-05,90.74
2019-11-04,90.99
2019-11-01,91.0
2019-10-31,91.01
2019-10-30,90.88
2019-10-29,90.73
2019-10-28,90.61
2019-10-25,90.68
2019-10-24,90.73
2019-10-23,90.75
2019-10-22,90.65
2019-10-21,90.62
2019-10-18,90.7
2019-10-17,90.75
2019-10-16,90.72
2019-10-15,90.68
2019-10-14,90.72
2019-10-11,90.68
2019-10-10,90.77
2019-10-09,90.92
2019-10-08,90.88
2019-10-07,90.86
2019-10-04,91.0
2019-10-03,90.93
2019-10-02,90.85
2019-10-01,90.76
2019-09-30,90.71
2019-09-27,90.68
2019-09-26,90.58
2019-09-25,90.48
2019-09-24,90.63
2019-09-23,90.54
2019-09-20,90.51
2019-09-19,90.44
2019-09-18,90.47
2019-09-17,90.43
2019-09-16,90.4
2019-09-13,90.21
2019-09-12,90.43
2019-09-11,90.43
2019-09-10,90.36
2019-09-09,90.71
2019-09-06,90.64
2019-09-05,90.63
2019-09-04,90.85
2019-09-03,90.73
2019-08-30,90.66
2019-08-29,90.53
2019-08-28,90.49
2019-08-27,90.47
2019-08-26,90.32
2019-08-23,90.51
2019-08-22,90.36
2019-08-21,90.41
2019-08-20,90.41
2019-08-19,90.33
2019-08-16,90.35
2019-08-15,90.42
2019-08-14,90.13
2019-08-13,90.11
2019-08-12,90.28
2019-08-09,90.18
2019-08-08,90.29
2019-08-07,90.23
2019-08-06,90.28
2019-08-05,90.28
2019-08-02,90.07
2019-08-01,90.08
2019-07-31,89.8
2019-07-30,89.74
2019-07-29,89.75
2019-07-26,89.75
2019-07-25,89.8
2019-07-24,89.85
2019-07-23,89.78
2019-07-22,89.76
2019-07-19,89.78
2019-07-18,89.78
2019-07-17,89.67
2019-07-16,89.47
2019-07-15,89.54
2019-07-12,89.48
2019-07-11,89.38
2019-07-10,89.58
2019-07-09,89.43
2019-07-08,89.48
2019-07-05,89.55
2019-07-03,89.67
2019-07-02,89.61
2019-07-01,89.43
2019-06-28,89.47
2019-06-27,89.45
2019-06-26,89.23
2019-06-25,89.35
2019-06-24,89.37
2019-06-21,89.26
2019-06-20,89.52
2019-06-19,89.39
2019-06-18,89.14
2019-06-17,89.0
2019-06-14,89.04
2019-06-13,89.1
2019-06-12,89.02
2019-06-11,88.88
2019-06-10,88.9
2019-06-07,89.13
2019-06-06,88.95
2019-06-05,88.91
2019-06-04,88.87
2019-06-03,88.99
2019-05-31,88.76
2019-05-30,88.59
2019-05-29,88.45
2019-05-28,88.37
2019-05-24,88.35
2019-05-23,88.32
2019-05-22,88.15
2019-05-21,88.06
2019-05-20,88.05
2019-05-17,88.16
2019-05-16,88.19
2019-05-15,88.24
2019-05-14,88.14
2019-05-13,88.09
2019-05-10,87.97
2019-05-09,87.88
2019-05-08,87.85
2019-05-07,87.9
2019-05-06,87.83
2019-05-03,87.8
2019-05-02,87.64
2019-05-01,87.76
2019-04-30,87.7
2019-04-29,87.67
2019-04-26,87.75
2019-04-25,87.58
2019-04-24,87.57
2019-04-23,87.44
2019-04-22,87.42
2019-04-18,87.48
2019-04-17,87.46
2019-04-16,87.4
2019-04-15,87.55
2019-04-12,87.49
2019-04-11,87.66
2019-04-10,87.73
2019-04-09,87.6
2019-04-08,87.55
2019-04-05,87.63
2019-04-04,87.53
2019-04-03,87.45
2019-04-02,87.53
2019-04-01,87.47
2019-03-29,87.78
2019-03-28,87.85
2019-03-27,87.89
2019-03-26,87.84
2019-03-25,87.72
2019-03-22,87.65
2019-03-21,87.36
2019-03-20,87.33
2019-03-19,87.09
2019-03-18,87.11
2019-03-15,87.1
2019-03-14,86.95
2019-03-13,87.01
2019-03-12,86.99
2019-03-11,86.82
2019-03-08,86.82
2019-03-07,86.71
2019-03-06,86.59
2019-03-05,86.48
2019-03-04,86.44
2019-03-01,86.32
2019-02-28,86.53
2019-02-27,86.57
2019-02-26,86.7
2019-02-25,86.62
2019-02-22,86.63
2019-02-21,86.53
2019-02-20,86.62
2019-02-19,86.59
2019-02-15,86.49
2019-02-14,86.47
2019-02-13,86.38
2019-02-12,86.49
2019-02-11,86.52
2019-02-08,86.56
2019-02-07,86.51
2019-02-06,86.42
2019-02-05,86.38
2019-02-04,86.28
2019-02-01,86.37
2019-01-31,86.59
2019-01-30,86.36
2019-01-29,86.15
2019-01-28,85.97
2019-01-25,85.95
2019-01-24,85.99
2019-01-23,85.86
2019-01-22,85.92
2019-01-18,85.88
2019-01-17,86.01
2019-01-16,86.03
2019-01-15,86.07
2019-01-14,86.05
2019-01-11,86.02
2019-01-10,85.83
2019-01-09,85.89
2019-01-08,85.94
2019-01-07,86.01
2019-01-04,86.11
2019-01-03,86.38
2019-01-02,86.06
2018-12-31,85.9
2018-12-28,85.73
2018-12-27,85.51
2018-12-26,85.37
2018-12-24,85.47
2018-12-21,85.43
2018-12-20,85.38
2018-12-19,85.49
2018-12-18,85.33
2018-12-17,85.13
2018-12-14,84.98
2018-12-13,84.97
2018-12-12,84.97
2018-12-11,84.99
2018-12-10,85.15
2018-12-07,85.06
2018-12-06,84.83
2018-12-04,84.71
2018-12-03,84.5
2018-11-30,84.41
2018-11-29,84.3
2018-11-28,84.23
2018-11-27,84.09
2018-11-26,84.02
2018-11-23,83.98
2018-11-21,84.04
2018-11-20,83.99
2018-11-19,84.05
2018-11-16,84.05
2018-11-15,83.82
2018-11-14,83.69
2018-11-13,83.49
2018-11-12,83.56
2018-11-09,83.37
2018-11-08,83.27
2018-11-07,83.39
2018-11-06,83.27
2018-11-05,83.29
2018-11-02,83.27
2018-11-01,83.7
2018-10-31,83.63
2018-10-30,83.71
2018-10-29,83.82
2018-10-26,83.82
2018-10-25,83.7
2018-10-24,83.7
2018-10-23,83.51
2018-10-22,83.41
2018-10-19,83.38
2018-10-18,83.5
2018-10-17,83.49
2018-10-16,83.67
2018-10-15,83.62
2018-10-12,83.58
2018-10-11,83.6
2018-10-10,83.46
2018-10-09,83.52
2018-10-08,83.34
2018-10-05,83.3
2018-10-04,83.52
2018-10-03,83.76
2018-10-02,84.16
2018-10-01,84.04
2018-09-28,84.13
2018-09-27,84.08
2018-09-26,84.07
2018-09-25,83.88
2018-09-24,83.92
2018-09-21,83.97
2018-09-20,83.95
2018-09-19,83.89
2018-09-18,83.97
2018-09-17,84.19
2018-09-14,84.21
2018-09-13,84.34
2018-09-12,84.25
2018-09-11,84.2
2018-09-10,84.39
2018-09-07,84.36
2018-09-06,84.63
2018-09-05,84.48
2018-09-04,84.48
2018-08-31,84.65
2018-08-30,84.56
2018-08-29,84.5
2018-08-28,84.54
2018-08-27,84.68
2018-08-24,84.76
2018-08-23,84.75
2018-08-22,84.72
2018-08-21,84.67
2018-08-20,84.74
2018-08-17,84.58
2018-08-16,84.53
2018-08-15,84.57
2018-08-14,84.45
2018-08-13,84.47
2018-08-10,84.5
2018-08-09,84.36
2018-08-08,84.2
2018-08-07,84.15
2018-08-06,84.31
2018-08-03,84.23
2018-08-02,84.14
2018-08-01,84.04
2018-07-31,84.13
2018-07-30,84.03
2018-07-27,84.1
2018-07-26,84.08
2018-07-25,84.14
2018-07-24,84.11
2018-07-23,84.05
2018-07-20,84.35
2018-07-19,84.49
2018-07-18,84.36
2018-07-17,84.37
2018-07-16,84.38
2018-07-13,84.45
2018-07-12,84.35
2018-07-11,84.29
2018-07-10,84.21
2018-07-09,84.32
2018-07-06,84.41
2018-07-05,84.31
2018-07-03,84.32
2018-07-02,84.15
2018-06-29,84.27
2018-06-28,84.24
2018-06-27,84.24
2018-06-26,84.08
2018-06-25,83.99
2018-06-22,83.95
2018-06-21,83.94
2018-06-20,83.88
2018-06-19,84.05
2018-06-18,83.89
2018-06-15,83.91
2018-06-14,83.87
2018-06-13,83.62
2018-06-12,83.71
2018-06-11,83.65
2018-06-08,83.71
2018-06-07,83.86
2018-06-06,83.67
2018-06-05,83.95
2018-06-04,83.81
2018-06-01,83.99
2018-05-31,84.17
2018-05-30,84.23
2018-05-29,84.36
2018-05-25,83.83
2018-05-24,83.64
2018-05-23,83.45
2018-05-22,83.23
2018-05-21,83.28
2018-05-18,83.24
2018-05-17,83.07
2018-05-16,83.12
2018-05-15,83.18
2018-05-14,83.53
2018-05-11,83.6
2018-05-10,83.56
2018-05-09,83.44
2018-05-08,83.55
2018-05-07,83.65
2018-05-04,83.64
2018-05-03,83.6
2018-05-02,83.55
2018-05-01,83.48
2018-04-30,83.56
2018-04-27,83.58
2018-04-26,83.41
2018-04-25,83.23
2018-04-24,83.29
2018-04-23,83.4
2018-04-20,83.54
2018-04-19,83.71
2018-04-18,83.81
2018-04-17,84.0
2018-04-16,83.95
2018-04-13,83.91
2018-04-12,83.87
2018-04-11,84.01
2018-04-10,83.99
2018-04-09,84.07
2018-04-06,84.03
2018-04-05,83.95
2018-04-04,83.91
2018-04-03,83.95
2018-04-02,84.03
2018-03-29,84.02
2018-03-28,83.92
2018-03-27,83.88
2018-03-26,83.7
2018-03-23,83.75
2018-03-22,83.72
2018-03-21,83.52
2018-03-20,83.54
2018-03-19,83.63
2018-03-16,83.67
2018-03-15,83.79
2018-03-14,83.79
2018-03-13,83.71
2018-03-12,83.62
2018-03-09,83.51
2018-03-08,83.59
2018-03-07,83.43
2018-03-06,83.44
2018-03-05,83.47
2018-03-02,83.57
2018-03-01,83.81
2018-02-28,83.64
2018-02-27,83.42
2018-02-26,83.61
2018-02-23,83.56
2018-02-22,83.41
2018-02-21,83.33
2018-02-20,83.5
2018-02-16,83.56
2018-02-15,83.42
2018-02-14,83.33
2018-02-13,83.67
2018-02-12,83.57
2018-02-09,83.58
2018-02-08,83.62
2018-02-07,83.74
2018-02-06,83.86
2018-02-05,84.08
2018-02-02,83.77
2018-02-01,83.96
2018-01-31,84.2
2018-01-30,84.17
2018-01-29,84.23
2018-01-26,84.38
2018-01-25,84.56
2018-01-24,84.43
2018-01-23,84.51
2018-01-22,84.38
2018-01-19,84.39
2018-01-18,84.54
2018-01-17,84.7
2018-01-16,84.83
2018-01-12,84.84
2018-01-11,84.85
2018-01-10,84.81
2018-01-09,84.81
2018-01-08,85.04
2018-01-05,85.08
2018-01-04,85.12
2018-01-03,85.16
2018-01-02,85.13
2017-12-29,85.18
2017-12-28,85.1
2017-12-27,85.16
2017-12-26,84.97
2017-12-22,84.93
2017-12-21,84.9
2017-12-20,84.85
2017-12-19,84.93
2017-12-18,85.17
2017-12-15,85.25
2017-12-14,85.24
2017-12-13,85.22
2017-12-12,85.03
2017-12-11,85.05
2017-12-08,85.14
2017-12-07,85.16
2017-12-06,85.21
2017-12-05,85.08
2017-12-04,85.05
2017-12-01,85.04
2017-11-30,84.96
2017-11-29,85.1
2017-11-28,85.19
2017-11-27,85.16
2017-11-24,85.15
2017-11-22,85.2
2017-11-21,84.99
2017-11-20,85.0
2017-11-17,85.08
2017-11-16,85.08
2017-11-15,85.18
2017-11-14,85.04
2017-11-13,84.94
2017-11-10,84.93
2017-11-09,85.14
2017-11-08,85.19
2017-11-07,85.27
2017-11-06,85.27
2017-11-03,85.26
2017-11-02,85.12
2017-11-01,85.11
2017-10-31,85.08
2017-10-30,85.1
2017-10-27,84.91
2017-10-26,84.74
2017-10-25,84.79
2017-10-24,84.86
2017-10-23,85.04
2017-10-20,84.97
2017-10-19,85.09
2017-10-18,85.08
2017-10-17,85.26
2017-10-16,85.29
2017-10-13,85.35
2017-10-12,85.21
2017-10-11,85.17
2017-10-10,85.08
2017-10-09,85.07
2017-10-06,85.02
2017-10-05,85.11
2017-10-04,85.21
2017-10-03,85.22
2017-10-02,85.14
2017-09-29,85.07
2017-09-28,85.13
2017-09-27,85.05
2017-09-26,85.28
2017-09-25,85.28
2017-09-22,85.15
2017-09-21,85.1
2017-09-20,85.07
2017-09-19,85.22
2017-09-18,85.22
2017-09-15,85.28
2017-09-14,85.23
2017-09-13,85.23
2017-09-12,85.24
2017-09-11,85.33
2017-09-08,85.47
2017-09-07,85.57
2017-09-06,85.42
2017-09-05,85.51
2017-09-01,85.25
2017-08-31,85.34
2017-08-30,85.24
2017-08-29,85.27
2017-08-28,85.2
2017-08-25,85.14
2017-08-24,85.02
2017-08-23,85.13
2017-08-22,84.96
2017-08-21,85.02
2017-08-18,85.05
2017-08-17,85.03
2017-08-16,84.96
2017-08-15,84.87
2017-08-14,84.96
2017-08-11,84.99
2017-08-10,84.99
2017-08-09,84.91
2017-08-08,84.82
2017-08-07,84.87
2017-08-04,84.83
2017-08-03,85.01
2017-08-02,84.8
2017-08-01,84.85
2017-07-31,84.9
2017-07-28,84.7
2017-07-27,84.59
2017-07-26,84.68
2017-07-25,84.41
2017-07-24,84.71
2017-07-21,84.73
2017-07-20,84.62
2017-07-19,84.64
2017-07-18,84.65
2017-07-17,84.44
2017-07-14,84.51
2017-07-13,84.42
2017-07-12,84.51
2017-07-11,84.27
2017-07-10,84.24
2017-07-07,84.1
2017-07-06,84.1
2017-07-05,84.23
2017-07-03,84.1
2017-06-30,84.46
2017-06-29,84.58
2017-06-28,84.71
2017-06-27,84.61
2017-06-26,84.87
2017-06-23,84.84
2017-06-22,84.85
2017-06-21,84.79
2017-06-20,84.87
2017-06-19,84.76
2017-06-16,84.91
2017-06-15,84.8
2017-06-14,85.0
2017-06-13,84.78
2017-06-12,84.73
2017-06-09,84.8
2017-06-08,84.89
2017-06-07,84.92
2017-06-06,85.04
2017-06-05,84.84
2017-06-02,84.95
2017-06-01,84.74
2017-05-31,84.91
2017-05-30,84.81
2017-05-26,84.73
2017-05-25,84.69
2017-05-24,84.65
2017-05-23,84.45
2017-05-22,84.63
2017-05-19,84.64
2017-05-18,84.63
2017-05-17,84.77
2017-05-16,84.4
2017-05-15,84.28
2017-05-12,84.32
2017-05-11,84.02
2017-05-10,83.98
2017-05-09,84.04
2017-05-08,84.07
2017-05-05,84.2
2017-05-04,84.15
2017-05-03,84.1
2017-05-02,84.27
2017-05-01,84.15
2017-04-28,84.46
2017-04-27,84.35
2017-04-26,84.31
2017-04-25,84.16
2017-04-24,84.45
2017-04-21,84.56
2017-04-20,84.53
2017-04-19,84.64
2017-04-18,84.84
2017-04-17,84.55
2017-04-13,84.54
2017-04-12,84.49
2017-04-11,84.33
2017-04-10,84.08
2017-04-07,83.98
2017-04-06,84.16
2017-04-05,84.24
2017-04-04,84.12
2017-04-03,84.17
2017-03-31,84.11
2017-03-30,83.97
2017-03-29,84.11
2017-03-28,83.88
2017-03-27,84.11
2017-03-24,83.98
2017-03-23,84.01
2017-03-22,84.05
2017-03-21,83.93
2017-03-20,83.74
2017-03-17,83.62
2017-03-16,83.43
2017-03-15,83.63
2017-03-14,82.95
2017-03-13,83.0
2017-03-10,83.21
2017-03-09,83.07
2017-03-08,83.33
2017-03-07,83.47
2017-03-06,83.59
2017-03-03,83.57
2017-03-02,83.51
2017-03-01,83.71
2017-02-28,84.27
2017-02-27,84.07
2017-02-24,84.35
2017-02-23,84.07
2017-02-22,83.91
2017-02-21,83.88
2017-02-17,83.93
2017-02-16,83.81
2017-02-15,83.61
2017-02-14,83.78
2017-02-13,83.87
2017-02-10,83.96
2017-02-09,83.9
2017-02-08,84.13
2017-02-07,83.87
2017-02-06,83.91
2017-02-03,83.66
2017-02-02,83.64
2017-02-01,83.6
2017-01-31,83.86
2017-01-30,83.56
2017-01-27,83.58
2017-01-26,83.46
2017-01-25,83.36
2017-01-24,83.62
2017-01-23,83.84
2017-01-20,83.53
2017-01-19,83.49
2017-01-18,83.54
2017-01-17,84.02
2017-01-13,83.78
2017-01-12,83.96
2017-01-11,83.97
2017-01-10,83.84
2017-01-09,83.82
2017-01-06,83.71
2017-01-05,83.91
2017-01-04,83.65
2017-01-03,83.68
2016-12-30,83.63
2016-12-29,83.48
2016-12-28,83.21
2016-12-27,83.04
2016-12-23,83.1
2016-12-22,83.07
2016-12-21,83.14
2016-12-20,82.93
2016-12-19,83.01
2016-12-16,82.72
2016-12-15,82.72
2016-12-14,83.05
2016-12-13,83.58
2016-12-12,83.6
2016-12-09,83.49
2016-12-08,83.66
2016-12-07,83.79
2016-12-06,83.71
2016-12-05,83.63
2016-12-02,83.59
2016-12-01,83.52
2016-11-30,83.73
2016-11-29,83.92
2016-11-28,83.86
2016-11-25,83.5
2016-11-23,83.59
2016-11-22,83.92
2016-11-21,83.79
2016-11-18,83.85
2016-11-17,84.23
2016-11-16,84.33
2016-11-15,84.35
2016-11-14,84.27
2016-11-11,84.46
2016-11-10,84.48
2016-11-09,84.7
2016-11-08,85.22
2016-11-07,85.36
2016-11-04,85.41
2016-11-03,85.34
2016-11-02,85.4
2016-11-01,85.27
2016-10-31,85.34
2016-10-28,85.3
2016-10-27,85.24
2016-10-26,85.39
2016-10-25,85.44
2016-10-24,85.43
2016-10-21,85.47
2016-10-20,85.42
2016-10-19,85.49
2016-10-18,85.46
2016-10-17,85.38
2016-10-14,85.31
2016-10-13,85.41
2016-10-12,85.34
2016-10-11,85.31
2016-10-10,85.39
2016-10-07,85.44
2016-10-06,85.44
2016-10-05,85.45
2016-10-04,85.44
2016-10-03,85.53
2016-09-30,85.58
2016-09-29,85.61
2016-09-28,85.63
2016-09-27,85.67
2016-09-26,85.64
2016-09-23,85.56
2016-09-22,85.53
2016-09-21,85.45
2016-09-20,85.38
2016-09-19,85.39
2016-09-16,85.42
2016-09-15,85.42
2016-09-14,85.39
2016-09-13,85.32
2016-09-12,85.31
2016-09-09,85.32
2016-09-08,85.48
2016-09-07,85.46
2016-09-06,85.49
2016-09-02,85.32
2016-09-01,85.35
2016-08-31,85.32
2016-08-30,85.36
2016-08-29,85.34
2016-08-26,85.22
2016-08-25,85.3
2016-08-24,85.37
2016-08-23,85.32
2016-08-22,85.28
2016-08-19,85.24
2016-08-18,85.35
2016-08-17,85.25
2016-08-16,85.15
2016-08-15,85.2
2016-08-12,85.27
2016-08-11,85.27
2016-08-10,85.4
2016-08-09,85.3
2016-08-08,85.19
2016-08-05,85.18
2016-08-04,85.3
2016-08-03,85.2
2016-08-02,85.18
2016-08-01,85.26
2016-07-29,85.33
2016-07-28,85.19
2016-07-27,85.19
2016-07-26,85.07
2016-07-25,85.07
2016-07-22,85.07
2016-07-21,85.18
2016-07-20,85.15
2016-07-19,85.17
2016-07-18,85.11
2016-07-15,85.12
2016-07-14,85.16
2016-07-13,85.18
2016-07-12,85.17
2016-07-11,85.22
2016-07-08,85.33
2016-07-07,85.28
2016-07-06,85.3
2016-07-05,85.3
2016-07-01,85.19
2016-06-30,85.07
2016-06-29,84.98
2016-06-28,85.05
2016-06-27,85.05
2016-06-24,84.91
2016-06-23,84.68
2016-06-22,84.71
2016-06-21,84.68
2016-06-20,84.71
2016-06-17,84.83
2016-06-16,84.93
2016-06-15,84.88
2016-06-14,84.83
2016-06-13,84.84
2016-06-10,84.78
2016-06-09,84.77
2016-06-08,84.67
2016-06-07,84.7
2016-06-06,84.67
2016-06-03,84.71
2016-06-02,84.5
2016-06-01,84.44
2016-05-31,84.44
2016-05-27,84.38
2016-05-26,84.42
2016-05-25,84.33
2016-05-24,84.31
2016-05-23,84.39
2016-05-20,84.37
2016-05-19,84.32
2016-05-18,84.36
2016-05-17,84.53
2016-05-16,84.55
2016-05-13,84.59
2016-05-12,84.57
2016-05-11,84.63
2016-05-10,84.58
2016-05-09,84.59
2016-05-06,84.53
2016-05-05,84.48
2016-05-04,84.45
2016-05-03,84.37
2016-05-02,84.32
2016-04-29,84.34
2016-04-28,84.34
2016-04-27,84.19
2016-04-26,84.13
2016-04-25,84.15
2016-04-22,84.15
2016-04-21,84.16
2016-04-20,84.21
2016-04-19,84.29
2016-04-18,84.33
2016-04-15,84.32
2016-04-14,84.29
2016-04-13,84.3
2016-04-12,84.3
2016-04-11,84.35
2016-04-08,84.32
2016-04-07,84.31
2016-04-06,84.26
2016-04-05,84.3
2016-04-04,84.3
2016-04-01,84.22
2016-03-31,84.25
2016-03-30,84.13
2016-03-29,84.13
2016-03-28,83.87
2016-03-24,83.89
2016-03-23,83.95
2016-03-22,83.87
2016-03-21,83.91
2016-03-18,84.0
2016-03-17,83.99
2016-03-16,83.92
2016-03-15,83.77
2016-03-14,83.81
2016-03-11,83.79
2016-03-10,83.82
2016-03-09,83.87
2016-03-08,84.01
2016-03-07,83.87
2016-03-04,83.96
2016-03-03,84.02
2016-03-02,83.99
2016-03-01,83.95
2016-02-29,84.06
2016-02-26,84.01
2016-02-25,84.04
2016-02-24,84.04
2016-02-23,84.09
2016-02-22,83.98
2016-02-19,84.0
2016-02-18,84.11
2016-02-17,83.9
2016-02-16,83.84
2016-02-12,83.91
2016-02-11,84.08
2016-02-10,84.0
2016-02-09,84.0
2016-02-08,83.94
2016-02-05,83.86
2016-02-04,83.84
2016-02-03,83.76
2016-02-02,83.85
2016-02-01,83.67
2016-01-29,83.74
2016-01-28,83.67
2016-01-27,83.52
2016-01-26,83.49
2016-01-25,83.39
2016-01-22,83.36
2016-01-21,83.36
2016-01-20,83.3
2016-01-19,83.33
2016-01-15,83.39
2016-01-14,83.25
2016-01-13,83.24
2016-01-12,83.18
2016-01-11,83.05
2016-01-08,83.13
2016-01-07,83.03
2016-01-06,82.93
2016-01-05,82.66
2016-01-04,82.6
2015-12-31,82.58
2015-12-30,82.53
2015-12-29,82.49
2015-12-28,82.57
2015-12-24,82.54
2015-12-23,82.5
2015-12-22,82.63
2015-12-21,82.71
2015-12-18,82.76
2015-12-17,82.64
2015-12-16,82.42
2015-12-15,82.48
2015-12-14,82.65
2015-12-11,82.8
2015-12-10,82.61
2015-12-09,82.72
2015-12-08,82.78
2015-12-07,82.75
2015-12-04,82.52
2015-12-03,82.45
2015-12-02,82.84
2015-12-01,82.93
2015-11-30,82.7
2015-11-27,82.65
2015-11-25,82.6
2015-11-24,82.6
2015-11-23,82.52
2015-11-20,82.62
2015-11-19,82.71
2015-11-18,82.6
2015-11-17,82.56
2015-11-16,82.57
2015-11-13,82.5
2015-11-12,82.37
2015-11-11,82.44
2015-11-10,82.36
2015-11-09,82.43
2015-11-06,82.37
2015-11-05,82.65
2015-11-04,82.65
2015-11-03,82.74
2015-11-02,82.78
2015-10-30,82.88
2015-10-29,82.72
2015-10-28,82.92
2015-10-27,83.09
2015-10-26,83.03
2015-10-23,83.02
2015-10-22,83.11
2015-10-21,83.09
2015-10-20,82.99
2015-10-19,83.04
2015-10-16,83.01
2015-10-15,83.02
2015-10-14,83.15
2015-10-13,83.03
2015-10-12,83.02
2015-10-09,82.92
2015-10-08,82.92
2015-10-07,82.97
2015-10-06,83.07
2015-10-05,83.04
2015-10-02,83.13
2015-10-01,82.96
2015-09-30,82.84
2015-09-29,82.84
2015-09-28,82.72
2015-09-25,82.58
2015-09-24,82.63
2015-09-23,82.62
2015-09-22,82.67
2015-09-21,82.5
2015-09-18,82.81
2015-09-17,82.64
2015-09-16,82.32
2015-09-15,82.34
2015-09-14,82.58
2015-09-11,82.51
2015-09-10,82.45
2015-09-09,82.48
2015-09-08,82.42
2015-09-04,82.52
2015-09-03,82.55
2015-09-02,82.45
2015-09-01,82.53
2015-08-31,82.34
2015-08-28,82.46
2015-08-27,82.33
2015-08-26,82.19
2015-08-25,82.33
2015-08-24,82.65
2015-08-21,82.51
2015-08-20,82.49
2015-08-19,82.39
2015-08-18,82.2
2015-08-17,82.25
2015-08-14,82.26
2015-08-13,82.3
2015-08-12,82.4
2015-08-11,82.43
2015-08-10,82.17
2015-08-07,82.19
2015-08-06,82.21
2015-08-05,81.99
2015-08-04,82.25
2015-08-03,82.55
2015-07-31,82.37
2015-07-30,82.11
2015-07-29,82.11
2015-07-28,82.13
2015-07-27,82.19
2015-07-24,82.11
2015-07-23,82.1
2015-07-22,82.0
2015-07-21,82.0
2015-07-20,81.9
2015-07-17,81.96
2015-07-16,81.93
2015-07-15,81.9
2015-07-14,81.75
2015-07-13,81.62
2015-07-10,81.66
2015-07-09,81.87
2015-07-08,81.96
2015-07-07,81.85
2015-07-06,81.75
2015-07-02,81.58
2015-07-01,81.51
2015-06-30,81.65
2015-06-29,81.78
2015-06-26,81.35
2015-06-25,81.65
2015-06-24,81.72
2015-06-23,81.6
2015-06-22,81.78
2015-06-19,82.0
2015-06-18,81.95
2015-06-17,81.89
2015-06-16,81.75
2015-06-15,81.65
2015-06-12,81.64
2015-06-11,81.75
2015-06-10,81.41
2015-06-09,81.55
2015-06-08,81.7
2015-06-05,81.65
2015-06-04,81.82
2015-06-03,81.78
2015-06-02,82.09
2015-06-01,82.38
2015-05-29,82.43
2015-05-28,82.42
2015-05-27,82.38
2015-05-26,82.32
2015-05-22,82.23
2015-05-21,82.32
2015-05-20,82.2
2015-05-19,82.13
2015-05-18,82.24
2015-05-15,82.38
2015-05-14,82.17
2015-05-13,82.02
2015-05-12,82.07
2015-05-11,82.05
2015-05-08,82.44
2015-05-07,82.38
2015-05-06,82.2
2015-05-05,82.33
2015-05-04,82.36
2015-05-01,82.44
2015-04-30,82.65
2015-04-29,82.54
2015-04-28,82.57
2015-04-27,82.78
2015-04-24,82.79
2015-04-23,82.62
2015-04-22,82.57
2015-04-21,82.64
2015-04-20,82.7
2015-04-17,82.78
2015-04-16,82.74
2015-04-15,82.79
2015-04-14,82.76
2015-04-13,82.68
2015-04-10,82.58
2015-04-09,82.54
2015-04-08,82.55
2015-04-07,82.59
2015-04-06,82.64
2015-04-02,82.53
2015-04-01,82.66
2015-03-31,82.56
2015-03-30,82.43
2015-03-27,82.45
2015-03-26,82.26
2015-03-25,82.51
2015-03-24,82.57
2015-03-23,82.48
2015-03-20,82.4
2015-03-19,82.37
2015-03-18,82.52
2015-03-17,82.16
2015-03-16,82.16
2015-03-13,82.02
2015-03-12,82.04
2015-03-11,82.09
2015-03-10,82.05
2015-03-09,81.95
2015-03-06,81.78
2015-03-05,82.13
2015-03-04,82.1
2015-03-03,82.01
2015-03-02,82.04
2015-02-27,82.25
2015-02-26,82.01
2015-02-25,82.26
2015-02-24,82.22
2015-02-23,82.0
2015-02-20,81.87
2015-02-19,81.97
2015-02-18,82.03
2015-02-17,81.91
2015-02-13,82.14
2015-02-12,82.12
2015-02-11,82.03
2015-02-10,82.02
2015-02-09,82.06
2015-02-06,82.0
2015-02-05,82.32
2015-02-04,82.26
2015-02-03,82.23
2015-02-02,82.41
2015-01-30,82.35
2015-01-29,82.23
2015-01-28,82.27
2015-01-27,82.1
2015-01-26,82.04
2015-01-23,82.22
2015-01-22,82.04
2015-01-21,81.94
2015-01-20,81.98
2015-01-16,81.98
2015-01-15,82.22
2015-01-14,82.11
2015-01-13,82.04
2015-01-12,82.03
2015-01-09,82.04
2015-01-08,81.95
2015-01-07,81.94
2015-01-06,82.1
2015-01-05,81.87
2015-01-02,81.66
2014-12-31,81.65
2014-12-30,81.59
2014-12-29,81.46
2014-12-26,81.48
2014-12-24,81.42
2014-12-23,81.35
2014-12-22,81.59
2014-12-19,81.61
2014-12-18,81.45
2014-12-17,81.55
2014-12-16,81.66
2014-12-15,81.54
2014-12-12,81.77
2014-12-11,81.55
2014-12-10,81.56
2014-12-09,81.43
2014-12-08,81.31
2014-12-05,81.13
2014-12-04,81.43
2014-12-03,81.36
2014-12-02,81.31
2014-12-01,81.44
2014-11-28,81.5
2014-11-26,81.48
2014-11-25,81.41
2014-11-24,81.34
2014-11-21,81.3
2014-11-20,81.2
2014-11-19,81.07
2014-11-18,81.2
2014-11-17,81.1
2014-11-14,81.11
2014-11-13,81.03
2014-11-12,80.96
2014-11-11,80.96
2014-11-10,80.94
2014-11-07,81.14
2014-11-06,80.82
2014-11-05,80.89
2014-11-04,80.91
2014-11-03,80.9
2014-10-31,81.0
2014-10-30,81.0
2014-10-29,80.93
2014-10-28,81.04
2014-10-27,81.09
2014-10-24,81.07
2014-10-23,81.0
2014-10-22,81.13
2014-10-21,81.1
2014-10-20,81.13
2014-10-17,80.97
2014-10-16,81.1
2014-10-15,81.21
2014-10-14,81.07
2014-10-13,80.93
2014-10-10,80.82
2014-10-09,80.71
2014-10-08,80.93
2014-10-07,80.75
2014-10-06,80.5
2014-10-03,80.46
2014-10-02,80.46
2014-10-01,80.54
2014-09-30,80.18
2014-09-29,80.24
2014-09-26,80.16
2014-09-25,80.25
2014-09-24,80.05
2014-09-23,80.14
2014-09-22,80.08
2014-09-19,79.95
2014-09-18,79.78
2014-09-17,79.73
2014-09-16,79.83
2014-09-15,79.83
2014-09-12,79.73
2014-09-11,79.91
2014-09-10,79.96
2014-09-09,80.13
2014-09-08,80.15
2014-09-05,80.17
2014-09-04,80.17
2014-09-03,80.23
2014-09-02,80.11
2014-08-29,80.36
2014-08-28,80.35
2014-08-27,80.29
2014-08-26,80.22
2014-08-25,80.16
2014-08-22,80.06
2014-08-21,80.07
2014-08-20,79.95
2014-08-19,80.06
2014-08-18,80.17
2014-08-15,80.29
2014-08-14,80.21
2014-08-13,80.17
2014-08-12,79.96
2014-08-11,80.02
2014-08-08,79.99
2014-08-07,80.08
2014-08-06,79.89
2014-08-05,79.91
2014-08-04,79.87
2014-08-01,79.86
2014-07-31,79.6
2014-07-30,79.63
2014-07-29,79.91
2014-07-28,79.86
2014-07-25,79.79
2014-07-24,79.7
2014-07-23,79.95
2014-07-22,79.95
2014-07-21,79.95
2014-07-18,79.67
2014-07-17,79.97
2014-07-16,79.67
2014-07-15,79.7
2014-07-14,79.81
2014-07-11,79.96
2014-07-10,79.8
2014-07-09,79.79
2014-07-08,79.76
2014-07-07,79.67
2014-07-03,79.56
2014-07-02,79.58
2014-07-01,79.84
2014-06-30,79.99
2014-06-27,80.0
2014-06-26,79.98
2014-06-25,79.9
2014-06-24,79.83
2014-06-23,79.75
2014-06-20,79.65
2014-06-19,79.63
2014-06-18,79.65
2014-06-17,79.46
2014-06-16,79.54
2014-06-13,79.57
2014-06-12,79.61
2014-06-11,79.43
2014-06-10,79.42
2014-06-09,79.51
2014-06-06,79.61
2014-06-05,79.54
2014-06-04,79.49
2014-06-03,79.44
2014-06-02,79.65
2014-05-30,79.82
2014-05-29,79.88
2014-05-28,79.95
2014-05-27,79.68
2014-05-23,79.61
2014-05-22,79.57
2014-05-21,79.57
2014-05-20,79.5
2014-05-19,79.35
2014-05-16,79.44
2014-05-15,79.55
2014-05-14,79.45
2014-05-13,79.16
2014-05-12,79.05
2014-05-09,79.3
2014-05-08,79.4
2014-05-07,79.28
2014-05-06,79.14
2014-05-05,79.08
2014-05-02,79.13
2014-05-01,79.02
2014-04-30,78.82
2014-04-29,78.7
2014-04-28,78.64
2014-04-25,78.71
2014-04-24,78.69
2014-04-23,78.55
2014-04-22,78.41
2014-04-21,78.46
2014-04-17,78.41
2014-04-16,78.59
2014-04-15,78.74
2014-04-14,78.77
2014-04-11,78.86
2014-04-10,78.69
2014-04-09,78.57
2014-04-08,78.5
2014-04-07,78.4
2014-04-04,78.22
2014-04-03,77.94
2014-04-02,77.9
2014-04-01,78.02
2014-03-31,78.13
2014-03-28,78.11
2014-03-27,78.2
2014-03-26,78.13
2014-03-25,78.03
2014-03-24,77.98
2014-03-21,77.97
2014-03-20,77.92
2014-03-19,77.99
2014-03-18,78.34
2014-03-17,78.3
2014-03-14,78.45
2014-03-13,78.51
2014-03-12,78.26
2014-03-11,78.07
2014-03-10,78.04
2014-03-07,77.98
2014-03-06,78.14
2014-03-05,78.23
2014-03-04,78.31
2014-03-03,78.59
2014-02-28,78.47
2014-02-27,78.47
2014-02-26,78.35
2014-02-25,78.23
2014-02-24,78.02
2014-02-21,78.07
2014-02-20,77.98
2014-02-19,78.1
2014-02-18,78.12
2014-02-14,78.11
2014-02-13,78.16
2014-02-12,78.02
2014-02-11,78.15
2014-02-10,78.4
2014-02-07,78.23
2014-02-06,78.12
2014-02-05,78.24
2014-02-04,78.4
2014-02-03,78.5
2014-01-31,78.2
2014-01-30,78.06
2014-01-29,78.02
2014-01-28,77.79
2014-01-27,77.77
2014-01-24,77.95
2014-01-23,77.74
2014-01-22,77.53
2014-01-21,77.66
2014-01-17,77.65
2014-01-16,77.54
2014-01-15,77.42
2014-01-14,77.39
2014-01-13,77.59
2014-01-10,77.45
2014-01-09,77.02
2014-01-08,76.92
2014-01-07,77.1
2014-01-06,76.99
2014-01-03,76.81
2014-01-02,76.88
2013-12-31,76.76
2013-12-30,76.93
2013-12-27,76.72
2013-12-26,76.7
2013-12-24,76.69
2013-12-23,76.88
2013-12-20,77.0
2013-12-19,76.74
2013-12-18,76.87
2013-12-17,77.1
2013-12-16,76.94
2013-12-13,76.98
2013-12-12,76.97
2013-12-11,77.09
2013-12-10,77.28
2013-12-09,77.08
2013-12-06,76.94
2013-12-05,76.8
2013-12-04,76.87
2013-12-03,77.03
2013-12-02,77.12
2013-11-29,77.4
2013-11-27,77.4
2013-11-26,77.51
2013-11-25,77.49
2013-11-22,77.47
2013-11-21,77.39
2013-11-20,77.46
2013-11-19,77.64
2013-11-18,77.81
2013-11-15,77.59
2013-11-14,77.57
2013-11-13,77.33
2013-11-12,77.1
2013-11-11,77.06
2013-11-08,77.16
2013-11-07,77.65
2013-11-06,77.57
2013-11-05,77.49
2013-11-04,77.71
2013-11-01,77.58
2013-10-31,77.85
2013-10-30,77.86
2013-10-29,77.97
2013-10-28,77.97
2013-10-25,77.93
2013-10-24,77.88
2013-10-23,77.93
2013-10-22,77.98
2013-10-21,77.54
2013-10-18,77.59
2013-10-17,77.55
2013-10-16,77.23
2013-10-15,77.05
2013-10-14,77.06
2013-10-11,77.13
2013-10-10,77.17
2013-10-09,77.18
2013-10-08,77.19
2013-10-07,77.19
2013-10-04,77.27
2013-10-03,77.38
2013-10-02,77.37
2013-10-01,77.3
2013-09-30,77.38
2013-09-27,77.2
2013-09-26,77.09
2013-09-25,77.24
2013-09-24,77.08
2013-09-23,76.9
2013-09-20,76.77
2013-09-19,76.69
2013-09-18,76.86
2013-09-17,76.15
2013-09-16,76.09
2013-09-13,75.91
2013-09-12,75.77
2013-09-11,75.85
2013-09-10,75.56
2013-09-09,75.7
2013-09-06,75.41
2013-09-05,75.12
2013-09-04,75.68
2013-09-03,75.9
2013-08-30,76.1
2013-08-29,76.16
2013-08-28,76.13
2013-08-27,76.39
2013-08-26,76.05
2013-08-23,75.84
2013-08-22,75.67
2013-08-21,75.57
2013-08-20,75.76
2013-08-19,75.57
2013-08-16,75.81
2013-08-15,76.08
2013-08-14,76.35
2013-08-13,76.42
2013-08-12,76.78
2013-08-09,76.71
2013-08-08,76.61
2013-08-07,76.53
2013-08-06,76.45
2013-08-05,76.49
2013-08-02,76.52
2013-08-01,76.16
2013-07-31,76.61
2013-07-30,76.56
2013-07-29,76.54
2013-07-26,76.55
2013-07-25,76.51
2013-07-24,76.4
2013-07-23,76.65
2013-07-22,76.69
2013-07-19,76.61
2013-07-18,76.33
2013-07-17,76.55
2013-07-16,76.38
2013-07-15,76.33
2013-07-12,76.14
2013-07-11,76.07
2013-07-10,75.79
2013-07-09,76.06
2013-07-08,75.87
2013-07-05,75.6
2013-07-03,76.5
2013-07-02,76.7
2013-07-01,76.84
2013-06-28,76.7
2013-06-27,76.47
2013-06-26,76.11
2013-06-25,75.83
2013-06-24,75.8
2013-06-21,75.93
2013-06-20,76.53
2013-06-19,76.98
2013-06-18,77.45
2013-06-17,77.48
2013-06-14,77.51
2013-06-13,77.45
2013-06-12,77.08
2013-06-11,77.24
2013-06-10,77.15
2013-06-07,77.19
2013-06-06,77.47
2013-06-05,77.22
2013-06-04,77.27
2013-06-03,77.39
2013-05-31,77.47
2013-05-30,77.62
2013-05-29,77.54
2013-05-28,77.42
2013-05-24,77.92
2013-05-23,77.93
2013-05-22,77.91
2013-05-21,78.17
2013-05-20,77.96
2013-05-17,78.23
2013-05-16,78.29
2013-05-15,78.17
2013-05-14,78.18
2013-05-13,78.33
2013-05-10,78.31
2013-05-09,78.4
2013-05-08,78.51
2013-05-07,78.49
2013-05-06,78.5
2013-05-03,78.59
2013-05-02,78.79
2013-05-01,78.88
2013-04-30,78.86
2013-04-29,78.85
2013-04-26,78.82
2013-04-25,78.71
2013-04-24,78.77
2013-04-23,78.79
2013-04-22,78.79
2013-04-19,78.75
2013-04-18,78.7
2013-04-17,78.74
2013-04-16,78.71
2013-04-15,78.74
2013-04-12,78.68
2013-04-11,78.55
2013-04-10,78.52
2013-04-09,78.61
2013-04-08,78.61
2013-04-05,78.7
2013-04-04,78.68
2013-04-03,78.53
2013-04-02,78.49
2013-04-01,78.46
2013-03-28,78.39
2013-03-27,78.38
2013-03-26,78.34
2013-03-25,78.38
2013-03-22,78.31
2013-03-21,78.27
2013-03-20,78.28
2013-03-19,78.32
2013-03-18,78.27
2013-03-15,78.21
2013-03-14,78.16
2013-03-13,78.09
2013-03-12,78.06
2013-03-11,77.98
2013-03-08,78.02
2013-03-07,78.16
2013-03-06,78.3
2013-03-05,78.38
2013-03-04,78.4
2013-03-01,78.42
2013-02-28,78.38
2013-02-27,78.33
2013-02-26,78.34
2013-02-25,78.22
2013-02-22,78.18
2013-02-21,78.16
2013-02-20,78.18
2013-02-19,78.16
2013-02-15,78.16
2013-02-14,78.17
2013-02-13,78.02
2013-02-12,78.06
2013-02-11,78.05
2013-02-08,78.13
2013-02-07,78.13
2013-02-06,78.18
2013-02-05,78.16
2013-02-04,78.19
2013-02-01,78.09
2013-01-31,78.15
2013-01-30,78.12
2013-01-29,78.06
2013-01-28,78.14
2013-01-25,78.19
2013-01-24,78.31
2013-01-23,78.35
2013-01-22,78.3
2013-01-18,78.33
2013-01-17,78.31
2013-01-16,78.37
2013-01-15,78.41
2013-01-14,78.37
2013-01-11,78.32
2013-01-10,78.27
2013-01-09,78.37
2013-01-08,78.5
2013-01-07,78.5
2013-01-04,78.41
2013-01-03,78.47
2013-01-02,78.31
2012-12-31,78.29
2012-12-28,78.37
2012-12-27,78.32
2012-12-26,78.27
2012-12-24,78.29
2012-12-21,78.28
2012-12-20,78.24
2012-12-19,78.25
2012-12-18,78.14
2012-12-17,78.2
2012-12-14,78.24
2012-12-13,78.25
2012-12-12,78.3
2012-12-11,78.3
2012-12-10,78.35
2012-12-07,78.27
2012-12-06,78.29
2012-12-05,78.32
2012-12-04,78.42
2012-12-03,78.32
2012-11-30,78.3
2012-11-29,78.31
2012-11-28,78.31
2012-11-27,78.3
2012-11-26,78.29
2012-11-23,78.26
2012-11-21,78.26
2012-11-20,78.27
2012-11-19,78.31
2012-11-16,78.23
2012-11-15,78.19
2012-11-14,78.16
2012-11-13,78.21
2012-11-12,78.3
2012-11-09,78.29
2012-11-08,78.43
2012-11-07,78.42
2012-11-06,78.42
2012-11-05,78.56
2012-11-02,78.52
2012-11-01,78.49
2012-10-31,78.52
2012-10-26,78.45
2012-10-25,78.38
2012-10-24,78.47
2012-10-23,78.48
2012-10-22,78.4
2012-10-19,78.46
2012-10-18,78.38
2012-10-17,78.43
2012-10-16,78.46
2012-10-15,78.45
2012-10-12,78.56
2012-10-11,78.53
2012-10-10,78.53
2012-10-09,78.46
2012-10-08,78.61
2012-10-05,78.56
2012-10-04,78.54
2012-10-03,78.68
2012-10-02,78.64
2012-10-01,78.69
2012-09-28,78.7
2012-09-27,78.74
2012-09-26,78.85
2012-09-25,78.9
2012-09-24,78.82
2012-09-21,78.76
2012-09-20,78.65
2012-09-19,78.61
2012-09-18,78.53
2012-09-17,78.56
2012-09-14,78.62
2012-09-13,78.7
2012-09-12,78.34
2012-09-11,78.35
2012-09-10,78.45
2012-09-07,78.5
2012-09-06,78.45
2012-09-05,78.53
2012-09-04,78.5
2012-08-31,78.52
2012-08-30,78.41
2012-08-29,78.35
2012-08-28,78.4
2012-08-27,78.39
2012-08-24,78.33
2012-08-23,78.39
2012-08-22,78.34
2012-08-21,78.1
2012-08-20,78.12
2012-08-17,78.07
2012-08-16,78.02
2012-08-15,78.07
2012-08-14,78.25
2012-08-13,78.32
2012-08-10,78.38
2012-08-09,78.32
2012-08-08,78.3
2012-08-07,78.33
2012-08-06,78.4
2012-08-03,78.38
2012-08-02,78.35
2012-08-01,78.35
2012-07-31,78.42
2012-07-30,78.41
2012-07-27,78.33
2012-07-26,78.44
2012-07-25,78.46
2012-07-24,78.43
2012-07-23,78.43
2012-07-20,78.41
2012-07-19,78.33
2012-07-18,78.34
2012-07-17,78.28
2012-07-16,78.23
2012-07-13,78.27
2012-07-12,78.28
2012-07-11,78.21
2012-07-10,78.18
2012-07-09,78.16
2012-07-06,78.1
2012-07-05,78.03
2012-07-03,77.92
2012-07-02,77.92
2012-06-29,77.85
2012-06-28,77.89
2012-06-27,77.86
2012-06-26,77.81
2012-06-25,77.89
2012-06-22,77.83
2012-06-21,77.84
2012-06-20,77.7
2012-06-19,77.8
2012-06-18,77.8
2012-06-15,77.78
2012-06-14,77.74
2012-06-13,77.84
2012-06-12,77.72
2012-06-11,77.71
2012-06-08,77.66
2012-06-07,77.71
2012-06-06,77.63
2012-06-05,77.66
2012-06-04,77.7
2012-06-01,77.81
2012-05-31,77.74
2012-05-30,77.75
2012-05-29,77.68
2012-05-25,77.71
2012-05-24,77.66
2012-05-23,77.71
2012-05-22,77.7
2012-05-21,77.73
2012-05-18,77.77
2012-05-17,77.78
2012-05-16,77.75
2012-05-15,77.68
2012-05-14,77.69
2012-05-11,77.7
2012-05-10,77.63
2012-05-09,77.67
2012-05-08,77.75
2012-05-07,77.75
2012-05-04,77.7
2012-05-03,77.65
2012-05-02,77.59
2012-05-01,77.48
2012-04-30,77.49
2012-04-27,77.53
2012-04-26,77.5
2012-04-25,77.45
2012-04-24,77.48
2012-04-23,77.47
2012-04-20,77.49
2012-04-19,77.45
2012-04-18,77.45
2012-04-17,77.48
2012-04-16,77.52
2012-04-13,77.53
2012-04-12,77.45
2012-04-11,77.47
2012-04-10,77.42
2012-04-09,77.44
2012-04-05,77.13
2012-04-04,76.96
2012-04-03,76.9
2012-04-02,77.14
2012-03-30,77.1
2012-03-29,77.14
2012-03-28,77.12
2012-03-27,77.11
2012-03-26,77.0
2012-03-23,77.03
2012-03-22,76.97
2012-03-21,77.01
2012-03-20,76.81
2012-03-19,76.88
2012-03-16,77.01
2012-03-15,76.94
2012-03-14,76.93
2012-03-13,77.09
2012-03-12,77.18
2012-03-09,77.16
2012-03-08,77.03
2012-03-07,77.04
2012-03-06,77.12
2012-03-05,77.05
2012-03-02,77.08
2012-03-01,77.05
2012-02-29,77.05
2012-02-28,77.1
2012-02-27,77.05
2012-02-24,77.05
2012-02-23,77.1
2012-02-22,77.09
2012-02-21,77.03
2012-02-17,77.06
2012-02-16,77.06
2012-02-15,77.15
2012-02-14,77.18
2012-02-13,77.09
2012-02-10,77.05
2012-02-09,76.96
2012-02-08,77.03
2012-02-07,77.01
2012-02-06,77.05
2012-02-03,77.0
2012-02-02,77.04
2012-02-01,76.99
2012-01-31,76.97
2012-01-30,76.99
2012-01-27,76.97
2012-01-26,76.91
2012-01-25,76.78
2012-01-24,76.68
2012-01-23,76.79
2012-01-20,76.79
2012-01-19,76.86
2012-01-18,76.89
2012-01-17,76.93
2012-01-13,77.0
2012-01-12,76.96
2012-01-11,76.88
2012-01-10,76.83
2012-01-09,76.86
2012-01-06,76.78
2012-01-05,76.69
2012-01-04,76.68
2012-01-03,76.69
2011-12-30,76.76
2011-12-29,76.67
2011-12-28,76.58
2011-12-27,76.49
2011-12-23,76.46
2011-12-22,76.47
2011-12-21,76.44
2011-12-20,76.52
2011-12-19,76.56
2011-12-16,76.51
2011-12-15,76.58
2011-12-14,76.67
2011-12-13,76.61
2011-12-12,76.47
2011-12-09,76.5
2011-12-08,76.55
2011-12-07,76.38
2011-12-06,76.27
2011-12-05,76.26
2011-12-02,76.23
2011-12-01,76.19
2011-11-30,76.18
2011-11-29,76.14
2011-11-28,76.11
2011-11-25,76.01
2011-11-23,76.1
2011-11-22,76.08
2011-11-21,76.08
2011-11-18,76.1
2011-11-17,76.12
2011-11-16,76.17
2011-11-15,76.05
2011-11-14,76.04
2011-11-11,76.0
2011-11-10,76.07
2011-11-09,76.09
2011-11-08,76.07
2011-11-07,76.12
2011-11-04,76.19
2011-11-03,76.08
2011-11-02,76.22
2011-11-01,76.19
2011-10-31,76.09
2011-10-28,75.91
2011-10-27,75.72
2011-10-26,75.83
2011-10-25,75.89
2011-10-24,75.58
2011-10-21,75.76
2011-10-20,75.7
2011-10-19,75.84
2011-10-18,75.76
2011-10-17,75.84
2011-10-14,75.71
2011-10-13,75.76
2011-10-12,75.62
2011-10-11,75.77
2011-10-10,75.53
2011-10-07,75.77
2011-10-06,75.8
2011-10-05,75.99
2011-10-04,76.06
2011-10-03,76.16
2011-09-30,76.06
2011-09-29,75.98
2011-09-28,76.04
2011-09-27,75.98
2011-09-26,76.12
2011-09-23,76.34
2011-09-22,76.57
2011-09-21,76.44
2011-09-20,76.34
2011-09-19,76.33
2011-09-16,76.23
2011-09-15,76.26
2011-09-14,76.3
2011-09-13,76.31
2011-09-12,76.17
2011-09-09,76.31
2011-09-08,76.22
2011-09-07,76.29
2011-09-06,76.33
2011-09-02,76.32
2011-09-01,76.21
2011-08-31,76.05
2011-08-30,76.1
2011-08-29,75.78
2011-08-26,75.89
2011-08-25,75.75
2011-08-24,75.76
2011-08-23,75.94
2011-08-22,76.06
2011-08-19,76.14
2011-08-18,76.38
2011-08-17,76.32
2011-08-16,76.32
2011-08-15,76.32
2011-08-12,76.32
2011-08-11,76.08
2011-08-10,76.37
2011-08-09,75.75
2011-08-08,75.44
2011-08-05,75.35
2011-08-04,75.69
2011-08-03,75.46
2011-08-02,75.41
2011-08-01,75.2
2011-07-29,75.02
2011-07-28,74.75
2011-07-27,74.62
2011-07-26,74.82
2011-07-25,74.68
2011-07-22,74.8
2011-07-21,74.66
2011-07-20,74.75
2011-07-19,74.79
2011-07-18,74.69
2011-07-15,74.74
2011-07-14,74.72
2011-07-13,74.84
2011-07-12,74.67
2011-07-11,74.68
2011-07-08,74.57
2011-07-07,74.27
2011-07-06,74.43
2011-07-05,74.48
2011-07-01,74.27
2011-06-30,74.36
2011-06-29,74.44
2011-06-28,74.39
2011-06-27,74.64
2011-06-24,74.67
2011-06-23,74.65
2011-06-22,74.48
2011-06-21,74.39
2011-06-20,74.44
2011-06-17,74.48
2011-06-16,74.51
2011-06-15,74.52
2011-06-14,74.41
2011-06-13,74.6
2011-06-10,74.61
2011-06-09,74.58
2011-06-08,74.81
2011-06-07,74.78
2011-06-06,74.65
2011-06-03,74.63
2011-06-02,74.49
2011-06-01,74.65
2011-05-31,74.4
2011-05-27,74.34
2011-05-26,74.28
2011-05-25,74.18
2011-05-24,74.18
2011-05-23,74.14
2011-05-20,74.17
2011-05-19,74.09
2011-05-18,74.07
2011-05-17,74.22
2011-05-16,74.16
2011-05-13,74.03
2011-05-12,73.93
2011-05-11,73.89
2011-05-10,73.87
2011-05-09,74.02
2011-05-06,73.95
2011-05-05,73.94
2011-05-04,73.76
2011-05-03,73.64
2011-05-02,73.59
2011-04-29,73.65
2011-04-28,73.54
2011-04-27,73.46
2011-04-26,73.47
2011-04-25,73.35
2011-04-21,73.13
2011-04-20,73.22
2011-04-19,73.3
2011-04-18,73.17
2011-04-15,73.04
2011-04-14,72.85
2011-04-13,72.87
2011-04-12,72.79
2011-04-11,72.56
2011-04-08,72.53
2011-04-07,72.48
2011-04-06,72.57
2011-04-05,72.62
2011-04-04,72.77
2011-04-01,72.81
2011-03-31,72.78
2011-03-30,72.84
2011-03-29,72.67
2011-03-28,72.75
2011-03-25,72.74
2011-03-24,72.78
2011-03-23,72.91
2011-03-22,72.86
2011-03-21,72.9
2011-03-18,73.12
2011-03-17,73.06
2011-03-16,73.34
2011-03-15,73.06
2011-03-14,73.06
2011-03-11,72.9
2011-03-10,72.87
2011-03-09,72.68
2011-03-08,72.56
2011-03-07,72.61
2011-03-04,72.57
2011-03-03,72.37
2011-03-02,72.63
2011-03-01,72.63
2011-02-28,72.58
2011-02-25,72.59
2011-02-24,72.54
2011-02-23,72.35
2011-02-22,72.44
2011-02-18,72.19
2011-02-17,72.13
2011-02-16,72.04
2011-02-15,72.08
2011-02-14,71.86
2011-02-11,71.73
2011-02-10,71.4
2011-02-09,71.46
2011-02-08,71.42
2011-02-07,71.69
2011-02-04,71.84
2011-02-03,71.97
2011-02-02,72.23
2011-02-01,72.26
2011-01-31,72.57
2011-01-28,72.57
2011-01-27,72.49
2011-01-26,72.38
2011-01-25,72.55
2011-01-24,72.47
2011-01-21,72.48
2011-01-20,72.34
2011-01-19,72.52
2011-01-18,72.36
2011-01-14,72.42
2011-01-13,72.53
2011-01-12,72.44
2011-01-11,72.41
2011-01-10,72.54
2011-01-07,72.44
2011-01-06,72.16
2011-01-05,72.07
2011-01-04,72.4
2011-01-03,72.4
2010-12-31,72.49
2010-12-30,72.16
2010-12-29,72.32
2010-12-28,71.83
2010-12-27,72.08
2010-12-23,72.14
2010-12-22,72.24
2010-12-21,72.31
2010-12-20,72.07
2010-12-17,71.87
2010-12-16,71.58
2010-12-15,71.62
2010-12-14,71.74
2010-12-13,72.11
2010-12-10,72.1
2010-12-09,72.22
2010-12-08,72.12
2010-12-07,72.35
2010-12-06,72.79
2010-12-03,72.58
2010-12-02,72.57
2010-12-01,72.48
2010-11-30,72.86
2010-11-29,72.95
2010-11-26,73.01
2010-11-24,72.95
2010-11-23,73.18
2010-11-22,73.09
2010-11-19,72.98
2010-11-18,72.88
2010-11-17,72.88
2010-11-16,72.71
2010-11-15,72.71
2010-11-12,72.89
2010-11-11,72.99
2010-11-10,73.02
2010-11-09,73.16
2010-11-08,73.25
2010-11-05,73.31
2010-11-04,73.36
2010-11-03,73.26
2010-11-02,73.12
2010-11-01,73.04
2010-10-29,72.99
2010-10-28,72.94
2010-10-27,72.99
2010-10-26,73.04
2010-10-25,73.03
2010-10-22,73.1
2010-10-21,73.1
2010-10-20,73.1
2010-10-19,72.98
2010-10-18,72.96
2010-10-15,72.82
2010-10-14,72.94
2010-10-13,73.02
2010-10-12,72.98
2010-10-11,72.84
2010-10-08,72.86
2010-10-07,72.74
2010-10-06,72.62
2010-10-05,72.45
2010-10-04,72.47
2010-10-01,72.45
2010-09-30,72.39
2010-09-29,72.4
2010-09-28,72.5
2010-09-27,72.3
2010-09-24,72.18
2010-09-23,72.26
2010-09-22,72.35
2010-09-21,72.26
2010-09-20,72.2
2010-09-17,72.27
2010-09-16,72.26
2010-09-15,72.3
2010-09-14,72.35
2010-09-13,72.42
2010-09-10,72.24
2010-09-09,72.3
2010-09-08,72.48
2010-09-07,72.54
2010-09-03,72.52
2010-09-02,72.66
2010-09-01,72.66
2010-08-31,72.66
2010-08-30,72.49
2010-08-27,72.31
2010-08-26,72.59
2010-08-25,72.38
2010-08-24,72.34
2010-08-23,72.34
2010-08-20,72.3
2010-08-19,72.39
2010-08-18,72.22
2010-08-17,72.44
2010-08-16,72.56
2010-08-13,72.61
2010-08-12,72.41
2010-08-11,72.61
2010-08-10,72.64
2010-08-09,72.69
2010-08-06,72.72
2010-08-05,72.62
2010-08-04,72.66
2010-08-03,72.72
2010-08-02,72.6
2010-07-30,72.64
2010-07-29,72.6
2010-07-28,72.59
2010-07-27,72.54
2010-07-26,72.51
2010-07-23,72.43
2010-07-22,72.41
2010-07-21,72.47
2010-07-20,72.37
2010-07-19,72.33
2010-07-16,72.44
2010-07-15,72.39
2010-07-14,72.32
2010-07-13,72.21
2010-07-12,72.19
2010-07-09,72.17
2010-07-08,72.12
2010-07-07,72.07
2010-07-06,72.17
2010-07-02,72.01
2010-07-01,72.05
2010-06-30,72.01
2010-06-29,72.09
2010-06-28,72.15
2010-06-25,71.99
2010-06-24,71.92
2010-06-23,72.02
2010-06-22,71.95
2010-06-21,71.88
2010-06-18,71.79
2010-06-17,71.85
2010-06-16,71.61
2010-06-15,71.57
2010-06-14,71.66
2010-06-11,71.62
2010-06-10,71.42
2010-06-09,71.67
2010-06-08,71.56
2010-06-07,71.52
2010-06-04,71.41
2010-06-03,71.23
2010-06-02,71.19
2010-06-01,71.15
2010-05-28,71.11
2010-05-27,70.95
2010-05-26,71.2
2010-05-25,71.19
2010-05-24,71.05
2010-05-21,71.19
2010-05-20,71.22
2010-05-19,71.08
2010-05-18,70.99
2010-05-17,70.89
2010-05-14,70.94
2010-05-13,70.75
2010-05-12,70.64
2010-05-11,70.59
2010-05-10,70.5
2010-05-07,70.5
2010-05-06,70.43
2010-05-05,70.36
2010-05-04,70.27
2010-05-03,70.11
2010-04-30,70.22
2010-04-29,70.13
2010-04-28,70.1
2010-04-27,70.2
2010-04-26,69.99
2010-04-23,69.95
2010-04-22,69.93
2010-04-21,70.03
2010-04-20,69.98
2010-04-19,70.01
2010-04-16,70.06
2010-04-15,69.93
2010-04-14,69.87
2010-04-13,69.98
2010-04-12,69.96
2010-04-09,69.76
2010-04-08,69.62
2010-04-07,69.64
2010-04-06,69.43
2010-04-05,69.28
2010-04-01,69.66
2010-03-31,69.82
2010-03-30,69.84
2010-03-29,69.9
2010-03-26,69.96
2010-03-25,69.85
2010-03-24,69.92
2010-03-23,70.24
2010-03-22,70.23
2010-03-19,70.09
2010-03-18,70.13
2010-03-17,70.18
2010-03-16,70.17
2010-03-15,70.1
2010-03-12,70.03
2010-03-11,69.99
2010-03-10,70.01
2010-03-09,69.98
2010-03-08,69.92
2010-03-05,69.9
2010-03-04,69.96
2010-03-03,69.98
2010-03-02,69.91
2010-03-01,69.81
2010-02-26,69.75
2010-02-25,69.72
2010-02-24,69.66
2010-02-23,69.67
2010-02-22,69.53
2010-02-19,69.48
2010-02-18,69.54
2010-02-17,69.63
2010-02-16,69.8
2010-02-12,69.69
2010-02-11,69.57
2010-02-10,69.67
2010-02-09,69.83
2010-02-08,69.86
2010-02-05,69.84
2010-02-04,69.8
2010-02-03,69.69
2010-02-02,69.69
2010-02-01,69.59
2010-01-29,69.63
2010-01-28,69.6
2010-01-27,69.58
2010-01-26,69.56
2010-01-25,69.56
2010-01-22,69.51
2010-01-21,69.55
2010-01-20,69.49
2010-01-19,69.48
2010-01-15,69.38
2010-01-14,69.23
2010-01-13,69.16
2010-01-12,69.29
2010-01-11,69.01
2010-01-08,69.04
2010-01-07,68.94
2010-01-06,69.05
2010-01-05,69.05
2010-01-04,68.73
2009-12-31,68.67
2009-12-30,68.78
2009-12-29,68.67
2009-12-28,68.62
2009-12-24,68.73
2009-12-23,68.81
2009-12-22,68.87
2009-12-21,69.06
2009-12-18,69.38
2009-12-17,69.55
2009-12-16,69.3
2009-12-15,69.28
2009-12-14,69.41
2009-12-11,69.41
2009-12-10,69.51
2009-12-09,69.59
2009-12-08,69.6
2009-12-07,69.52
2009-12-04,69.3
2009-12-03,69.44
2009-12-02,69.54
2009-12-01,69.62
2009-11-30,69.76
2009-11-27,69.73
2009-11-25,69.66
2009-11-24,69.55
2009-11-23,69.48
2009-11-20,69.44
2009-11-19,69.28
2009-11-18,69.35
2009-11-17,69.38
2009-11-16,69.43
2009-11-13,69.23
2009-11-12,69.22
2009-11-11,69.11
2009-11-10,69.08
2009-11-09,68.95
2009-11-06,68.87
2009-11-05,68.81
2009-11-04,68.75
2009-11-03,68.68
2009-11-02,68.78
2009-10-30,68.81
2009-10-29,68.63
2009-10-28,68.7
2009-10-27,68.59
2009-10-26,68.43
2009-10-23,68.53
2009-10-22,68.52
2009-10-21,68.51
2009-10-20,68.55
2009-10-19,68.53
2009-10-16,68.57
2009-10-15,68.47
2009-10-14,68.63
2009-10-13,68.66
2009-10-12,68.62
2009-10-09,68.5
2009-10-08,68.62
2009-10-07,68.68
2009-10-06,68.54
2009-10-05,68.5
2009-10-02,68.51
2009-10-01,68.5
2009-09-30,68.28
2009-09-29,68.37
2009-09-28,68.38
2009-09-25,68.31
2009-09-24,68.25
2009-09-23,68.17
2009-09-22,68.04
2009-09-21,68.07
2009-09-18,68.1
2009-09-17,68.15
2009-09-16,67.96
2009-09-15,67.95
2009-09-14,67.97
2009-09-11,68.04
2009-09-10,68.02
2009-09-09,67.88
2009-09-08,67.9
2009-09-04,67.82
2009-09-03,67.89
2009-09-02,67.91
2009-09-01,67.74
2009-08-31,67.67
2009-08-28,67.65
2009-08-27,67.49
2009-08-26,67.54
2009-08-25,67.64
2009-08-24,67.45
2009-08-21,67.29
2009-08-20,67.61
2009-08-19,67.42
2009-08-18,67.36
2009-08-17,67.4
2009-08-14,67.4
2009-08-13,67.29
2009-08-12,67.1
2009-08-11,67.09
2009-08-10,66.9
2009-08-07,66.68
2009-08-06,66.8
2009-08-05,66.82
2009-08-04,66.99
2009-08-03,67.06
2009-07-31,67.35
2009-07-30,66.98
2009-07-29,67.09
2009-07-28,67.08
2009-07-27,66.92
2009-07-24,67.03
2009-07-23,66.89
2009-07-22,67.26
2009-07-21,67.31
2009-07-20,67.08
2009-07-17,66.95
2009-07-16,66.96
2009-07-15,66.83
2009-07-14,67.08
2009-07-13,67.15
2009-07-10,67.26
2009-07-09,67.2
2009-07-08,67.19
2009-07-07,66.95
2009-07-06,66.87
2009-07-02,66.78
2009-07-01,66.77
2009-06-30,66.66
2009-06-29,66.79
2009-06-26,66.82
2009-06-25,66.79
2009-06-24,66.52
2009-06-23,66.35
2009-06-22,66.43
2009-06-19,66.25
2009-06-18,66.09
2009-06-17,66.6
2009-06-16,66.48
2009-06-15,66.24
2009-06-12,66.03
2009-06-11,65.79
2009-06-10,65.63
2009-06-09,65.86
2009-06-08,65.89
2009-06-05,66.1
2009-06-04,66.4
2009-06-03,66.56
2009-06-02,66.32
2009-06-01,66.31
2009-05-29,66.51
2009-05-28,66.15
2009-05-27,66.22
2009-05-26,66.79
2009-05-22,66.87
2009-05-21,66.89
2009-05-20,66.98
2009-05-19,66.91
2009-05-18,66.81
2009-05-15,66.98
2009-05-14,66.88
2009-05-13,66.96
2009-05-12,66.91
2009-05-11,66.79
2009-05-08,66.59
2009-05-07,66.55
2009-05-06,66.77
2009-05-05,66.72
2009-05-04,66.65
2009-05-01,66.6
2009-04-30,66.69
2009-04-29,66.78
2009-04-28,66.81
2009-04-27,66.82
2009-04-24,66.73
2009-04-23,66.77
2009-04-22,66.72
2009-04-21,66.78
2009-04-20,66.77
2009-04-17,66.76
2009-04-16,66.78
2009-04-15,66.9
2009-04-14,66.85
2009-04-13,66.88
2009-04-09,66.84
2009-04-08,66.83
2009-04-07,66.7
2009-04-06,66.58
2009-04-03,66.55
2009-04-02,66.58
2009-04-01,66.6
2009-03-31,66.59
2009-03-30,66.55
2009-03-27,66.5
2009-03-26,66.48
2009-03-25,66.41
2009-03-24,66.39
2009-03-23,66.45
2009-03-20,66.56
2009-03-19,66.44
2009-03-18,66.55
2009-03-17,66.14
2009-03-16,66.06
2009-03-13,66.09
2009-03-12,66.09
2009-03-11,66.03
2009-03-10,65.93
2009-03-09,65.92
2009-03-06,65.87
2009-03-05,65.89
2009-03-04,65.8
2009-03-03,65.84
2009-03-02,65.82
2009-02-27,65.74
2009-02-26,65.69
2009-02-25,65.73
2009-02-24,65.65
2009-02-23,65.73
2009-02-20,65.71
2009-02-19,65.74
2009-02-18,65.83
2009-02-17,65.9
2009-02-13,65.85
2009-02-12,65.9
2009-02-11,65.62
2009-02-10,65.65
2009-02-09,65.43
2009-02-06,65.45
2009-02-05,65.5
2009-02-04,65.45
2009-02-03,65.54
2009-02-02,65.28
2009-01-30,65.48
2009-01-29,65.47
2009-01-28,65.71
2009-01-27,65.71
2009-01-26,65.64
2009-01-23,65.61
2009-01-22,65.72
2009-01-21,65.64
2009-01-20,65.87
2009-01-16,65.96
2009-01-15,66.15
2009-01-14,66.06
2009-01-13,66.09
2009-01-12,66.31
2009-01-09,66.31
2009-01-08,66.46
2009-01-07,66.21
2009-01-06,66.17
2009-01-05,65.81
2009-01-02,65.57
2008-12-31,65.59
2008-12-30,65.49
2008-12-29,65.69
2008-12-26,65.45
2008-12-24,65.38
2008-12-23,65.21
2008-12-22,65.38
2008-12-19,65.57
2008-12-18,65.55
2008-12-17,65.46
2008-12-16,65.38
2008-12-15,65.23
2008-12-12,65.32
2008-12-11,65.23
2008-12-10,65.21
2008-12-09,64.92
2008-12-08,64.77
2008-12-05,64.78
2008-12-04,64.88
2008-12-03,64.54
2008-12-02,64.7
2008-12-01,64.66
2008-11-28,64.48
2008-11-26,64.49
2008-11-25,64.55
2008-11-24,63.72
2008-11-21,63.83
2008-11-20,63.67
2008-11-19,63.23
2008-11-18,63.44
2008-11-17,63.27
2008-11-14,63.17
2008-11-13,63.23
2008-11-12,63.34
2008-11-11,63.18
2008-11-10,63.32
2008-11-07,63.37
2008-11-06,63.5
2008-11-05,63.62
2008-11-04,63.09
2008-11-03,62.31
2008-10-31,61.87
2008-10-30,61.42
2008-10-29,61.93
2008-10-28,61.93
2008-10-27,62.27
2008-10-24,62.45
2008-10-23,63.27
2008-10-22,63.54
2008-10-21,63.28
2008-10-20,63.1
2008-10-17,62.77
2008-10-16,62.4
2008-10-15,61.53
2008-10-14,62.31
2008-10-13,61.56
2008-10-10,61.99
2008-10-09,62.87
2008-10-08,62.9
2008-10-07,63.48
2008-10-06,62.86
2008-10-03,63.41
2008-10-02,63.32
2008-10-01,62.83
2008-09-30,62.97
2008-09-29,62.71
2008-09-26,62.89
2008-09-25,63.2
2008-09-24,63.14
2008-09-23,62.88
2008-09-22,63.11
2008-09-19,63.29
2008-09-18,63.26
2008-09-17,63.86
2008-09-16,63.47
2008-09-15,63.83
2008-09-12,63.45
2008-09-11,63.62
2008-09-10,63.6
2008-09-09,63.74
2008-09-08,63.77
2008-09-05,62.7
2008-09-04,62.78
2008-09-03,62.54
2008-09-02,62.6
2008-08-29,62.31
2008-08-28,62.4
2008-08-27,62.27
2008-08-26,62.38
2008-08-25,62.1
2008-08-22,61.84
2008-08-21,61.97
2008-08-20,62.11
2008-08-19,61.73
2008-08-18,61.68
2008-08-15,61.68
2008-08-14,61.39
2008-08-13,61.26
2008-08-12,61.39
2008-08-11,61.2
2008-08-08,61.58
2008-08-07,61.33
2008-08-06,61.02
2008-08-05,61.18
2008-08-04,61.4
2008-08-01,61.59
2008-07-31,61.67
2008-07-30,61.48
2008-07-29,61.31
2008-07-28,61.55
2008-07-25,61.21
2008-07-24,61.52
2008-07-23,60.97
2008-07-22,60.99
2008-07-21,61.02
2008-07-18,60.83
2008-07-17,61.0
2008-07-16,61.67
2008-07-15,62.04
2008-07-14,62.03
2008-07-11,61.74
2008-07-10,62.18
2008-07-09,62.12
2008-07-08,61.85
2008-07-07,61.35
2008-07-03,61.41
2008-07-02,61.46
2008-07-01,61.6
2008-06-30,61.66
2008-06-27,61.62
2008-06-26,61.31
2008-06-25,61.22
2008-06-24,61.22
2008-06-23,61.07
2008-06-20,61.24
2008-06-19,61.14
2008-06-18,61.3
2008-06-17,60.97
2008-06-16,60.67
2008-06-13,60.73
2008-06-12,60.81
2008-06-11,61.3
2008-06-10,60.99
2008-06-09,61.38
2008-06-06,61.75
2008-06-05,61.53
2008-06-04,61.78
2008-06-03,62.06
2008-06-02,61.93
2008-05-30,61.73
2008-05-29,61.63
2008-05-28,61.79
2008-05-27,62.13
2008-05-23,62.27
2008-05-22,62.17
2008-05-21,62.45
2008-05-20,62.54
2008-05-19,62.42
2008-05-16,62.28
2008-05-15,62.32
2008-05-14,61.98
2008-05-13,61.91
2008-05-12,62.19
2008-05-09,62.36
2008-05-08,62.37
2008-05-07,62.26
2008-05-06,62.11
2008-05-05,62.13
2008-05-02,62.11
2008-05-01,62.26
2008-04-30,62.2
2008-04-29,61.98
2008-04-28,61.9
2008-04-25,61.74
2008-04-24,61.8
2008-04-23,62.01
2008-04-22,62.13
2008-04-21,62.0
2008-04-18,61.81
2008-04-17,61.69
2008-04-16,61.64
2008-04-15,61.96
2008-04-14,62.23
2008-04-11,62.38
2008-04-10,62.24
2008-04-09,62.28
2008-04-08,62.17
2008-04-07,62.19
2008-04-04,62.36
2008-04-03,62.01
2008-04-02,61.77
2008-04-01,61.95
2008-03-31,62.18
2008-03-28,62.1
2008-03-27,61.89
2008-03-26,61.99
2008-03-25,61.93
2008-03-24,61.82
2008-03-20,62.31
2008-03-19,62.35
2008-03-18,62.1
2008-03-17,62.38
2008-03-14,61.72
2008-03-13,61.51
2008-03-12,61.75
2008-03-11,61.06
2008-03-10,61.1
2008-03-07,60.93
2008-03-06,60.53
2008-03-05,60.66
2008-03-04,61.24
2008-03-03,61.63
2008-02-29,61.86
2008-02-28,61.57
2008-02-27,61.15
2008-02-26,60.84
2008-02-25,60.65
2008-02-22,60.91
2008-02-21,61.17
2008-02-20,60.82
2008-02-19,60.74
2008-02-15,61.28
2008-02-14,61.25
2008-02-13,61.57
2008-02-12,61.72
2008-02-11,61.84
2008-02-08,61.82
2008-02-07,61.62
2008-02-06,61.91
2008-02-05,62.0
2008-02-04,61.82
2008-02-01,61.94
2008-01-31,61.92
2008-01-30,61.78
2008-01-29,61.77
2008-01-28,61.82
2008-01-25,61.81
2008-01-24,61.6
2008-01-23,61.96
2008-01-22,62.08
2008-01-18,61.7
2008-01-17,61.81
2008-01-16,61.56
2008-01-15,61.85
2008-01-14,61.64
2008-01-11,61.67
2008-01-10,61.35
2008-01-09,61.46
2008-01-08,61.41
2008-01-07,61.51
2008-01-04,61.3
2008-01-03,61.24
2008-01-02,61.21
2007-12-31,60.87
2007-12-28,60.8
2007-12-27,60.39
2007-12-26,60.17
2007-12-24,60.25
2007-12-21,60.43
2007-12-20,60.65
2007-12-19,60.72
2007-12-18,60.45
2007-12-17,60.33
2007-12-14,60.26
2007-12-13,60.31
2007-12-12,60.56
2007-12-11,60.58
2007-12-10,60.24
2007-12-07,60.29
2007-12-06,60.56
2007-12-05,60.8
2007-12-04,60.9
2007-12-03,60.84
2007-11-30,60.69
2007-11-29,60.64
2007-11-28,60.41
2007-11-27,60.29
2007-11-26,60.57
2007-11-23,60.3
2007-11-21,60.15
2007-11-20,59.95
2007-11-19,60.11
2007-11-16,59.95
2007-11-15,60.04
2007-11-14,59.88
2007-11-13,59.88
2007-11-12,59.91
2007-11-09,59.79
2007-11-08,59.6
2007-11-07,59.55
2007-11-06,59.52
2007-11-05,59.74
2007-11-02,60.0
2007-11-01,59.93
2007-10-31,59.76
2007-10-30,59.87
2007-10-29,59.83
2007-10-26,59.81
2007-10-25,59.9
2007-10-24,59.84
2007-10-23,59.7
2007-10-22,59.66
2007-10-19,59.7
2007-10-18,59.36
2007-10-17,59.26
2007-10-16,59.17
2007-10-15,59.12
2007-10-12,59.08
2007-10-11,59.16
2007-10-10,59.1
2007-10-09,59.09
2007-10-08,59.15
2007-10-05,59.04
2007-10-04,59.29
2007-10-03,59.2
2007-10-02,59.26
2007-10-01,59.26
2007-09-28,59.09
2007-09-27,59.13
2007-09-26,58.98
2007-09-25,59.0
2007-09-24,58.96
2007-09-21,59.0
2007-09-20,58.87
2007-09-19,59.29
2007-09-18,59.23
2007-09-17,59.16
2007-09-14,59.11
2007-09-13,59.05
2007-09-12,59.17
2007-09-11,59.26
2007-09-10,59.4
2007-09-07,59.3
2007-09-06,58.85
2007-09-05,58.8
2007-09-04,58.64
2007-08-31,58.86
2007-08-30,58.75
2007-08-29,58.74
2007-08-28,58.81
2007-08-27,58.8
2007-08-24,58.58
2007-08-23,58.53
2007-08-22,58.45
2007-08-21,58.51
2007-08-20,58.39
2007-08-17,58.33
2007-08-16,58.2
2007-08-15,57.95
2007-08-14,58.16
2007-08-13,58.11
2007-08-10,58.13
2007-08-09,58.17
2007-08-08,58.05
2007-08-07,58.25
2007-08-06,58.14
2007-08-03,58.25
2007-08-02,58.03
2007-08-01,58.01
2007-07-31,57.88
2007-07-30,57.85
2007-07-27,57.89
2007-07-26,57.97
2007-07-25,57.75
2007-07-24,57.74
2007-07-23,57.75
2007-07-20,57.75
2007-07-19,57.61
2007-07-18,57.58
2007-07-17,57.49
2007-07-16,57.54
2007-07-13,57.4
2007-07-12,57.44
2007-07-11,57.48
2007-07-10,57.53
2007-07-09,57.33
2007-07-06,57.29
2007-07-05,57.41
2007-07-03,57.62
2007-07-02,57.66
2007-06-29,57.48
2007-06-28,57.38
2007-06-27,57.47
2007-06-26,57.44
2007-06-25,57.43
2007-06-22,57.29
2007-06-21,57.24
2007-06-20,57.38
2007-06-19,57.54
2007-06-18,57.28
2007-06-15,57.22
2007-06-14,57.04
2007-06-13,57.05
2007-06-12,56.89
2007-06-11,57.25
2007-06-08,57.45
2007-06-07,57.31
2007-06-06,57.66
2007-06-05,57.7
2007-06-04,57.79
2007-06-01,57.75
2007-05-31,57.88
2007-05-30,57.95
2007-05-29,57.92
2007-05-25,57.93
2007-05-24,57.95
2007-05-23,57.95
2007-05-22,58.01
2007-05-21,58.04
2007-05-18,57.74
2007-05-17,58.16
2007-05-16,58.27
2007-05-15,58.24
2007-05-14,58.24
2007-05-11,58.28
2007-05-10,58.34
2007-05-09,58.23
2007-05-08,58.39
2007-05-07,58.33
2007-05-04,58.33
2007-05-03,58.19
2007-05-02,58.26
2007-05-01,58.24
2007-04-30,58.24
2007-04-27,58.13
2007-04-26,58.15
2007-04-25,58.23
2007-04-24,58.25
2007-04-23,58.19
2007-04-20,58.05
2007-04-19,58.18
2007-04-18,58.14
2007-04-17,58.08
2007-04-16,57.96
2007-04-13,57.84
2007-04-12,57.91
2007-04-11,57.93
2007-04-10,58.04
2007-04-09,58.0
2007-04-05,58.05
2007-04-04,58.02
2007-04-03,58.02
2007-04-02,58.02
2007-03-30,57.97
2007-03-29,57.94
2007-03-28,58.02
2007-03-27,58.02
2007-03-26,58.05
2007-03-23,58.04
2007-03-22,58.04
2007-03-21,58.12
2007-03-20,58.04
2007-03-19,57.98
2007-03-16,57.98
