date,MUB
2025-12-23,106.82
2025-12-22,106.73
2025-12-19,106.71
2025-12-18,106.73
2025-12-17,106.67
2025-12-16,106.7
2025-12-15,106.55
2025-12-12,106.56
2025-12-11,106.68
2025-12-10,106.68
2025-12-09,106.51
2025-12-08,106.56
2025-12-05,106.62
2025-12-04,106.57
2025-12-03,106.58
2025-12-02,106.53
2025-12-01,106.58
2025-11-28,106.86
2025-11-26,106.83
2025-11-25,106.68
2025-11-24,106.63
2025-11-21,106.58
2025-11-20,106.54
2025-11-19,106.47
2025-11-18,106.63
2025-11-17,106.51
2025-11-14,106.39
2025-11-13,106.61
2025-11-12,106.79
2025-11-11,106.96
2025-11-10,106.69
2025-11-07,106.64
2025-11-06,106.65
2025-11-05,106.41
2025-11-04,106.65
2025-11-03,106.48
2025-10-31,106.63
2025-10-30,106.51
2025-10-29,106.55
2025-10-28,106.7
2025-10-27,106.76
2025-10-24,106.75
2025-10-23,106.68
2025-10-22,106.75
2025-10-21,106.73
2025-10-20,106.66
2025-10-17,106.57
2025-10-16,106.57
2025-10-15,106.25
2025-10-14,106.1
2025-10-13,106.16
2025-10-10,106.0
2025-10-09,105.72
2025-10-08,105.73
2025-10-07,105.7
2025-10-06,105.62
2025-10-03,105.54
2025-10-02,105.52
2025-10-01,105.55
2025-09-30,105.36
2025-09-29,105.29
2025-09-26,105.13
2025-09-25,105.12
2025-09-24,105.22
2025-09-23,105.3
2025-09-22,105.35
2025-09-19,105.34
2025-09-18,105.45
2025-09-17,105.53
2025-09-16,105.55
2025-09-15,105.5
2025-09-12,105.3
2025-09-11,105.35
2025-09-10,104.96
2025-09-09,104.55
2025-09-08,104.71
2025-09-05,104.13
2025-09-04,103.44
2025-09-03,103.12
2025-09-02,102.87
2025-08-29,103.07
2025-08-28,103.15
2025-08-27,103.05
2025-08-26,102.94
2025-08-25,102.86
2025-08-22,102.84
2025-08-21,102.53
2025-08-20,102.67
2025-08-19,102.71
2025-08-18,102.66
2025-08-15,102.67
2025-08-14,102.67
2025-08-13,102.83
2025-08-12,102.76
2025-08-11,102.76
2025-08-08,102.64
2025-08-07,102.69
2025-08-06,102.65
2025-08-05,102.79
2025-08-04,102.7
2025-08-01,102.72
2025-07-31,102.21
2025-07-30,101.97
2025-07-29,102.2
2025-07-28,101.97
2025-07-25,101.96
2025-07-24,101.84
2025-07-23,101.89
2025-07-22,101.96
2025-07-21,101.9
2025-07-18,101.59
2025-07-17,101.61
2025-07-16,101.76
2025-07-15,101.99
2025-07-14,102.17
2025-07-11,102.29
2025-07-10,102.59
2025-07-09,102.59
2025-07-08,102.47
2025-07-07,102.62
2025-07-03,102.6
2025-07-02,102.69
2025-07-01,102.62
2025-06-30,102.53
2025-06-27,102.37
2025-06-26,102.4
2025-06-25,102.25
2025-06-24,102.27
2025-06-23,102.14
2025-06-20,102.02
2025-06-18,102.03
2025-06-17,102.13
2025-06-16,102.02
2025-06-13,101.94
2025-06-12,102.16
2025-06-11,101.71
2025-06-10,101.51
2025-06-09,101.54
2025-06-06,101.27
2025-06-05,101.61
2025-06-04,101.62
2025-06-03,101.37
2025-06-02,101.35
2025-05-30,101.64
2025-05-29,101.78
2025-05-28,101.68
2025-05-27,101.86
2025-05-23,101.54
2025-05-22,101.49
2025-05-21,101.47
2025-05-20,101.96
2025-05-19,102.22
2025-05-16,102.29
2025-05-15,102.19
2025-05-14,101.81
2025-05-13,102.21
2025-05-12,101.99
2025-05-09,102.06
2025-05-08,101.97
2025-05-07,102.31
2025-05-06,102.18
2025-05-05,101.79
2025-05-02,102.03
2025-05-01,102.17
2025-04-30,102.22
2025-04-29,101.88
2025-04-28,101.75
2025-04-25,101.53
2025-04-24,101.4
2025-04-23,101.01
2025-04-22,100.66
2025-04-21,100.5
2025-04-17,101.12
2025-04-16,101.18
2025-04-15,100.94
2025-04-14,100.74
2025-04-11,99.86
2025-04-10,100.49
2025-04-09,100.84
2025-04-08,99.92
2025-04-07,101.33
2025-04-04,103.21
2025-04-03,103.26
2025-04-02,102.76
2025-04-01,102.98
2025-03-31,102.64
2025-03-28,102.4
2025-03-27,101.93
2025-03-26,102.06
2025-03-25,102.55
2025-03-24,102.74
2025-03-21,103.02
2025-03-20,103.21
2025-03-19,103.14
2025-03-18,103.14
2025-03-17,103.05
2025-03-14,103.05
2025-03-13,103.0
2025-03-12,102.93
2025-03-11,103.37
2025-03-10,103.68
2025-03-07,103.58
2025-03-06,103.63
2025-03-05,103.97
2025-03-04,104.12
2025-03-03,104.46
2025-02-28,104.55
2025-02-27,104.29
2025-02-26,104.47
2025-02-25,104.34
2025-02-24,103.99
2025-02-21,103.97
2025-02-20,103.73
2025-02-19,103.61
2025-02-18,103.4
2025-02-14,103.6
2025-02-13,103.44
2025-02-12,103.04
2025-02-11,103.49
2025-02-10,103.62
2025-02-07,103.61
2025-02-06,103.83
2025-02-05,103.95
2025-02-04,103.59
2025-02-03,103.34
2025-01-31,103.18
2025-01-30,103.34
2025-01-29,103.17
2025-01-28,103.32
2025-01-27,103.46
2025-01-24,102.94
2025-01-23,102.68
2025-01-22,102.96
2025-01-21,103.02
2025-01-17,102.88
2025-01-16,102.65
2025-01-15,102.59
2025-01-14,102.03
2025-01-13,102.14
2025-01-10,102.32
2025-01-08,102.75
2025-01-07,103.07
2025-01-06,103.28
2025-01-03,103.22
2025-01-02,103.32
2024-12-31,103.19
2024-12-30,103.22
2024-12-27,102.81
2024-12-26,102.8
2024-12-24,102.8
2024-12-23,102.76
2024-12-20,102.85
2024-12-19,102.44
2024-12-18,102.96
2024-12-17,103.54
2024-12-16,103.83
2024-12-13,103.62
2024-12-12,103.96
2024-12-11,104.23
2024-12-10,104.53
2024-12-09,104.71
2024-12-06,104.87
2024-12-05,104.73
2024-12-04,104.83
2024-12-03,104.66
2024-12-02,104.68
2024-11-29,104.59
2024-11-27,104.35
2024-11-26,104.16
2024-11-25,104.08
2024-11-22,103.69
2024-11-21,103.63
2024-11-20,103.67
2024-11-19,103.67
2024-11-18,103.58
2024-11-15,103.52
2024-11-14,103.24
2024-11-13,103.19
2024-11-12,103.17
2024-11-11,103.46
2024-11-08,103.54
2024-11-07,102.69
2024-11-06,102.08
2024-11-05,103.4
2024-11-04,103.26
2024-11-01,102.88
2024-10-31,102.88
2024-10-30,102.87
2024-10-29,102.8
2024-10-28,102.94
2024-10-25,102.84
2024-10-24,102.73
2024-10-23,102.51
2024-10-22,103.09
2024-10-21,103.36
2024-10-18,103.73
2024-10-17,103.68
2024-10-16,103.85
2024-10-15,103.84
2024-10-14,103.45
2024-10-11,103.61
2024-10-10,103.63
2024-10-09,103.52
2024-10-08,103.75
2024-10-07,103.68
2024-10-04,103.83
2024-10-03,104.27
2024-10-02,104.44
2024-10-01,104.49
2024-09-30,104.15
2024-09-27,104.22
2024-09-26,103.9
2024-09-25,103.89
2024-09-24,104.01
2024-09-23,103.95
2024-09-20,103.89
2024-09-19,103.93
2024-09-18,104.06
2024-09-17,104.1
2024-09-16,104.15
2024-09-13,103.97
2024-09-12,103.89
2024-09-11,103.9
2024-09-10,103.95
2024-09-09,103.72
2024-09-06,103.69
2024-09-05,103.68
2024-09-04,103.42
2024-09-03,103.26
2024-08-30,102.97
2024-08-29,103.13
2024-08-28,103.13
2024-08-27,103.27
2024-08-26,103.3
2024-08-23,103.4
2024-08-22,103.1
2024-08-21,103.3
2024-08-20,103.2
2024-08-19,103.14
2024-08-16,103.08
2024-08-15,103.02
2024-08-14,103.35
2024-08-13,103.21
2024-08-12,103.09
2024-08-09,102.99
2024-08-08,102.79
2024-08-07,102.94
2024-08-06,103.3
2024-08-05,103.48
2024-08-02,103.53
2024-08-01,102.88
2024-07-31,102.73
2024-07-30,102.47
2024-07-29,102.39
2024-07-26,102.36
2024-07-25,102.14
2024-07-24,102.1
2024-07-23,102.39
2024-07-22,102.3
2024-07-19,102.25
2024-07-18,102.42
2024-07-17,102.56
2024-07-16,102.47
2024-07-15,102.31
2024-07-12,102.41
2024-07-11,102.27
2024-07-10,101.95
2024-07-09,102.05
2024-07-08,102.11
2024-07-05,102.05
2024-07-03,101.8
2024-07-02,101.54
2024-07-01,101.25
2024-06-28,101.4
2024-06-27,101.66
2024-06-26,101.41
2024-06-25,101.73
2024-06-24,101.67
2024-06-21,101.65
2024-06-20,101.69
2024-06-18,101.94
2024-06-17,101.7
2024-06-14,101.93
2024-06-13,101.8
2024-06-12,101.51
2024-06-11,101.03
2024-06-10,100.93
2024-06-07,101.03
2024-06-06,101.53
2024-06-05,101.33
2024-06-04,100.94
2024-06-03,100.57
2024-05-31,100.36
2024-05-30,100.21
2024-05-29,100.01
2024-05-28,100.4
2024-05-24,100.38
2024-05-23,100.47
2024-05-22,100.83
2024-05-21,101.05
2024-05-20,101.05
2024-05-17,101.19
2024-05-16,101.56
2024-05-15,101.71
2024-05-14,101.42
2024-05-13,101.37
2024-05-10,101.37
2024-05-09,101.6
2024-05-08,101.57
2024-05-07,101.64
2024-05-06,101.37
2024-05-03,101.24
2024-05-02,100.95
2024-05-01,100.8
2024-04-30,100.67
2024-04-29,100.72
2024-04-26,100.47
2024-04-25,100.48
2024-04-24,100.77
2024-04-23,100.85
2024-04-22,100.9
2024-04-19,100.8
2024-04-18,100.73
2024-04-17,100.7
2024-04-16,100.56
2024-04-15,100.75
2024-04-12,100.91
2024-04-11,100.57
2024-04-10,100.51
2024-04-09,101.2
2024-04-08,100.94
2024-04-05,100.77
2024-04-04,101.16
2024-04-03,101.04
2024-04-02,101.11
2024-04-01,101.32
2024-03-28,101.63
2024-03-27,101.72
2024-03-26,101.56
2024-03-25,101.58
2024-03-22,101.95
2024-03-21,101.81
2024-03-20,101.83
2024-03-19,101.81
2024-03-18,101.69
2024-03-15,101.68
2024-03-14,101.73
2024-03-13,102.03
2024-03-12,102.08
2024-03-11,102.14
2024-03-08,102.17
2024-03-07,102.18
2024-03-06,101.99
2024-03-05,102.02
2024-03-04,101.66
2024-03-01,101.89
2024-02-29,101.73
2024-02-28,101.62
2024-02-27,101.5
2024-02-26,101.53
2024-02-23,101.73
2024-02-22,101.42
2024-02-21,101.63
2024-02-20,101.63
2024-02-16,101.66
2024-02-15,101.75
2024-02-14,101.42
2024-02-13,101.22
2024-02-12,101.63
2024-02-09,101.49
2024-02-08,101.4
2024-02-07,101.49
2024-02-06,101.6
2024-02-05,101.2
2024-02-02,101.71
2024-02-01,102.47
2024-01-31,101.95
2024-01-30,101.67
2024-01-29,101.59
2024-01-26,101.2
2024-01-25,101.37
2024-01-24,101.06
2024-01-23,100.99
2024-01-22,101.06
2024-01-19,101.04
2024-01-18,101.13
2024-01-17,101.5
2024-01-16,101.82
2024-01-12,102.08
2024-01-11,102.06
2024-01-10,101.8
2024-01-09,101.92
2024-01-08,101.94
2024-01-05,101.58
2024-01-04,101.72
2024-01-03,101.81
2024-01-02,101.76
2023-12-29,101.9
2023-12-28,101.98
2023-12-27,102.24
2023-12-26,101.83
2023-12-22,101.79
2023-12-21,101.71
2023-12-20,101.71
2023-12-19,101.56
2023-12-18,101.45
2023-12-15,101.57
2023-12-14,101.56
2023-12-13,101.05
2023-12-12,100.46
2023-12-11,100.37
2023-12-08,100.44
2023-12-07,100.51
2023-12-06,100.52
2023-12-05,100.35
2023-12-04,100.06
2023-12-01,100.21
2023-11-30,99.65
2023-11-29,99.77
2023-11-28,99.15
2023-11-27,98.89
2023-11-24,98.58
2023-11-22,98.8
2023-11-21,98.6
2023-11-20,98.4
2023-11-17,98.05
2023-11-16,97.99
2023-11-15,97.63
2023-11-14,97.84
2023-11-13,97.03
2023-11-10,96.91
2023-11-09,96.58
2023-11-08,96.99
2023-11-07,96.55
2023-11-06,95.93
2023-11-03,96.13
2023-11-02,95.48
2023-11-01,94.67
2023-10-31,94.27
2023-10-30,94.23
2023-10-27,94.46
2023-10-26,94.57
2023-10-25,94.22
2023-10-24,94.63
2023-10-23,94.56
2023-10-20,94.61
2023-10-19,94.34
2023-10-18,94.77
2023-10-17,94.95
2023-10-16,95.42
2023-10-13,95.79
2023-10-12,95.62
2023-10-11,96.08
2023-10-10,95.62
2023-10-09,95.38
2023-10-06,94.77
2023-10-05,95.17
2023-10-04,95.04
2023-10-03,94.76
2023-10-02,95.13
2023-09-29,95.46
2023-09-28,95.5
2023-09-27,95.72
2023-09-26,95.97
2023-09-25,96.07
2023-09-22,96.78
2023-09-21,96.72
2023-09-20,97.34
2023-09-19,97.41
2023-09-18,97.58
2023-09-15,97.48
2023-09-14,97.54
2023-09-13,97.74
2023-09-12,97.69
2023-09-11,97.68
2023-09-08,97.68
2023-09-07,97.55
2023-09-06,97.74
2023-09-05,97.6
2023-09-01,97.85
2023-08-31,97.96
2023-08-30,97.85
2023-08-29,97.87
2023-08-28,97.68
2023-08-25,97.54
2023-08-24,97.66
2023-08-23,97.71
2023-08-22,97.3
2023-08-21,97.39
2023-08-18,97.7
2023-08-17,97.77
2023-08-16,98.04
2023-08-15,98.26
2023-08-14,98.16
2023-08-11,98.16
2023-08-10,98.25
2023-08-09,98.41
2023-08-08,98.34
2023-08-07,97.98
2023-08-04,98.22
2023-08-03,97.79
2023-08-02,98.31
2023-08-01,98.59
2023-07-31,98.72
2023-07-28,98.85
2023-07-27,98.9
2023-07-26,99.37
2023-07-25,99.25
2023-07-24,99.37
2023-07-21,99.43
2023-07-20,99.23
2023-07-19,99.53
2023-07-18,99.26
2023-07-17,99.01
2023-07-14,98.9
2023-07-13,99.17
2023-07-12,98.77
2023-07-11,98.44
2023-07-10,98.34
2023-07-07,98.25
2023-07-06,98.27
2023-07-05,98.51
2023-07-03,98.73
2023-06-30,98.69
2023-06-29,98.51
2023-06-28,99.04
2023-06-27,98.89
2023-06-26,98.9
2023-06-23,98.89
2023-06-22,98.61
2023-06-21,98.91
2023-06-20,98.82
2023-06-16,98.7
2023-06-15,98.76
2023-06-14,98.48
2023-06-13,98.24
2023-06-12,98.33
2023-06-09,98.31
2023-06-08,98.4
2023-06-07,98.02
2023-06-06,98.34
2023-06-05,98.18
2023-06-02,97.98
2023-06-01,98.24
2023-05-31,98.14
2023-05-30,98.01
2023-05-26,97.55
2023-05-25,97.3
2023-05-24,97.02
2023-05-23,97.2
2023-05-22,97.4
2023-05-19,97.57
2023-05-18,97.87
2023-05-17,98.41
2023-05-16,98.76
2023-05-15,98.69
2023-05-12,98.72
2023-05-11,99.15
2023-05-10,99.07
2023-05-09,98.8
2023-05-08,98.89
2023-05-05,99.15
2023-05-04,99.06
2023-05-03,99.04
2023-05-02,98.85
2023-05-01,98.28
2023-04-28,98.77
2023-04-27,98.33
2023-04-26,98.55
2023-04-25,99.03
2023-04-24,98.82
2023-04-21,98.41
2023-04-20,98.52
2023-04-19,98.35
2023-04-18,98.48
2023-04-17,99.19
2023-04-14,99.37
2023-04-13,99.75
2023-04-12,99.96
2023-04-11,99.71
2023-04-10,99.43
2023-04-06,99.73
2023-04-05,99.64
2023-04-04,99.34
2023-04-03,99.06
2023-03-31,98.97
2023-03-30,98.83
2023-03-29,98.55
2023-03-28,98.46
2023-03-27,98.35
2023-03-24,98.63
2023-03-23,98.42
2023-03-22,98.37
2023-03-21,97.81
2023-03-20,98.13
2023-03-17,98.42
2023-03-16,98.12
2023-03-15,98.18
2023-03-14,97.6
2023-03-13,97.8
2023-03-10,97.51
2023-03-09,97.0
2023-03-08,96.73
2023-03-07,96.79
2023-03-06,96.72
2023-03-03,96.86
2023-03-02,96.54
2023-03-01,96.44
2023-02-28,96.64
2023-02-27,96.61
2023-02-24,96.43
2023-02-23,96.78
2023-02-22,96.55
2023-02-21,96.41
2023-02-17,97.04
2023-02-16,97.36
2023-02-15,97.88
2023-02-14,98.21
2023-02-13,98.38
2023-02-10,98.2
2023-02-09,98.4
2023-02-08,98.43
2023-02-07,98.44
2023-02-06,98.52
2023-02-03,98.87
2023-02-02,99.43
2023-02-01,99.33
2023-01-31,98.88
2023-01-30,98.67
2023-01-27,98.74
2023-01-26,98.95
2023-01-25,98.86
2023-01-24,98.72
2023-01-23,98.52
2023-01-20,98.74
2023-01-19,98.96
2023-01-18,98.96
2023-01-17,98.37
2023-01-13,98.36
2023-01-12,98.5
2023-01-11,98.12
2023-01-10,97.8
2023-01-09,97.74
2023-01-06,97.51
2023-01-05,97.13
2023-01-04,97.17
2023-01-03,96.86
2022-12-30,96.5
2022-12-29,96.61
2022-12-28,96.39
2022-12-27,96.37
2022-12-23,96.7
2022-12-22,96.76
2022-12-21,96.68
2022-12-20,96.54
2022-12-19,96.84
2022-12-16,97.18
2022-12-15,97.29
2022-12-14,97.37
2022-12-13,97.38
2022-12-12,96.84
2022-12-09,96.96
2022-12-08,97.16
2022-12-07,97.41
2022-12-06,96.98
2022-12-05,96.9
2022-12-02,96.97
2022-12-01,97.11
2022-11-30,96.76
2022-11-29,96.35
2022-11-28,96.13
2022-11-25,96.06
2022-11-23,96.19
2022-11-22,95.85
2022-11-21,95.62
2022-11-18,95.53
2022-11-17,95.46
2022-11-16,95.35
2022-11-15,94.82
2022-11-14,94.1
2022-11-11,94.59
2022-11-10,94.5
2022-11-09,93.16
2022-11-08,92.89
2022-11-07,92.7
2022-11-04,92.82
2022-11-03,92.6
2022-11-02,92.79
2022-11-01,92.65
2022-10-31,92.29
2022-10-28,92.57
2022-10-27,92.47
2022-10-26,92.5
2022-10-25,92.39
2022-10-24,92.32
2022-10-21,92.84
2022-10-20,93.13
2022-10-19,93.62
2022-10-18,94.02
2022-10-17,93.88
2022-10-14,93.84
2022-10-13,93.83
2022-10-12,94.14
2022-10-11,94.12
2022-10-10,93.91
2022-10-07,94.11
2022-10-06,93.99
2022-10-05,93.97
2022-10-04,94.16
2022-10-03,93.51
2022-09-30,93.08
2022-09-29,93.08
2022-09-28,93.2
2022-09-27,93.09
2022-09-26,93.05
2022-09-23,93.79
2022-09-22,94.04
2022-09-21,94.5
2022-09-20,94.3
2022-09-19,94.85
2022-09-16,94.94
2022-09-15,94.96
2022-09-14,95.19
2022-09-13,95.37
2022-09-12,95.68
2022-09-09,95.58
2022-09-08,95.36
2022-09-07,95.5
2022-09-06,95.22
2022-09-02,95.73
2022-09-01,95.32
2022-08-31,95.77
2022-08-30,95.69
2022-08-29,95.82
2022-08-26,96.15
2022-08-25,96.39
2022-08-24,96.28
2022-08-23,96.46
2022-08-22,96.58
2022-08-19,96.8
2022-08-18,97.08
2022-08-17,97.19
2022-08-16,97.65
2022-08-15,97.84
2022-08-12,97.86
2022-08-11,97.63
2022-08-10,97.93
2022-08-09,97.73
2022-08-08,97.74
2022-08-05,97.67
2022-08-04,98.35
2022-08-03,98.33
2022-08-02,98.13
2022-08-01,98.27
2022-07-29,98.16
2022-07-28,98.08
2022-07-27,97.51
2022-07-26,97.48
2022-07-25,97.28
2022-07-22,97.62
2022-07-21,97.17
2022-07-20,97.08
2022-07-19,96.91
2022-07-18,96.97
2022-07-15,97.15
2022-07-14,97.0
2022-07-13,96.95
2022-07-12,96.84
2022-07-11,96.61
2022-07-08,96.42
2022-07-07,96.61
2022-07-06,96.78
2022-07-05,96.61
2022-07-01,96.37
2022-06-30,95.99
2022-06-29,95.61
2022-06-28,95.27
2022-06-27,95.4
2022-06-24,95.6
2022-06-23,95.51
2022-06-22,95.27
2022-06-21,94.97
2022-06-17,95.14
2022-06-16,94.91
2022-06-15,95.01
2022-06-14,94.82
2022-06-13,94.94
2022-06-10,96.17
2022-06-09,96.51
2022-06-08,96.89
2022-06-07,97.19
2022-06-06,97.22
2022-06-03,97.46
2022-06-02,97.42
2022-06-01,97.42
2022-05-31,97.41
2022-05-27,97.57
2022-05-26,97.21
2022-05-25,96.73
2022-05-24,96.02
2022-05-23,95.43
2022-05-20,95.15
2022-05-19,94.65
2022-05-18,94.37
2022-05-17,94.42
2022-05-16,94.81
2022-05-13,94.68
2022-05-12,94.9
2022-05-11,95.03
2022-05-10,95.1
2022-05-09,95.27
2022-05-06,95.34
2022-05-05,95.63
2022-05-04,95.86
2022-05-03,95.88
2022-05-02,95.86
2022-04-29,96.01
2022-04-28,96.03
2022-04-27,96.12
2022-04-26,96.15
2022-04-25,96.07
2022-04-22,96.06
2022-04-21,96.16
2022-04-20,96.46
2022-04-19,96.23
2022-04-18,96.77
2022-04-14,96.99
2022-04-13,97.34
2022-04-12,97.3
2022-04-11,97.37
2022-04-08,97.69
2022-04-07,97.84
2022-04-06,98.06
2022-04-05,98.23
2022-04-04,98.52
2022-04-01,98.43
2022-03-31,98.49
2022-03-30,98.39
2022-03-29,98.21
2022-03-28,98.23
2022-03-25,98.23
2022-03-24,98.66
2022-03-23,98.92
2022-03-22,98.84
2022-03-21,99.1
2022-03-18,99.6
2022-03-17,99.65
2022-03-16,99.42
2022-03-15,99.14
2022-03-14,99.34
2022-03-11,100.12
2022-03-10,100.39
2022-03-09,100.5
2022-03-08,100.43
2022-03-07,100.89
2022-03-04,101.11
2022-03-03,101.14
2022-03-02,101.26
2022-03-01,101.51
2022-02-28,101.1
2022-02-25,100.89
2022-02-24,101.01
2022-02-23,101.05
2022-02-22,101.1
2022-02-18,101.05
2022-02-17,101.06
2022-02-16,100.72
2022-02-15,100.71
2022-02-14,100.72
2022-02-11,101.01
2022-02-10,101.16
2022-02-09,101.69
2022-02-08,101.66
2022-02-07,101.98
2022-02-04,101.82
2022-02-03,102.16
2022-02-02,102.1
2022-02-01,101.87
2022-01-31,101.64
2022-01-28,101.76
2022-01-27,101.95
2022-01-26,102.02
2022-01-25,102.27
2022-01-24,102.54
2022-01-21,102.72
2022-01-20,102.88
2022-01-19,102.94
2022-01-18,102.84
2022-01-14,103.2
2022-01-13,103.38
2022-01-12,103.42
2022-01-11,103.45
2022-01-10,103.5
2022-01-07,103.7
2022-01-06,103.84
2022-01-05,103.87
2022-01-04,104.06
2022-01-03,104.05
2021-12-31,104.15
2021-12-30,104.23
2021-12-29,104.18
2021-12-28,104.31
2021-12-27,104.28
2021-12-23,104.29
2021-12-22,104.34
2021-12-21,104.18
2021-12-20,104.25
2021-12-17,104.25
2021-12-16,104.25
2021-12-15,104.2
2021-12-14,104.23
2021-12-13,104.24
2021-12-10,104.1
2021-12-09,103.96
2021-12-08,103.92
2021-12-07,103.98
2021-12-06,104.0
2021-12-03,104.14
2021-12-02,104.01
2021-12-01,104.16
2021-11-30,104.16
2021-11-29,103.94
2021-11-26,103.95
2021-11-24,103.77
2021-11-23,103.7
2021-11-22,103.74
2021-11-19,103.83
2021-11-18,103.7
2021-11-17,103.53
2021-11-16,103.5
2021-11-15,103.62
2021-11-12,103.7
2021-11-11,103.76
2021-11-10,103.84
2021-11-09,103.95
2021-11-08,103.74
2021-11-05,103.85
2021-11-04,103.61
2021-11-03,103.45
2021-11-02,103.4
2021-11-01,103.33
2021-10-29,103.41
2021-10-28,103.34
2021-10-27,103.3
2021-10-26,103.09
2021-10-25,103.11
2021-10-22,103.04
2021-10-21,102.92
2021-10-20,103.28
2021-10-19,103.31
2021-10-18,103.37
2021-10-15,103.37
2021-10-14,103.41
2021-10-13,103.39
2021-10-12,103.39
2021-10-11,103.15
2021-10-08,103.26
2021-10-07,103.31
2021-10-06,103.41
2021-10-05,103.45
2021-10-04,103.43
2021-10-01,103.5
2021-09-30,103.46
2021-09-29,103.42
2021-09-28,103.53
2021-09-27,103.81
2021-09-24,103.92
2021-09-23,103.93
2021-09-22,104.18
2021-09-21,104.22
2021-09-20,104.23
2021-09-17,104.07
2021-09-16,104.07
2021-09-15,104.13
2021-09-14,104.15
2021-09-13,104.13
2021-09-10,104.07
2021-09-09,104.14
2021-09-08,104.14
2021-09-07,103.87
2021-09-03,104.1
2021-09-02,104.17
2021-09-01,104.2
2021-08-31,104.19
2021-08-30,104.2
2021-08-27,104.23
2021-08-26,104.15
2021-08-25,104.13
2021-08-24,104.19
2021-08-23,104.27
2021-08-20,104.15
2021-08-19,104.19
2021-08-18,104.24
2021-08-17,104.24
2021-08-16,104.23
2021-08-13,104.23
2021-08-12,104.17
2021-08-11,104.29
2021-08-10,104.38
2021-08-09,104.35
2021-08-06,104.41
2021-08-05,104.6
2021-08-04,104.61
2021-08-03,104.59
2021-08-02,104.5
2021-07-30,104.39
2021-07-29,104.5
2021-07-28,104.54
2021-07-27,104.6
2021-07-26,104.63
2021-07-23,104.53
2021-07-22,104.61
2021-07-21,104.52
2021-07-20,104.68
2021-07-19,104.73
2021-07-16,104.56
2021-07-15,104.54
2021-07-14,104.43
2021-07-13,104.35
2021-07-12,104.42
2021-07-09,104.43
2021-07-08,104.51
2021-07-07,104.33
2021-07-06,104.18
2021-07-02,104.05
2021-07-01,103.95
2021-06-30,103.91
2021-06-29,103.83
2021-06-28,103.82
2021-06-25,103.69
2021-06-24,103.71
2021-06-23,103.64
2021-06-22,103.89
2021-06-21,103.88
2021-06-18,104.02
2021-06-17,104.03
2021-06-16,103.91
2021-06-15,104.18
2021-06-14,104.26
2021-06-11,104.2
2021-06-10,104.26
2021-06-09,104.23
2021-06-08,103.94
2021-06-07,103.84
2021-06-04,103.84
2021-06-03,103.66
2021-06-02,103.68
2021-06-01,103.57
2021-05-28,103.55
2021-05-27,103.58
2021-05-26,103.58
2021-05-25,103.49
2021-05-24,103.35
2021-05-21,103.3
2021-05-20,103.28
2021-05-19,103.17
2021-05-18,103.31
2021-05-17,103.28
2021-05-14,103.28
2021-05-13,103.05
2021-05-12,103.05
2021-05-11,103.24
2021-05-10,103.35
2021-05-07,103.44
2021-05-06,103.28
2021-05-05,103.19
2021-05-04,103.09
2021-05-03,103.1
2021-04-30,103.19
2021-04-29,103.2
2021-04-28,103.39
2021-04-27,103.42
2021-04-26,103.49
2021-04-23,103.48
2021-04-22,103.48
2021-04-21,103.41
2021-04-20,103.38
2021-04-19,103.36
2021-04-16,103.38
2021-04-15,103.44
2021-04-14,103.08
2021-04-13,102.96
2021-04-12,102.89
2021-04-09,102.81
2021-04-08,102.8
2021-04-07,102.67
2021-04-06,102.62
2021-04-05,102.45
2021-04-01,102.53
2021-03-31,102.41
2021-03-30,102.43
2021-03-29,102.29
2021-03-26,102.34
2021-03-25,102.32
2021-03-24,102.34
2021-03-23,102.19
2021-03-22,102.12
2021-03-19,102.04
2021-03-18,101.98
2021-03-17,102.37
2021-03-16,102.57
2021-03-15,102.51
2021-03-12,102.21
2021-03-11,102.62
2021-03-10,102.48
2021-03-09,102.3
2021-03-08,102.03
2021-03-05,101.92
2021-03-04,101.9
2021-03-03,101.88
2021-03-02,101.99
2021-03-01,101.82
2021-02-26,101.83
2021-02-25,101.57
2021-02-24,102.02
2021-02-23,102.26
2021-02-22,102.35
2021-02-19,102.87
2021-02-18,103.01
2021-02-17,103.24
2021-02-16,103.55
2021-02-12,103.79
2021-02-11,103.84
2021-02-10,103.82
2021-02-09,103.71
2021-02-08,103.63
2021-02-05,103.56
2021-02-04,103.46
2021-02-03,103.45
2021-02-02,103.5
2021-02-01,103.53
2021-01-29,103.44
2021-01-28,103.47
2021-01-27,103.47
2021-01-26,103.39
2021-01-25,103.21
2021-01-22,102.99
2021-01-21,103.04
2021-01-20,103.06
2021-01-19,103.0
2021-01-15,103.0
2021-01-14,102.96
2021-01-13,102.98
2021-01-12,102.95
2021-01-11,102.74
2021-01-08,102.83
2021-01-07,103.01
2021-01-06,103.01
2021-01-05,103.11
2021-01-04,103.03
2020-12-31,103.09
2020-12-30,103.04
2020-12-29,103.05
2020-12-28,103.04
2020-12-24,103.07
2020-12-23,102.94
2020-12-22,103.02
2020-12-21,102.96
2020-12-18,102.84
2020-12-17,102.87
2020-12-16,102.86
2020-12-15,102.83
2020-12-14,102.83
2020-12-11,102.87
2020-12-10,102.83
2020-12-09,102.72
2020-12-08,102.71
2020-12-07,102.58
2020-12-04,102.53
2020-12-03,102.49
2020-12-02,102.35
2020-12-01,102.35
2020-11-30,102.4
2020-11-27,102.49
2020-11-25,102.42
2020-11-24,102.4
2020-11-23,102.48
2020-11-20,102.43
2020-11-19,102.32
2020-11-18,102.06
2020-11-17,101.93
2020-11-16,101.77
2020-11-13,101.79
2020-11-12,101.66
2020-11-11,101.66
2020-11-10,101.59
2020-11-09,101.64
2020-11-06,101.71
2020-11-05,101.59
2020-11-04,101.5
2020-11-03,100.9
2020-11-02,100.91
2020-10-30,100.76
2020-10-29,100.8
2020-10-28,100.89
2020-10-27,101.02
2020-10-26,100.88
2020-10-23,100.87
2020-10-22,100.88
2020-10-21,100.79
2020-10-20,100.9
2020-10-19,100.93
2020-10-16,100.93
2020-10-15,100.89
2020-10-14,100.94
2020-10-13,100.93
2020-10-12,100.88
2020-10-09,100.88
2020-10-08,100.83
2020-10-07,100.91
2020-10-06,101.08
2020-10-05,101.13
2020-10-02,101.26
2020-10-01,101.28
2020-09-30,101.29
2020-09-29,101.45
2020-09-28,101.42
2020-09-25,101.31
2020-09-24,101.13
2020-09-23,101.07
2020-09-22,101.33
2020-09-21,101.27
2020-09-18,101.32
2020-09-17,101.31
2020-09-16,101.28
2020-09-15,101.33
2020-09-14,101.22
2020-09-11,101.3
2020-09-10,101.19
2020-09-09,101.28
2020-09-08,101.21
2020-09-04,101.22
2020-09-03,101.38
2020-09-02,101.22
2020-09-01,101.23
2020-08-31,101.16
2020-08-28,101.06
2020-08-27,100.92
2020-08-26,101.27
2020-08-25,101.39
2020-08-24,101.54
2020-08-21,101.38
2020-08-20,101.37
2020-08-19,101.63
2020-08-18,101.85
2020-08-17,101.88
2020-08-14,101.89
2020-08-13,101.96
2020-08-12,102.07
2020-08-11,102.15
2020-08-10,102.24
2020-08-07,102.2
2020-08-06,102.2
2020-08-05,102.01
2020-08-04,101.9
2020-08-03,101.82
2020-07-31,101.76
2020-07-30,101.66
2020-07-29,101.6
2020-07-28,101.52
2020-07-27,101.52
2020-07-24,101.55
2020-07-23,101.52
2020-07-22,101.42
2020-07-21,101.28
2020-07-20,101.28
2020-07-17,101.06
2020-07-16,101.05
2020-07-15,100.92
2020-07-14,100.85
2020-07-13,100.66
2020-07-10,100.67
2020-07-09,100.6
2020-07-08,100.52
2020-07-07,100.53
2020-07-06,100.5
2020-07-02,100.54
2020-07-01,100.37
2020-06-30,100.31
2020-06-29,100.35
2020-06-26,100.35
2020-06-25,100.28
2020-06-24,100.16
2020-06-23,100.26
2020-06-22,100.29
2020-06-19,100.12
2020-06-18,100.08
2020-06-17,100.08
2020-06-16,99.89
2020-06-15,100.06
2020-06-12,99.88
2020-06-11,100.03
2020-06-10,99.88
2020-06-09,99.84
2020-06-08,99.54
2020-06-05,99.47
2020-06-04,99.57
2020-06-03,99.66
2020-06-02,99.82
2020-06-01,99.92
2020-05-29,99.95
2020-05-28,99.54
2020-05-27,99.64
2020-05-26,99.45
2020-05-22,99.4
2020-05-21,99.09
2020-05-20,98.88
2020-05-19,98.78
2020-05-18,98.45
2020-05-15,98.48
2020-05-14,98.2
2020-05-13,97.99
2020-05-12,97.91
2020-05-11,97.73
2020-05-08,97.71
2020-05-07,97.72
2020-05-06,97.38
2020-05-05,97.3
2020-05-04,97.07
2020-05-01,96.81
2020-04-30,96.32
2020-04-29,96.37
2020-04-28,96.39
2020-04-27,96.81
2020-04-24,96.85
2020-04-23,96.88
2020-04-22,97.35
2020-04-21,97.45
2020-04-20,97.93
2020-04-17,98.29
2020-04-16,98.37
2020-04-15,98.61
2020-04-14,98.06
2020-04-13,97.85
2020-04-09,97.96
2020-04-08,97.27
2020-04-07,96.93
2020-04-06,96.29
2020-04-03,95.19
2020-04-02,95.32
2020-04-01,95.31
2020-03-31,97.66
2020-03-30,98.36
2020-03-27,98.08
2020-03-26,99.38
2020-03-25,96.09
2020-03-24,92.05
2020-03-23,90.08
2020-03-20,88.4
2020-03-19,87.73
2020-03-18,89.8
2020-03-17,95.68
2020-03-16,95.06
2020-03-13,96.36
2020-03-12,94.24
2020-03-11,99.03
2020-03-10,100.54
2020-03-09,101.64
2020-03-06,100.94
2020-03-05,100.92
2020-03-04,100.81
2020-03-03,100.92
2020-03-02,100.81
2020-02-28,100.66
2020-02-27,100.86
2020-02-26,100.82
2020-02-25,100.86
2020-02-24,100.76
2020-02-21,100.33
2020-02-20,100.06
2020-02-19,99.94
2020-02-18,99.86
2020-02-14,99.76
2020-02-13,99.63
2020-02-12,99.63
2020-02-11,99.7
2020-02-10,99.67
2020-02-07,99.61
2020-02-06,99.42
2020-02-05,99.46
2020-02-04,99.55
2020-02-03,99.72
2020-01-31,99.69
2020-01-30,99.6
2020-01-29,99.66
2020-01-28,99.45
2020-01-27,99.51
2020-01-24,99.36
2020-01-23,99.25
2020-01-22,99.11
2020-01-21,99.07
2020-01-17,98.93
2020-01-16,99.04
2020-01-15,98.98
2020-01-14,98.88
2020-01-13,98.76
2020-01-10,98.79
2020-01-09,98.79
2020-01-08,98.67
2020-01-07,98.65
2020-01-06,98.6
2020-01-03,98.5
2020-01-02,98.15
2019-12-31,98.06
2019-12-30,98.14
2019-12-27,98.12
2019-12-26,98.11
2019-12-24,98.08
2019-12-23,97.96
2019-12-20,97.95
2019-12-19,98.03
2019-12-18,98.0
2019-12-17,98.03
2019-12-16,97.97
2019-12-13,98.09
2019-12-12,97.96
2019-12-11,98.12
2019-12-10,97.95
2019-12-09,97.93
2019-12-06,97.86
2019-12-05,97.91
2019-12-04,97.88
2019-12-03,97.94
2019-12-02,97.65
2019-11-29,97.81
2019-11-27,97.81
2019-11-26,97.81
2019-11-25,97.72
2019-11-22,97.66
2019-11-21,97.68
2019-11-20,97.66
2019-11-19,97.46
2019-11-18,97.44
2019-11-15,97.41
2019-11-14,97.42
2019-11-13,97.3
2019-11-12,97.15
2019-11-11,97.12
2019-11-08,97.06
2019-11-07,97.08
2019-11-06,97.49
2019-11-05,97.47
2019-11-04,97.62
2019-11-01,97.72
2019-10-31,97.76
2019-10-30,97.46
2019-10-29,97.31
2019-10-28,97.35
2019-10-25,97.4
2019-10-24,97.41
2019-10-23,97.35
2019-10-22,97.39
2019-10-21,97.33
2019-10-18,97.57
2019-10-17,97.54
2019-10-16,97.73
2019-10-15,97.73
2019-10-14,97.8
2019-10-11,97.63
2019-10-10,97.91
2019-10-09,98.08
2019-10-08,98.1
2019-10-07,97.82
2019-10-04,97.9
2019-10-03,97.9
2019-10-02,97.69
2019-10-01,97.52
2019-09-30,97.47
2019-09-27,97.47
2019-09-26,97.43
2019-09-25,97.44
2019-09-24,97.65
2019-09-23,97.47
2019-09-20,97.38
2019-09-19,97.21
2019-09-18,96.97
2019-09-17,96.8
2019-09-16,96.69
2019-09-13,96.85
2019-09-12,97.21
2019-09-11,97.26
2019-09-10,97.54
2019-09-09,97.73
2019-09-06,98.01
2019-09-05,98.01
2019-09-04,98.26
2019-09-03,98.26
2019-08-30,98.22
2019-08-29,98.23
2019-08-28,98.33
2019-08-27,98.24
2019-08-26,98.11
2019-08-23,98.18
2019-08-22,98.05
2019-08-21,98.13
2019-08-20,98.25
2019-08-19,98.16
2019-08-16,98.3
2019-08-15,98.35
2019-08-14,98.18
2019-08-13,97.86
2019-08-12,98.0
2019-08-09,97.68
2019-08-08,97.73
2019-08-07,97.67
2019-08-06,97.43
2019-08-05,97.37
2019-08-02,97.1
2019-08-01,97.0
2019-07-31,96.74
2019-07-30,96.74
2019-07-29,96.6
2019-07-26,96.61
2019-07-25,96.62
2019-07-24,96.57
2019-07-23,96.48
2019-07-22,96.53
2019-07-19,96.53
2019-07-18,96.57
2019-07-17,96.5
2019-07-16,96.33
2019-07-15,96.4
2019-07-12,96.43
2019-07-11,96.27
2019-07-10,96.4
2019-07-09,96.35
2019-07-08,96.16
2019-07-05,96.1
2019-07-03,96.21
2019-07-02,96.15
2019-07-01,95.93
2019-06-28,96.03
2019-06-27,96.02
2019-06-26,95.87
2019-06-25,95.95
2019-06-24,95.94
2019-06-21,95.83
2019-06-20,95.93
2019-06-19,95.84
2019-06-18,95.84
2019-06-17,95.72
2019-06-14,95.77
2019-06-13,95.74
2019-06-12,95.71
2019-06-11,95.68
2019-06-10,95.72
2019-06-07,95.85
2019-06-06,95.58
2019-06-05,95.67
2019-06-04,95.72
2019-06-03,95.83
2019-05-31,95.64
2019-05-30,95.47
2019-05-29,95.41
2019-05-28,95.37
2019-05-24,95.33
2019-05-23,95.26
2019-05-22,95.21
2019-05-21,95.12
2019-05-20,95.23
2019-05-17,95.27
2019-05-16,95.23
2019-05-15,95.25
2019-05-14,95.07
2019-05-13,95.03
2019-05-10,94.81
2019-05-09,94.8
2019-05-08,94.62
2019-05-07,94.72
2019-05-06,94.56
2019-05-03,94.45
2019-05-02,94.34
2019-05-01,94.38
2019-04-30,94.31
2019-04-29,94.23
2019-04-26,94.27
2019-04-25,94.13
2019-04-24,94.11
2019-04-23,93.9
2019-04-22,93.77
2019-04-18,93.74
2019-04-17,93.68
2019-04-16,93.65
2019-04-15,93.7
2019-04-12,93.57
2019-04-11,93.74
2019-04-10,93.77
2019-04-09,93.7
2019-04-08,93.57
2019-04-05,93.63
2019-04-04,93.58
2019-04-03,93.59
2019-04-02,93.72
2019-04-01,93.64
2019-03-29,93.82
2019-03-28,93.96
2019-03-27,93.9
2019-03-26,93.79
2019-03-25,93.73
2019-03-22,93.66
2019-03-21,93.27
2019-03-20,93.14
2019-03-19,93.01
2019-03-18,92.96
2019-03-15,92.96
2019-03-14,92.84
2019-03-13,92.92
2019-03-12,92.93
2019-03-11,92.82
2019-03-08,92.86
2019-03-07,92.83
2019-03-06,92.65
2019-03-05,92.55
2019-03-04,92.53
2019-03-01,92.46
2019-02-28,92.45
2019-02-27,92.47
2019-02-26,92.63
2019-02-25,92.42
2019-02-22,92.48
2019-02-21,92.35
2019-02-20,92.45
2019-02-19,92.4
2019-02-15,92.29
2019-02-14,92.36
2019-02-13,92.17
2019-02-12,92.28
2019-02-11,92.2
2019-02-08,92.19
2019-02-07,92.09
2019-02-06,91.92
2019-02-05,91.86
2019-02-04,91.85
2019-02-01,91.84
2019-01-31,91.95
2019-01-30,91.75
2019-01-29,91.67
2019-01-28,91.55
2019-01-25,91.56
2019-01-24,91.56
2019-01-23,91.56
2019-01-22,91.55
2019-01-18,91.55
2019-01-17,91.66
2019-01-16,91.66
2019-01-15,91.59
2019-01-14,91.58
2019-01-11,91.51
2019-01-10,91.5
2019-01-09,91.42
2019-01-08,91.52
2019-01-07,91.59
2019-01-04,91.6
2019-01-03,91.84
2019-01-02,91.58
2018-12-31,91.61
2018-12-28,91.52
2018-12-27,91.45
2018-12-26,91.26
2018-12-24,91.47
2018-12-21,91.32
2018-12-20,91.29
2018-12-19,91.26
2018-12-18,91.06
2018-12-17,90.9
2018-12-14,90.86
2018-12-13,90.88
2018-12-12,90.88
2018-12-11,90.93
2018-12-10,91.03
2018-12-07,91.06
2018-12-06,90.92
2018-12-04,90.75
2018-12-03,90.43
2018-11-30,90.39
2018-11-29,90.2
2018-11-28,90.11
2018-11-27,90.01
2018-11-26,89.97
2018-11-23,90.0
2018-11-21,89.92
2018-11-20,89.94
2018-11-19,89.83
2018-11-16,89.82
2018-11-15,89.71
2018-11-14,89.65
2018-11-13,89.54
2018-11-12,89.53
2018-11-09,89.44
2018-11-08,89.28
2018-11-07,89.29
2018-11-06,89.03
2018-11-05,89.16
2018-11-02,89.18
2018-11-01,89.37
2018-10-31,89.4
2018-10-30,89.55
2018-10-29,89.65
2018-10-26,89.59
2018-10-25,89.55
2018-10-24,89.58
2018-10-23,90.28
2018-10-22,89.31
2018-10-19,89.3
2018-10-18,89.35
2018-10-17,89.17
2018-10-16,89.32
2018-10-15,89.27
2018-10-12,89.22
2018-10-11,89.32
2018-10-10,89.23
2018-10-09,89.27
2018-10-08,89.36
2018-10-05,89.41
2018-10-04,89.47
2018-10-03,89.59
2018-10-02,89.97
2018-10-01,89.88
2018-09-28,89.9
2018-09-27,89.96
2018-09-26,89.83
2018-09-25,89.7
2018-09-24,89.76
2018-09-21,89.82
2018-09-20,89.8
2018-09-19,89.75
2018-09-18,89.86
2018-09-17,89.97
2018-09-14,90.0
2018-09-13,90.12
2018-09-12,90.1
2018-09-11,90.06
2018-09-10,90.15
2018-09-07,90.13
2018-09-06,90.41
2018-09-05,90.4
2018-09-04,90.37
2018-08-31,90.52
2018-08-30,90.54
2018-08-29,90.54
2018-08-28,90.51
2018-08-27,90.58
2018-08-24,90.61
2018-08-23,90.59
2018-08-22,90.64
2018-08-21,90.54
2018-08-20,90.63
2018-08-17,90.57
2018-08-16,90.58
2018-08-15,90.58
2018-08-14,90.45
2018-08-13,90.46
2018-08-10,90.47
2018-08-09,90.34
2018-08-08,90.32
2018-08-07,90.27
2018-08-06,90.39
2018-08-03,90.37
2018-08-02,90.33
2018-08-01,90.24
2018-07-31,90.38
2018-07-30,90.33
2018-07-27,90.4
2018-07-26,90.42
2018-07-25,90.41
2018-07-24,90.39
2018-07-23,90.44
2018-07-20,90.6
2018-07-19,90.74
2018-07-18,90.63
2018-07-17,90.58
2018-07-16,90.56
2018-07-13,90.62
2018-07-12,90.54
2018-07-11,90.52
2018-07-10,90.39
2018-07-09,90.35
2018-07-06,90.4
2018-07-05,90.35
2018-07-03,90.4
2018-07-02,90.21
2018-06-29,90.24
2018-06-28,90.2
2018-06-27,90.28
2018-06-26,90.15
2018-06-25,90.17
2018-06-22,90.13
2018-06-21,90.22
2018-06-20,90.11
2018-06-19,90.15
2018-06-18,90.06
2018-06-15,90.04
2018-06-14,90.05
2018-06-13,89.93
2018-06-12,90.0
2018-06-11,90.01
2018-06-08,90.07
2018-06-07,90.09
2018-06-06,89.95
2018-06-05,90.09
2018-06-04,89.92
2018-06-01,89.96
2018-05-31,90.12
2018-05-30,90.05
2018-05-29,90.27
2018-05-25,89.91
2018-05-24,89.84
2018-05-23,89.67
2018-05-22,89.48
2018-05-21,89.44
2018-05-18,89.44
2018-05-17,89.31
2018-05-16,89.34
2018-05-15,89.37
2018-05-14,89.62
2018-05-11,89.64
2018-05-10,89.53
2018-05-09,89.45
2018-05-08,89.45
2018-05-07,89.43
2018-05-04,89.41
2018-05-03,89.36
2018-05-02,89.16
2018-05-01,89.03
2018-04-30,89.01
2018-04-27,88.96
2018-04-26,88.87
2018-04-25,88.7
2018-04-24,88.99
2018-04-23,89.09
2018-04-20,89.18
2018-04-19,89.22
2018-04-18,89.4
2018-04-17,89.48
2018-04-16,89.36
2018-04-13,89.42
2018-04-12,89.36
2018-04-11,89.48
2018-04-10,89.44
2018-04-09,89.45
2018-04-06,89.48
2018-04-05,89.3
2018-04-04,89.45
2018-04-03,89.44
2018-04-02,89.57
2018-03-29,89.63
2018-03-28,89.61
2018-03-27,89.48
2018-03-26,89.28
2018-03-23,89.34
2018-03-22,89.42
2018-03-21,89.18
2018-03-20,89.18
2018-03-19,89.26
2018-03-16,89.28
2018-03-15,89.21
2018-03-14,89.23
2018-03-13,89.18
2018-03-12,89.05
2018-03-09,89.14
2018-03-08,89.33
2018-03-07,89.27
2018-03-06,89.14
2018-03-05,89.2
2018-03-02,89.18
2018-03-01,89.44
2018-02-28,89.19
2018-02-27,89.1
2018-02-26,89.12
2018-02-23,89.2
2018-02-22,89.0
2018-02-21,88.94
2018-02-20,89.12
2018-02-16,89.21
2018-02-15,89.12
2018-02-14,89.0
2018-02-13,89.25
2018-02-12,89.22
2018-02-09,89.2
2018-02-08,89.23
2018-02-07,89.22
2018-02-06,89.38
2018-02-05,89.17
2018-02-02,89.26
2018-02-01,89.36
2018-01-31,89.73
2018-01-30,89.65
2018-01-29,89.69
2018-01-26,89.96
2018-01-25,90.16
2018-01-24,90.07
2018-01-23,90.16
2018-01-22,90.18
2018-01-19,90.2
2018-01-18,90.25
2018-01-17,90.29
2018-01-16,90.23
2018-01-12,90.21
2018-01-11,90.34
2018-01-10,90.3
2018-01-09,90.48
2018-01-08,90.57
2018-01-05,90.56
2018-01-04,90.57
2018-01-03,90.75
2018-01-02,90.65
2017-12-29,90.77
2017-12-28,90.72
2017-12-27,90.75
2017-12-26,90.31
2017-12-22,90.17
2017-12-21,90.14
2017-12-20,90.0
2017-12-19,90.2
2017-12-18,90.48
2017-12-15,90.63
2017-12-14,90.72
2017-12-13,90.66
2017-12-12,90.34
2017-12-11,90.36
2017-12-08,90.47
2017-12-07,90.94
2017-12-06,91.02
2017-12-05,90.5
2017-12-04,90.16
2017-12-01,90.12
2017-11-30,89.87
2017-11-29,89.63
2017-11-28,89.8
2017-11-27,89.93
2017-11-24,89.96
2017-11-22,90.11
2017-11-21,90.26
2017-11-20,90.29
2017-11-17,90.38
2017-11-16,90.43
2017-11-15,90.51
2017-11-14,90.39
2017-11-13,90.44
2017-11-10,90.44
2017-11-09,90.7
2017-11-08,90.78
2017-11-07,90.76
2017-11-06,90.53
2017-11-03,90.44
2017-11-02,90.31
2017-11-01,90.26
2017-10-31,90.29
2017-10-30,90.31
2017-10-27,90.21
2017-10-26,90.19
2017-10-25,90.28
2017-10-24,90.5
2017-10-23,90.59
2017-10-20,90.56
2017-10-19,90.69
2017-10-18,90.67
2017-10-17,90.71
2017-10-16,90.6
2017-10-13,90.52
2017-10-12,90.44
2017-10-11,90.37
2017-10-10,90.31
2017-10-09,90.31
2017-10-06,90.24
2017-10-05,90.28
2017-10-04,90.28
2017-10-03,90.23
2017-10-02,90.21
2017-09-29,90.21
2017-09-28,90.22
2017-09-27,90.25
2017-09-26,90.5
2017-09-25,90.52
2017-09-22,90.47
2017-09-21,90.37
2017-09-20,90.3
2017-09-19,90.48
2017-09-18,90.48
2017-09-15,90.5
2017-09-14,90.53
2017-09-13,90.53
2017-09-12,90.63
2017-09-11,90.69
2017-09-08,90.85
2017-09-07,90.83
2017-09-06,90.69
2017-09-05,90.71
2017-09-01,90.51
2017-08-31,90.6
2017-08-30,90.53
2017-08-29,90.54
2017-08-28,90.42
2017-08-25,90.4
2017-08-24,90.38
2017-08-23,90.4
2017-08-22,90.27
2017-08-21,90.3
2017-08-18,90.26
2017-08-17,90.24
2017-08-16,90.21
2017-08-15,90.19
2017-08-14,90.31
2017-08-11,90.36
2017-08-10,90.3
2017-08-09,90.15
2017-08-08,90.06
2017-08-07,90.12
2017-08-04,90.06
2017-08-03,90.15
2017-08-02,89.97
2017-08-01,89.93
2017-07-31,90.05
2017-07-28,89.84
2017-07-27,89.82
2017-07-26,89.9
2017-07-25,89.81
2017-07-24,89.94
2017-07-21,89.93
2017-07-20,89.86
2017-07-19,89.76
2017-07-18,89.64
2017-07-17,89.47
2017-07-14,89.47
2017-07-13,89.24
2017-07-12,89.25
2017-07-11,89.12
2017-07-10,89.09
2017-07-07,89.05
2017-07-06,89.11
2017-07-05,89.17
2017-07-03,89.06
2017-06-30,89.27
2017-06-29,89.34
2017-06-28,89.64
2017-06-27,89.75
2017-06-26,89.86
2017-06-23,89.83
2017-06-22,89.78
2017-06-21,89.75
2017-06-20,89.76
2017-06-19,89.69
2017-06-16,89.74
2017-06-15,89.69
2017-06-14,89.79
2017-06-13,89.66
2017-06-12,89.69
2017-06-09,89.7
2017-06-08,89.78
2017-06-07,89.89
2017-06-06,89.9
2017-06-05,89.73
2017-06-02,89.8
2017-06-01,89.57
2017-05-31,89.82
2017-05-30,89.48
2017-05-26,89.38
2017-05-25,89.3
2017-05-24,89.29
2017-05-23,89.25
2017-05-22,89.16
2017-05-19,89.14
2017-05-18,89.12
2017-05-17,89.03
2017-05-16,88.74
2017-05-15,88.63
2017-05-12,88.62
2017-05-11,88.48
2017-05-10,88.4
2017-05-09,88.31
2017-05-08,88.35
2017-05-05,88.37
2017-05-04,88.31
2017-05-03,88.34
2017-05-02,88.27
2017-05-01,88.14
2017-04-28,88.47
2017-04-27,88.5
2017-04-26,88.45
2017-04-25,88.39
2017-04-24,88.61
2017-04-21,88.82
2017-04-20,88.8
2017-04-19,88.91
2017-04-18,88.97
2017-04-17,88.7
2017-04-13,88.72
2017-04-12,88.65
2017-04-11,88.51
2017-04-10,88.38
2017-04-07,88.3
2017-04-06,88.24
2017-04-05,88.18
2017-04-04,88.1
2017-04-03,88.05
2017-03-31,88.16
2017-03-30,88.13
2017-03-29,88.28
2017-03-28,88.1
2017-03-27,88.16
2017-03-24,88.02
2017-03-23,87.97
2017-03-22,87.9
2017-03-21,87.8
2017-03-20,87.57
2017-03-17,87.48
2017-03-16,87.43
2017-03-15,87.49
2017-03-14,87.21
2017-03-13,87.18
2017-03-10,87.18
2017-03-09,87.09
2017-03-08,87.25
2017-03-07,87.4
2017-03-06,87.42
2017-03-03,87.44
2017-03-02,87.55
2017-03-01,87.59
2017-02-28,88.06
2017-02-27,87.79
2017-02-24,87.9
2017-02-23,87.64
2017-02-22,87.57
2017-02-21,87.45
2017-02-17,87.45
2017-02-16,87.34
2017-02-15,87.12
2017-02-14,87.27
2017-02-13,87.51
2017-02-10,87.57
2017-02-09,87.56
2017-02-08,87.77
2017-02-07,87.59
2017-02-06,87.52
2017-02-03,87.38
2017-02-02,87.41
2017-02-01,87.28
2017-01-31,87.58
2017-01-30,87.29
2017-01-27,87.29
2017-01-26,87.16
2017-01-25,87.15
2017-01-24,87.29
2017-01-23,87.4
2017-01-20,87.31
2017-01-19,87.48
2017-01-18,87.84
2017-01-17,88.03
2017-01-13,87.98
2017-01-12,88.06
2017-01-11,87.78
2017-01-10,87.52
2017-01-09,87.54
2017-01-06,87.32
2017-01-05,87.45
2017-01-04,87.28
2017-01-03,87.1
2016-12-30,87.19
2016-12-29,87.24
2016-12-28,87.1
2016-12-27,86.88
2016-12-23,86.9
2016-12-22,86.81
2016-12-21,86.69
2016-12-20,86.59
2016-12-19,86.56
2016-12-16,86.37
2016-12-15,86.31
2016-12-14,86.6
2016-12-13,86.75
2016-12-12,86.68
2016-12-09,86.85
2016-12-08,86.96
2016-12-07,87.05
2016-12-06,86.4
2016-12-05,85.89
2016-12-02,85.94
2016-12-01,85.72
2016-11-30,85.71
2016-11-29,86.01
2016-11-28,86.47
2016-11-25,86.58
2016-11-23,86.53
2016-11-22,86.83
2016-11-21,87.03
2016-11-18,87.08
2016-11-17,87.08
2016-11-16,87.2
2016-11-15,87.4
2016-11-14,87.08
2016-11-11,88.06
2016-11-10,88.22
2016-11-09,88.69
2016-11-08,89.43
2016-11-07,89.47
2016-11-04,89.54
2016-11-03,89.5
2016-11-02,89.47
2016-11-01,89.28
2016-10-31,89.37
2016-10-28,89.31
2016-10-27,89.21
2016-10-26,89.36
2016-10-25,89.43
2016-10-24,89.29
2016-10-21,89.45
2016-10-20,89.44
2016-10-19,89.32
2016-10-18,89.35
2016-10-17,89.36
2016-10-14,89.33
2016-10-13,89.45
2016-10-12,89.49
2016-10-11,89.59
2016-10-10,89.69
2016-10-07,89.79
2016-10-06,89.77
2016-10-05,89.85
2016-10-04,90.01
2016-10-03,90.2
2016-09-30,90.24
2016-09-29,90.34
2016-09-28,90.35
2016-09-27,90.34
2016-09-26,90.22
2016-09-23,90.19
2016-09-22,90.21
2016-09-21,90.09
2016-09-20,90.11
2016-09-19,90.04
2016-09-16,90.13
2016-09-15,90.1
2016-09-14,90.1
2016-09-13,90.14
2016-09-12,90.33
2016-09-09,90.4
2016-09-08,90.56
2016-09-07,90.68
2016-09-06,90.68
2016-09-02,90.6
2016-09-01,90.71
2016-08-31,90.75
2016-08-30,90.77
2016-08-29,90.81
2016-08-26,90.69
2016-08-25,90.77
2016-08-24,90.77
2016-08-23,90.79
2016-08-22,90.82
2016-08-19,90.69
2016-08-18,90.77
2016-08-17,90.63
2016-08-16,90.6
2016-08-15,90.53
2016-08-12,90.64
2016-08-11,90.45
2016-08-10,90.52
2016-08-09,90.47
2016-08-08,90.4
2016-08-05,90.37
2016-08-04,90.54
2016-08-03,90.42
2016-08-02,90.4
2016-08-01,90.45
2016-07-29,90.64
2016-07-28,90.51
2016-07-27,90.47
2016-07-26,90.36
2016-07-25,90.31
2016-07-22,90.35
2016-07-21,90.39
2016-07-20,90.37
2016-07-19,90.43
2016-07-18,90.42
2016-07-15,90.44
2016-07-14,90.54
2016-07-13,90.64
2016-07-12,90.66
2016-07-11,90.76
2016-07-08,90.9
2016-07-07,91.86
2016-07-06,90.98
2016-07-05,90.93
2016-07-01,90.78
2016-06-30,90.68
2016-06-29,90.59
2016-06-28,90.82
2016-06-27,90.82
2016-06-24,90.54
2016-06-23,89.87
2016-06-22,90.08
2016-06-21,90.12
2016-06-20,90.15
2016-06-17,90.33
2016-06-16,90.31
2016-06-15,90.18
2016-06-14,90.13
2016-06-13,89.98
2016-06-10,89.92
2016-06-09,89.77
2016-06-08,89.62
2016-06-07,89.53
2016-06-06,89.47
2016-06-03,89.47
2016-06-02,89.36
2016-06-01,89.25
2016-05-31,89.24
2016-05-27,89.17
2016-05-26,89.28
2016-05-25,89.24
2016-05-24,89.26
2016-05-23,89.36
2016-05-20,89.32
2016-05-19,89.39
2016-05-18,89.41
2016-05-17,89.65
2016-05-16,89.47
2016-05-13,89.61
2016-05-12,89.52
2016-05-11,89.44
2016-05-10,89.37
2016-05-09,89.35
2016-05-06,89.26
2016-05-05,89.29
2016-05-04,89.23
2016-05-03,89.22
2016-05-02,88.96
2016-04-29,88.99
2016-04-28,88.96
2016-04-27,88.86
2016-04-26,88.82
2016-04-25,88.83
2016-04-22,88.86
2016-04-21,88.93
2016-04-20,88.91
2016-04-19,89.01
2016-04-18,89.07
2016-04-15,89.03
2016-04-14,88.94
2016-04-13,88.96
2016-04-12,88.9
2016-04-11,88.94
2016-04-08,88.96
2016-04-07,88.94
2016-04-06,88.64
2016-04-05,88.59
2016-04-04,88.49
2016-04-01,88.34
2016-03-31,88.4
2016-03-30,88.26
2016-03-29,88.16
2016-03-28,88.04
2016-03-24,87.94
2016-03-23,88.05
2016-03-22,87.96
2016-03-21,87.95
2016-03-18,87.93
2016-03-17,87.9
2016-03-16,87.79
2016-03-15,87.76
2016-03-14,87.77
2016-03-11,87.71
2016-03-10,87.78
2016-03-09,87.73
2016-03-08,87.75
2016-03-07,87.67
2016-03-04,87.65
2016-03-03,87.81
2016-03-02,87.75
2016-03-01,87.85
2016-02-29,88.01
2016-02-26,88.02
2016-02-25,88.16
2016-02-24,88.1
2016-02-23,88.22
2016-02-22,88.18
2016-02-19,88.27
2016-02-18,88.33
2016-02-17,88.34
2016-02-16,88.46
2016-02-12,88.41
2016-02-11,88.63
2016-02-10,88.5
2016-02-09,88.48
2016-02-08,88.47
2016-02-05,88.24
2016-02-04,88.17
2016-02-03,88.1
2016-02-02,88.02
2016-02-01,87.79
2016-01-29,87.99
2016-01-28,87.87
2016-01-27,87.86
2016-01-26,87.81
2016-01-25,87.83
2016-01-22,87.78
2016-01-21,87.89
2016-01-20,87.95
2016-01-19,87.82
2016-01-15,87.82
2016-01-14,87.56
2016-01-13,87.71
2016-01-12,87.67
2016-01-11,87.64
2016-01-08,87.78
2016-01-07,87.75
2016-01-06,87.62
2016-01-05,87.23
2016-01-04,87.13
2015-12-31,87.32
2015-12-30,87.19
2015-12-29,87.13
2015-12-28,87.11
2015-12-24,87.07
2015-12-23,87.25
2015-12-22,87.21
2015-12-21,87.23
2015-12-18,87.19
2015-12-17,87.04
2015-12-16,86.77
2015-12-15,86.77
2015-12-14,86.85
2015-12-11,87.06
2015-12-10,86.9
2015-12-09,86.86
2015-12-08,86.77
2015-12-07,86.71
2015-12-04,86.63
2015-12-03,86.48
2015-12-02,86.76
2015-12-01,86.72
2015-11-30,86.6
2015-11-27,86.55
2015-11-25,86.53
2015-11-24,86.48
2015-11-23,86.42
2015-11-20,86.34
2015-11-19,86.32
2015-11-18,86.18
2015-11-17,86.02
2015-11-16,85.86
2015-11-13,85.91
2015-11-12,85.82
2015-11-11,85.75
2015-11-10,85.71
2015-11-09,85.66
2015-11-06,85.72
2015-11-05,86.01
2015-11-04,86.02
2015-11-03,85.99
2015-11-02,86.12
2015-10-30,86.17
2015-10-29,86.01
2015-10-28,86.08
2015-10-27,86.18
2015-10-26,86.11
2015-10-23,86.02
2015-10-22,86.15
2015-10-21,86.12
2015-10-20,86.02
2015-10-19,86.04
2015-10-16,85.97
2015-10-15,85.95
2015-10-14,86.08
2015-10-13,85.97
2015-10-12,86.02
2015-10-09,85.86
2015-10-08,85.86
2015-10-07,85.94
2015-10-06,86.05
2015-10-05,86.0
2015-10-02,86.13
2015-10-01,85.85
2015-09-30,85.86
2015-09-29,85.88
2015-09-28,85.73
2015-09-25,85.51
2015-09-24,85.55
2015-09-23,85.51
2015-09-22,85.53
2015-09-21,85.3
2015-09-18,85.39
2015-09-17,85.19
2015-09-16,84.79
2015-09-15,84.79
2015-09-14,85.12
2015-09-11,85.15
2015-09-10,85.12
2015-09-09,85.21
2015-09-08,85.19
2015-09-04,85.43
2015-09-03,85.33
2015-09-02,85.26
2015-09-01,85.39
2015-08-31,85.12
2015-08-28,85.18
2015-08-27,85.17
2015-08-26,84.96
2015-08-25,85.03
2015-08-24,85.18
2015-08-21,85.43
2015-08-20,85.25
2015-08-19,85.27
2015-08-18,85.07
2015-08-17,85.2
2015-08-14,85.19
2015-08-13,85.18
2015-08-12,85.1
2015-08-11,85.32
2015-08-10,84.94
2015-08-07,85.16
2015-08-06,85.14
2015-08-05,85.1
2015-08-04,85.14
2015-08-03,85.32
2015-07-31,85.21
2015-07-30,85.04
2015-07-29,85.03
2015-07-28,85.12
2015-07-27,85.19
2015-07-24,85.13
2015-07-23,85.06
2015-07-22,84.96
2015-07-21,84.9
2015-07-20,84.83
2015-07-17,84.81
2015-07-16,84.66
2015-07-15,84.59
2015-07-14,84.64
2015-07-13,84.56
2015-07-10,84.6
2015-07-09,84.69
2015-07-08,84.83
2015-07-07,84.52
2015-07-06,84.53
2015-07-02,84.4
2015-07-01,84.27
2015-06-30,84.26
2015-06-29,84.56
2015-06-26,84.2
2015-06-25,84.3
2015-06-24,84.39
2015-06-23,84.17
2015-06-22,84.19
2015-06-19,84.45
2015-06-18,84.3
2015-06-17,84.32
2015-06-16,84.35
2015-06-15,84.2
2015-06-12,84.17
2015-06-11,84.04
2015-06-10,83.84
2015-06-09,83.82
2015-06-08,84.0
2015-06-05,84.01
2015-06-04,84.24
2015-06-03,84.07
2015-06-02,84.14
2015-06-01,84.44
2015-05-29,84.55
2015-05-28,84.43
2015-05-27,84.43
2015-05-26,84.37
2015-05-22,84.25
2015-05-21,84.39
2015-05-20,84.12
2015-05-19,84.11
2015-05-18,84.21
2015-05-15,84.49
2015-05-14,84.44
2015-05-13,84.33
2015-05-12,84.48
2015-05-11,84.33
2015-05-08,84.63
2015-05-07,84.65
2015-05-06,84.43
2015-05-05,84.74
2015-05-04,84.81
2015-05-01,84.8
2015-04-30,84.97
2015-04-29,85.08
2015-04-28,85.22
2015-04-27,85.3
2015-04-24,85.36
2015-04-23,85.25
2015-04-22,85.29
2015-04-21,85.42
2015-04-20,85.47
2015-04-17,85.54
2015-04-16,85.48
2015-04-15,85.52
2015-04-14,85.43
2015-04-13,85.47
2015-04-10,85.44
2015-04-09,85.48
2015-04-08,85.56
2015-04-07,85.58
2015-04-06,85.48
2015-04-02,85.49
2015-04-01,85.62
2015-03-31,85.58
2015-03-30,85.49
2015-03-27,85.57
2015-03-26,85.49
2015-03-25,85.56
2015-03-24,85.72
2015-03-23,85.59
2015-03-20,85.48
2015-03-19,85.5
2015-03-18,85.53
2015-03-17,85.02
2015-03-16,84.98
2015-03-13,84.95
2015-03-12,84.95
2015-03-11,84.7
2015-03-10,84.82
2015-03-09,84.5
2015-03-06,84.21
2015-03-05,85.02
2015-03-04,85.11
2015-03-03,84.95
2015-03-02,85.06
2015-02-27,85.39
2015-02-26,85.12
2015-02-25,85.3
2015-02-24,85.32
2015-02-23,85.17
2015-02-20,84.99
2015-02-19,84.9
2015-02-18,85.0
2015-02-17,84.81
2015-02-13,84.89
2015-02-12,84.99
2015-02-11,85.01
2015-02-10,85.18
2015-02-09,85.41
2015-02-06,85.54
2015-02-05,85.89
2015-02-04,86.04
2015-02-03,85.99
2015-02-02,86.29
2015-01-30,86.36
2015-01-29,86.21
2015-01-28,86.25
2015-01-27,86.04
2015-01-26,85.93
2015-01-23,86.06
2015-01-22,85.78
2015-01-21,85.81
2015-01-20,86.02
2015-01-16,85.91
2015-01-15,86.06
2015-01-14,85.88
2015-01-13,85.67
2015-01-12,85.64
2015-01-09,85.54
2015-01-08,85.38
2015-01-07,85.42
2015-01-06,85.21
2015-01-05,84.97
2015-01-02,84.79
2014-12-31,85.0
2014-12-30,84.87
2014-12-29,84.83
2014-12-26,84.64
2014-12-24,84.6
2014-12-23,84.59
2014-12-22,84.58
2014-12-19,84.61
2014-12-18,84.55
2014-12-17,84.57
2014-12-16,84.75
2014-12-15,84.62
2014-12-12,84.77
2014-12-11,84.61
2014-12-10,84.68
2014-12-09,84.55
2014-12-08,84.37
2014-12-05,84.34
2014-12-04,84.42
2014-12-03,84.37
2014-12-02,84.26
2014-12-01,84.29
2014-11-28,84.32
2014-11-26,84.21
2014-11-25,84.08
2014-11-24,84.07
2014-11-21,84.04
2014-11-20,83.97
2014-11-19,83.81
2014-11-18,83.94
2014-11-17,83.94
2014-11-14,84.07
2014-11-13,84.04
2014-11-12,84.04
2014-11-11,84.04
2014-11-10,83.98
2014-11-07,84.03
2014-11-06,83.84
2014-11-05,83.94
2014-11-04,84.0
2014-11-03,84.1
2014-10-31,84.22
2014-10-30,84.33
2014-10-29,84.24
2014-10-28,84.17
2014-10-27,84.17
2014-10-24,84.2
2014-10-23,84.08
2014-10-22,84.31
2014-10-21,84.31
2014-10-20,84.5
2014-10-17,84.6
2014-10-16,84.71
2014-10-15,85.01
2014-10-14,84.82
2014-10-13,84.73
2014-10-10,84.37
2014-10-09,84.31
2014-10-08,84.23
2014-10-07,84.17
2014-10-06,83.98
2014-10-03,84.01
2014-10-02,83.95
2014-10-01,84.05
2014-09-30,83.76
2014-09-29,83.73
2014-09-26,83.65
2014-09-25,83.85
2014-09-24,83.55
2014-09-23,83.65
2014-09-22,83.58
2014-09-19,83.52
2014-09-18,83.43
2014-09-17,83.34
2014-09-16,83.29
2014-09-15,83.36
2014-09-12,83.23
2014-09-11,83.39
2014-09-10,83.34
2014-09-09,83.49
2014-09-08,83.56
2014-09-05,83.56
2014-09-04,83.5
2014-09-03,83.6
2014-09-02,83.65
2014-08-29,83.83
2014-08-28,83.75
2014-08-27,83.67
2014-08-26,83.58
2014-08-25,83.5
2014-08-22,83.47
2014-08-21,83.46
2014-08-20,83.35
2014-08-19,83.23
2014-08-18,83.43
2014-08-15,83.4
2014-08-14,83.28
2014-08-13,83.21
2014-08-12,83.18
2014-08-11,83.12
2014-08-08,83.17
2014-08-07,83.11
2014-08-06,83.0
2014-08-05,82.75
2014-08-04,82.81
2014-08-01,83.08
2014-07-31,82.78
2014-07-30,82.67
2014-07-29,83.01
2014-07-28,82.95
2014-07-25,82.92
2014-07-24,82.76
2014-07-23,82.89
2014-07-22,82.77
2014-07-21,82.69
2014-07-18,82.58
2014-07-17,82.6
2014-07-16,82.45
2014-07-15,82.26
2014-07-14,82.14
2014-07-11,82.21
2014-07-10,82.24
2014-07-09,82.13
2014-07-08,82.11
2014-07-07,81.99
2014-07-03,82.05
2014-07-02,82.03
2014-07-01,82.39
2014-06-30,82.41
2014-06-27,82.44
2014-06-26,82.52
2014-06-25,82.36
2014-06-24,82.03
2014-06-23,82.06
2014-06-20,81.95
2014-06-19,82.02
2014-06-18,82.11
2014-06-17,81.85
2014-06-16,81.86
2014-06-13,81.92
2014-06-12,82.05
2014-06-11,81.95
2014-06-10,81.87
2014-06-09,82.1
2014-06-06,82.17
2014-06-05,82.2
2014-06-04,82.08
2014-06-03,82.22
2014-06-02,82.39
2014-05-30,82.54
2014-05-29,82.62
2014-05-28,82.59
2014-05-27,82.44
2014-05-23,82.43
2014-05-22,82.4
2014-05-21,82.37
2014-05-20,82.46
2014-05-19,82.43
2014-05-16,82.46
2014-05-15,82.58
2014-05-14,82.34
2014-05-13,82.1
2014-05-12,82.06
2014-05-09,82.06
2014-05-08,82.03
2014-05-07,81.84
2014-05-06,81.82
2014-05-05,81.72
2014-05-02,81.68
2014-05-01,81.76
2014-04-30,81.62
2014-04-29,81.51
2014-04-28,81.58
2014-04-25,81.6
2014-04-24,81.48
2014-04-23,81.39
2014-04-22,81.33
2014-04-21,81.3
2014-04-17,81.17
2014-04-16,81.36
2014-04-15,81.39
2014-04-14,81.29
2014-04-11,81.37
2014-04-10,81.12
2014-04-09,80.78
2014-04-08,80.9
2014-04-07,80.88
2014-04-04,80.74
2014-04-03,80.48
2014-04-02,80.38
2014-04-01,80.46
2014-03-31,80.62
2014-03-28,80.58
2014-03-27,80.61
2014-03-26,80.45
2014-03-25,80.18
2014-03-24,80.29
2014-03-21,80.37
2014-03-20,80.31
2014-03-19,80.32
2014-03-18,80.68
2014-03-17,80.74
2014-03-14,80.58
2014-03-13,80.55
2014-03-12,80.37
2014-03-11,80.15
2014-03-10,80.08
2014-03-07,79.91
2014-03-06,80.31
2014-03-05,80.41
2014-03-04,80.56
2014-03-03,80.67
2014-02-28,80.55
2014-02-27,80.36
2014-02-26,80.13
2014-02-25,80.02
2014-02-24,79.87
2014-02-21,79.78
2014-02-20,79.7
2014-02-19,79.7
2014-02-18,79.57
2014-02-14,79.66
2014-02-13,79.75
2014-02-12,79.76
2014-02-11,79.88
2014-02-10,79.79
2014-02-07,79.72
2014-02-06,79.54
2014-02-05,79.46
2014-02-04,79.54
2014-02-03,79.81
2014-01-31,79.72
2014-01-30,79.65
2014-01-29,79.5
2014-01-28,79.53
2014-01-27,79.45
2014-01-24,79.62
2014-01-23,79.49
2014-01-22,79.23
2014-01-21,79.31
2014-01-17,79.41
2014-01-16,79.25
2014-01-15,79.09
2014-01-14,79.11
2014-01-13,79.05
2014-01-10,79.02
2014-01-09,78.52
2014-01-08,78.22
2014-01-07,78.16
2014-01-06,78.03
2014-01-03,77.98
2014-01-02,77.97
2013-12-31,77.73
2013-12-30,77.79
2013-12-27,77.61
2013-12-26,77.67
2013-12-24,77.67
2013-12-23,77.66
2013-12-20,77.83
2013-12-19,77.85
2013-12-18,77.99
2013-12-17,78.0
2013-12-16,77.89
2013-12-13,77.84
2013-12-12,77.81
2013-12-11,77.83
2013-12-10,77.92
2013-12-09,77.7
2013-12-06,77.71
2013-12-05,77.66
2013-12-04,77.71
2013-12-03,78.01
2013-12-02,77.8
2013-11-29,78.05
2013-11-27,78.09
2013-11-26,78.06
2013-11-25,78.04
2013-11-22,77.99
2013-11-21,77.95
2013-11-20,77.96
2013-11-19,78.11
2013-11-18,78.22
2013-11-15,78.01
2013-11-14,77.95
2013-11-13,77.81
2013-11-12,77.74
2013-11-11,77.83
2013-11-08,77.76
2013-11-07,78.3
2013-11-06,78.12
2013-11-05,78.06
2013-11-04,78.2
2013-11-01,78.14
2013-10-31,78.42
2013-10-30,78.34
2013-10-29,78.38
2013-10-28,78.29
2013-10-25,78.17
2013-10-24,78.15
2013-10-23,77.89
2013-10-22,77.57
2013-10-21,77.21
2013-10-18,77.28
2013-10-17,77.19
2013-10-16,76.9
2013-10-15,76.48
2013-10-14,76.61
2013-10-11,76.84
2013-10-10,77.03
2013-10-09,77.09
2013-10-08,77.14
2013-10-07,77.32
2013-10-04,77.36
2013-10-03,77.44
2013-10-02,77.48
2013-10-01,77.35
2013-09-30,77.48
2013-09-27,77.41
2013-09-26,77.41
2013-09-25,77.41
2013-09-24,77.32
2013-09-23,77.11
2013-09-20,76.99
2013-09-19,76.92
2013-09-18,76.99
2013-09-17,76.23
2013-09-16,75.95
2013-09-13,75.59
2013-09-12,75.53
2013-09-11,75.3
2013-09-10,75.16
2013-09-09,75.09
2013-09-06,75.06
2013-09-05,74.91
2013-09-04,75.23
2013-09-03,75.19
2013-08-30,75.37
2013-08-29,75.35
2013-08-28,75.33
2013-08-27,75.49
2013-08-26,75.5
2013-08-23,75.67
2013-08-22,75.33
2013-08-21,75.34
2013-08-20,75.55
2013-08-19,75.17
2013-08-16,75.36
2013-08-15,75.68
2013-08-14,76.07
2013-08-13,76.09
2013-08-12,76.58
2013-08-09,76.48
2013-08-08,76.51
2013-08-07,76.45
2013-08-06,76.32
2013-08-05,76.43
2013-08-02,76.66
2013-08-01,76.57
2013-07-31,76.69
2013-07-30,76.68
2013-07-29,76.7
2013-07-26,76.85
2013-07-25,76.31
2013-07-24,76.09
2013-07-23,76.62
2013-07-22,76.56
2013-07-19,77.07
2013-07-18,77.49
2013-07-17,77.55
2013-07-16,77.39
2013-07-15,77.33
2013-07-12,77.83
2013-07-11,77.47
2013-07-10,76.77
2013-07-09,76.88
2013-07-08,76.65
2013-07-05,76.3
2013-07-03,77.49
2013-07-02,77.97
2013-07-01,77.96
2013-06-28,77.3
2013-06-27,77.93
2013-06-26,77.25
2013-06-25,75.67
2013-06-24,74.58
2013-06-21,75.28
2013-06-20,76.59
2013-06-19,77.97
2013-06-18,78.38
2013-06-17,78.75
2013-06-14,78.96
2013-06-13,78.91
2013-06-12,78.4
2013-06-11,79.15
2013-06-10,78.85
2013-06-07,79.33
2013-06-06,79.54
2013-06-05,79.36
2013-06-04,79.18
2013-06-03,79.4
2013-05-31,79.43
2013-05-30,80.16
2013-05-29,80.13
2013-05-28,80.47
2013-05-24,81.27
2013-05-23,81.28
2013-05-22,81.2
2013-05-21,81.3
2013-05-20,81.35
2013-05-17,81.45
2013-05-16,81.63
2013-05-15,81.48
2013-05-14,81.49
2013-05-13,81.42
2013-05-10,81.33
2013-05-09,81.64
2013-05-08,81.71
2013-05-07,81.71
2013-05-06,81.85
2013-05-03,81.95
2013-05-02,82.1
2013-05-01,82.0
2013-04-30,81.93
2013-04-29,81.87
2013-04-26,81.83
2013-04-25,81.73
2013-04-24,81.6
2013-04-23,81.64
2013-04-22,81.6
2013-04-19,81.67
2013-04-18,81.73
2013-04-17,81.64
2013-04-16,81.49
2013-04-15,81.43
2013-04-12,81.45
2013-04-11,81.34
2013-04-10,81.18
2013-04-09,81.22
2013-04-08,81.4
2013-04-05,81.29
2013-04-04,81.04
2013-04-03,80.99
2013-04-02,80.86
2013-04-01,80.69
2013-03-28,80.52
2013-03-27,80.37
2013-03-26,80.34
2013-03-25,80.33
2013-03-22,80.47
2013-03-21,80.24
2013-03-20,80.31
2013-03-19,80.39
2013-03-18,80.26
2013-03-15,80.24
2013-03-14,80.13
2013-03-13,80.31
2013-03-12,80.48
2013-03-11,80.42
2013-03-08,80.64
2013-03-07,81.07
2013-03-06,81.39
2013-03-05,81.64
2013-03-04,81.67
2013-03-01,81.75
2013-02-28,81.58
2013-02-27,81.52
2013-02-26,81.38
2013-02-25,81.33
2013-02-22,81.36
2013-02-21,81.38
2013-02-20,81.28
2013-02-19,81.26
2013-02-15,81.24
2013-02-14,81.24
2013-02-13,81.41
2013-02-12,81.41
2013-02-11,81.46
2013-02-08,81.69
2013-02-07,81.52
2013-02-06,81.66
2013-02-05,81.54
2013-02-04,81.59
2013-02-01,81.44
2013-01-31,81.15
2013-01-30,81.12
2013-01-29,81.08
2013-01-28,81.14
2013-01-25,81.48
2013-01-24,81.75
2013-01-23,81.68
2013-01-22,81.85
2013-01-18,81.93
2013-01-17,81.79
2013-01-16,81.78
2013-01-15,81.72
2013-01-14,81.79
2013-01-11,81.79
2013-01-10,81.6
2013-01-09,81.65
2013-01-08,81.46
2013-01-07,81.31
2013-01-04,81.17
2013-01-03,81.35
2013-01-02,81.34
2012-12-31,80.5
2012-12-28,80.33
2012-12-27,80.62
2012-12-26,80.59
2012-12-24,80.52
2012-12-21,80.45
2012-12-20,80.46
2012-12-19,80.29
2012-12-18,79.7
2012-12-17,79.96
2012-12-14,80.61
2012-12-13,81.57
2012-12-12,81.79
2012-12-11,81.93
2012-12-10,82.15
2012-12-07,82.19
2012-12-06,82.29
2012-12-05,82.29
2012-12-04,82.26
2012-12-03,82.52
2012-11-30,82.63
2012-11-29,82.46
2012-11-28,82.25
2012-11-27,82.14
2012-11-26,82.2
2012-11-23,82.15
2012-11-21,82.16
2012-11-20,82.17
2012-11-19,82.02
2012-11-16,81.83
2012-11-15,82.09
2012-11-14,81.68
2012-11-13,82.14
2012-11-12,82.2
2012-11-09,81.9
2012-11-08,81.57
2012-11-07,81.51
2012-11-06,81.3
2012-11-05,81.25
2012-11-02,81.14
2012-11-01,81.11
2012-10-31,81.31
2012-10-26,81.13
2012-10-25,81.03
2012-10-24,81.0
2012-10-23,81.02
2012-10-22,80.96
2012-10-19,80.91
2012-10-18,80.89
2012-10-17,80.88
2012-10-16,81.08
2012-10-15,81.01
2012-10-12,81.04
2012-10-11,80.95
2012-10-10,80.96
2012-10-09,80.92
2012-10-08,81.02
2012-10-05,80.99
2012-10-04,81.04
2012-10-03,81.05
2012-10-02,80.94
2012-10-01,80.89
2012-09-28,80.93
2012-09-27,80.76
2012-09-26,80.77
2012-09-25,80.6
2012-09-24,80.42
2012-09-21,80.38
2012-09-20,80.3
2012-09-19,80.29
2012-09-18,80.06
2012-09-17,79.98
2012-09-14,79.9
2012-09-13,80.21
2012-09-12,80.23
2012-09-11,80.34
2012-09-10,80.24
2012-09-07,80.34
2012-09-06,80.31
2012-09-05,80.54
2012-09-04,80.35
2012-08-31,80.47
2012-08-30,80.44
2012-08-29,80.42
2012-08-28,80.27
2012-08-27,80.43
2012-08-24,80.2
2012-08-23,80.12
2012-08-22,80.04
2012-08-21,80.01
2012-08-20,79.94
2012-08-17,79.99
2012-08-16,79.92
2012-08-15,80.02
2012-08-14,80.22
2012-08-13,80.23
2012-08-10,80.34
2012-08-09,80.31
2012-08-08,80.3
2012-08-07,80.25
2012-08-06,80.46
2012-08-03,80.36
2012-08-02,80.41
2012-08-01,80.41
2012-07-31,80.59
2012-07-30,80.46
2012-07-27,80.27
2012-07-26,80.61
2012-07-25,80.56
2012-07-24,80.4
2012-07-23,80.29
2012-07-20,80.35
2012-07-19,80.23
2012-07-18,79.99
2012-07-17,79.73
2012-07-16,79.55
2012-07-13,79.45
2012-07-12,79.39
2012-07-11,79.21
2012-07-10,79.4
2012-07-09,79.12
2012-07-06,79.01
2012-07-05,78.71
2012-07-03,78.52
2012-07-02,78.58
2012-06-29,78.96
2012-06-28,79.02
2012-06-27,78.91
2012-06-26,79.01
2012-06-25,78.98
2012-06-22,78.76
2012-06-21,78.78
2012-06-20,78.68
2012-06-19,78.88
2012-06-18,78.88
2012-06-15,79.19
2012-06-14,79.15
2012-06-13,79.04
2012-06-12,78.69
2012-06-11,78.94
2012-06-08,79.2
2012-06-07,79.09
2012-06-06,79.1
2012-06-05,79.14
2012-06-04,79.57
2012-06-01,79.66
2012-05-31,79.53
2012-05-30,79.39
2012-05-29,79.33
2012-05-25,79.32
2012-05-24,79.27
2012-05-23,79.34
2012-05-22,79.31
2012-05-21,79.36
2012-05-18,79.42
2012-05-17,79.39
2012-05-16,79.29
2012-05-15,79.34
2012-05-14,78.66
2012-05-11,79.37
2012-05-10,79.24
2012-05-09,79.37
2012-05-08,79.54
2012-05-07,79.48
2012-05-04,79.58
2012-05-03,78.98
2012-05-02,78.75
2012-05-01,78.58
2012-04-30,78.59
2012-04-27,78.68
2012-04-26,78.53
2012-04-25,78.53
2012-04-24,78.46
2012-04-23,78.18
2012-04-20,78.42
2012-04-19,78.43
2012-04-18,78.06
2012-04-17,77.99
2012-04-16,77.71
2012-04-13,77.75
2012-04-12,77.52
2012-04-11,77.89
2012-04-10,77.76
2012-04-09,77.59
2012-04-05,77.08
2012-04-04,77.36
2012-04-03,77.32
2012-04-02,77.86
2012-03-30,77.91
2012-03-29,77.95
2012-03-28,78.02
2012-03-27,77.94
2012-03-26,77.74
2012-03-23,77.48
2012-03-22,77.45
2012-03-21,77.03
2012-03-20,76.56
2012-03-19,76.64
2012-03-16,76.86
2012-03-15,76.56
2012-03-14,77.16
2012-03-13,77.89
2012-03-12,78.09
2012-03-09,77.97
2012-03-08,78.07
2012-03-07,78.17
2012-03-06,78.38
2012-03-05,78.48
2012-03-02,78.41
2012-03-01,78.48
2012-02-29,78.55
2012-02-28,78.45
2012-02-27,78.31
2012-02-24,78.41
2012-02-23,79.16
2012-02-22,80.81
2012-02-21,80.62
2012-02-17,80.45
2012-02-16,80.5
2012-02-15,80.61
2012-02-14,80.74
2012-02-13,80.93
2012-02-10,79.97
2012-02-09,79.55
2012-02-08,79.81
2012-02-07,79.42
2012-02-06,79.19
2012-02-03,79.85
2012-02-02,80.4
2012-02-01,79.98
2012-01-31,79.4
2012-01-30,79.88
2012-01-27,79.83
2012-01-26,79.97
2012-01-25,79.22
2012-01-24,78.69
2012-01-23,78.47
2012-01-20,78.31
2012-01-19,78.62
2012-01-18,78.52
2012-01-17,78.48
2012-01-13,78.42
2012-01-12,78.22
2012-01-11,78.17
2012-01-10,77.96
2012-01-09,78.59
2012-01-06,78.33
2012-01-05,77.26
2012-01-04,76.91
2012-01-03,76.77
2011-12-30,76.69
2011-12-29,77.4
2011-12-28,76.79
2011-12-27,76.8
2011-12-23,76.5
2011-12-22,76.59
2011-12-21,76.27
2011-12-20,76.16
2011-12-19,76.11
2011-12-16,76.05
2011-12-15,75.91
2011-12-14,75.83
2011-12-13,75.69
2011-12-12,75.77
2011-12-09,75.74
2011-12-08,75.63
2011-12-07,75.69
2011-12-06,75.44
2011-12-05,75.03
2011-12-02,75.07
2011-12-01,74.81
2011-11-30,74.82
2011-11-29,74.86
2011-11-28,74.87
2011-11-25,75.0
2011-11-23,75.08
2011-11-22,75.02
2011-11-21,74.93
2011-11-18,74.78
2011-11-17,74.69
2011-11-16,74.62
2011-11-15,74.58
2011-11-14,74.74
2011-11-11,74.8
2011-11-10,74.78
2011-11-09,74.68
2011-11-08,74.5
2011-11-07,74.67
2011-11-04,74.74
2011-11-03,74.73
2011-11-02,74.85
2011-11-01,74.81
2011-10-31,74.35
2011-10-28,74.43
2011-10-27,74.44
2011-10-26,74.66
2011-10-25,74.48
2011-10-24,74.47
2011-10-21,74.59
2011-10-20,74.4
2011-10-19,74.27
2011-10-18,74.34
2011-10-17,74.1
2011-10-14,74.23
2011-10-13,74.57
2011-10-12,74.06
2011-10-11,73.72
2011-10-10,74.15
2011-10-07,74.18
2011-10-06,73.98
2011-10-05,74.22
2011-10-04,74.73
2011-10-03,74.9
2011-09-30,74.75
2011-09-29,74.76
2011-09-28,74.69
2011-09-27,75.04
2011-09-26,75.08
2011-09-23,75.17
2011-09-22,75.04
2011-09-21,74.64
2011-09-20,74.53
2011-09-19,74.46
2011-09-16,74.27
2011-09-15,74.39
2011-09-14,74.5
2011-09-13,74.48
2011-09-12,74.59
2011-09-09,74.39
2011-09-08,74.48
2011-09-07,74.22
2011-09-06,74.28
2011-09-02,74.01
2011-09-01,74.47
2011-08-31,74.78
2011-08-30,74.24
2011-08-29,74.23
2011-08-26,74.28
2011-08-25,74.14
2011-08-24,73.92
2011-08-23,73.96
2011-08-22,74.03
2011-08-19,73.93
2011-08-18,74.09
2011-08-17,73.79
2011-08-16,73.63
2011-08-15,73.41
2011-08-12,73.14
2011-08-11,72.68
2011-08-10,73.25
2011-08-09,72.51
2011-08-08,72.34
2011-08-05,73.37
2011-08-04,73.33
2011-08-03,73.14
2011-08-02,72.47
2011-08-01,72.31
2011-07-29,72.33
2011-07-28,72.23
2011-07-27,72.37
2011-07-26,72.61
2011-07-25,72.66
2011-07-22,73.0
2011-07-21,72.82
2011-07-20,72.78
2011-07-19,72.52
2011-07-18,72.28
2011-07-15,72.38
2011-07-14,72.33
2011-07-13,72.42
2011-07-12,72.25
2011-07-11,72.22
2011-07-08,71.7
2011-07-07,71.69
2011-07-06,71.84
2011-07-05,71.78
2011-07-01,71.72
2011-06-30,71.94
2011-06-29,71.85
2011-06-28,72.1
2011-06-27,72.24
2011-06-24,72.2
2011-06-23,72.07
2011-06-22,72.11
2011-06-21,72.18
2011-06-20,71.99
2011-06-17,71.97
2011-06-16,71.98
2011-06-15,71.68
2011-06-14,71.73
2011-06-13,71.64
2011-06-10,71.77
2011-06-09,72.02
2011-06-08,72.11
2011-06-07,72.01
2011-06-06,72.01
2011-06-03,72.14
2011-06-02,72.11
2011-06-01,71.98
2011-05-31,72.03
2011-05-27,71.75
2011-05-26,71.58
2011-05-25,71.46
2011-05-24,71.75
2011-05-23,71.59
2011-05-20,71.4
2011-05-19,71.55
2011-05-18,71.79
2011-05-17,71.93
2011-05-16,71.52
2011-05-13,71.57
2011-05-12,71.48
2011-05-11,71.08
2011-05-10,70.92
2011-05-09,70.91
2011-05-06,70.85
2011-05-05,70.85
2011-05-04,70.68
2011-05-03,70.45
2011-05-02,70.48
2011-04-29,70.39
2011-04-28,70.25
2011-04-27,70.08
2011-04-26,69.98
2011-04-25,69.83
2011-04-21,69.71
2011-04-20,69.64
2011-04-19,69.6
2011-04-18,69.44
2011-04-15,69.35
2011-04-14,69.04
2011-04-13,68.94
2011-04-12,68.94
2011-04-11,68.82
2011-04-08,68.77
2011-04-07,68.89
2011-04-06,68.53
2011-04-05,68.81
2011-04-04,68.81
2011-04-01,68.86
2011-03-31,68.49
2011-03-30,68.59
2011-03-29,68.66
2011-03-28,68.77
2011-03-25,68.75
2011-03-24,68.77
2011-03-23,68.87
2011-03-22,68.77
2011-03-21,69.03
2011-03-18,69.03
2011-03-17,69.05
2011-03-16,69.14
2011-03-15,68.89
2011-03-14,68.73
2011-03-11,68.8
2011-03-10,68.89
2011-03-09,68.83
2011-03-08,68.68
2011-03-07,68.41
2011-03-04,68.86
2011-03-03,69.08
2011-03-02,69.01
2011-03-01,69.19
2011-02-28,69.32
2011-02-25,69.12
2011-02-24,69.01
2011-02-23,68.66
2011-02-22,68.47
2011-02-18,68.79
2011-02-17,68.66
2011-02-16,68.26
2011-02-15,68.39
2011-02-14,68.49
2011-02-11,69.2
2011-02-10,68.11
2011-02-09,67.84
2011-02-08,67.64
2011-02-07,67.67
2011-02-04,67.63
2011-02-03,67.8
2011-02-02,67.89
2011-02-01,68.1
2011-01-31,67.76
2011-01-28,68.12
2011-01-27,67.99
2011-01-26,68.07
2011-01-25,67.57
2011-01-24,67.64
2011-01-21,67.31
2011-01-20,66.73
2011-01-19,66.75
2011-01-18,66.64
2011-01-14,65.88
2011-01-13,66.6
2011-01-12,67.38
2011-01-11,67.79
2011-01-10,67.81
2011-01-07,67.91
2011-01-06,67.85
2011-01-05,68.04
2011-01-04,68.35
2011-01-03,68.15
2010-12-31,67.88
2010-12-30,67.85
2010-12-29,67.66
2010-12-28,67.64
2010-12-27,67.84
2010-12-23,67.63
2010-12-22,67.73
2010-12-21,67.57
2010-12-20,67.46
2010-12-17,68.2
2010-12-16,67.3
2010-12-15,66.69
2010-12-14,66.39
2010-12-13,67.56
2010-12-10,67.68
2010-12-09,67.87
2010-12-08,67.72
2010-12-07,68.23
2010-12-06,69.24
2010-12-03,69.33
2010-12-02,69.25
2010-12-01,69.27
2010-11-30,69.63
2010-11-29,69.26
2010-11-26,69.58
2010-11-24,69.28
2010-11-23,69.64
2010-11-22,69.57
2010-11-19,69.26
2010-11-18,68.69
2010-11-17,68.39
2010-11-16,68.3
2010-11-15,68.71
2010-11-12,70.0
2010-11-11,69.78
2010-11-10,70.61
2010-11-09,71.0
2010-11-08,71.58
2010-11-05,71.65
2010-11-04,71.68
2010-11-03,71.68
2010-11-02,71.64
2010-11-01,71.63
2010-10-29,71.63
2010-10-28,71.58
2010-10-27,71.64
2010-10-26,72.04
2010-10-25,72.09
2010-10-22,72.1
2010-10-21,72.06
2010-10-20,72.04
2010-10-19,72.08
2010-10-18,72.01
2010-10-15,71.99
2010-10-14,72.08
2010-10-13,72.16
2010-10-12,72.19
2010-10-11,72.27
2010-10-08,72.21
2010-10-07,72.17
2010-10-06,72.05
2010-10-05,71.95
2010-10-04,71.96
2010-10-01,72.15
2010-09-30,72.21
2010-09-29,72.2
2010-09-28,72.27
2010-09-27,72.23
2010-09-24,72.16
2010-09-23,72.2
2010-09-22,72.12
2010-09-21,71.95
2010-09-20,71.91
2010-09-17,71.91
2010-09-16,71.93
2010-09-15,71.97
2010-09-14,71.95
2010-09-13,71.95
2010-09-10,71.99
2010-09-09,72.01
2010-09-08,72.13
2010-09-07,72.16
2010-09-03,72.1
2010-09-02,72.27
2010-09-01,72.18
2010-08-31,72.24
2010-08-30,72.25
2010-08-27,72.26
2010-08-26,72.27
2010-08-25,72.29
2010-08-24,72.08
2010-08-23,71.88
2010-08-20,71.88
2010-08-19,71.69
2010-08-18,71.6
2010-08-17,71.44
2010-08-16,71.44
2010-08-13,71.41
2010-08-12,71.36
2010-08-11,71.21
2010-08-10,71.07
2010-08-09,70.96
2010-08-06,70.96
2010-08-05,70.89
2010-08-04,70.89
2010-08-03,70.8
2010-08-02,70.81
2010-07-30,70.71
2010-07-29,70.79
2010-07-28,71.09
2010-07-27,70.78
2010-07-26,70.52
2010-07-23,70.49
2010-07-22,70.52
2010-07-21,70.45
2010-07-20,70.34
2010-07-19,70.25
2010-07-16,70.31
2010-07-15,70.3
2010-07-14,70.14
2010-07-13,70.02
2010-07-12,69.96
2010-07-09,69.97
2010-07-08,69.95
2010-07-07,69.94
2010-07-06,69.81
2010-07-02,69.87
2010-07-01,69.8
2010-06-30,69.73
2010-06-29,69.64
2010-06-28,69.62
2010-06-25,69.6
2010-06-24,69.54
2010-06-23,69.54
2010-06-22,69.54
2010-06-21,69.56
2010-06-18,69.57
2010-06-17,69.63
2010-06-16,69.54
2010-06-15,69.49
2010-06-14,69.58
2010-06-11,69.68
2010-06-10,69.68
2010-06-09,69.87
2010-06-08,69.9
2010-06-07,69.82
2010-06-04,69.83
2010-06-03,69.92
2010-06-02,69.94
2010-06-01,69.91
2010-05-28,69.97
2010-05-27,69.92
2010-05-26,70.04
2010-05-25,70.07
2010-05-24,69.88
2010-05-21,69.87
2010-05-20,69.87
2010-05-19,69.74
2010-05-18,69.71
2010-05-17,69.6
2010-05-14,69.54
2010-05-13,69.6
2010-05-12,69.51
2010-05-11,69.53
2010-05-10,69.51
2010-05-07,69.36
2010-05-06,69.47
2010-05-05,69.44
2010-05-04,69.42
2010-05-03,69.47
2010-04-30,69.39
2010-04-29,69.34
2010-04-28,69.42
2010-04-27,69.32
2010-04-26,69.32
2010-04-23,69.19
2010-04-22,69.19
2010-04-21,69.19
2010-04-20,68.91
2010-04-19,68.9
2010-04-16,68.94
2010-04-15,68.86
2010-04-14,68.82
2010-04-13,68.71
2010-04-12,68.66
2010-04-09,68.6
2010-04-08,68.65
2010-04-07,68.55
2010-04-06,68.51
2010-04-05,68.48
2010-04-01,68.66
2010-03-31,68.61
2010-03-30,68.64
2010-03-29,68.67
2010-03-26,68.68
2010-03-25,68.68
2010-03-24,68.94
2010-03-23,69.01
2010-03-22,68.99
2010-03-19,69.0
2010-03-18,68.96
2010-03-17,68.9
2010-03-16,68.92
2010-03-15,68.88
2010-03-12,68.98
2010-03-11,68.88
2010-03-10,68.92
2010-03-09,68.89
2010-03-08,68.88
2010-03-05,68.87
2010-03-04,68.83
2010-03-03,68.75
2010-03-02,68.69
2010-03-01,68.62
2010-02-26,68.65
2010-02-25,68.57
2010-02-24,68.54
2010-02-23,68.43
2010-02-22,68.36
2010-02-19,68.42
2010-02-18,68.39
2010-02-17,68.48
2010-02-16,68.42
2010-02-12,68.42
2010-02-11,68.43
2010-02-10,68.42
2010-02-09,68.36
2010-02-08,68.39
2010-02-05,68.41
2010-02-04,68.39
2010-02-03,68.16
2010-02-02,68.13
2010-02-01,68.12
2010-01-29,68.08
2010-01-28,68.01
2010-01-27,68.02
2010-01-26,68.09
2010-01-25,68.22
2010-01-22,68.13
2010-01-21,68.18
2010-01-20,68.15
2010-01-19,68.12
2010-01-15,68.19
2010-01-14,68.13
2010-01-13,67.93
2010-01-12,68.12
2010-01-11,67.99
2010-01-08,67.99
2010-01-07,67.97
2010-01-06,67.89
2010-01-05,67.99
2010-01-04,67.92
2009-12-31,67.82
2009-12-30,67.76
2009-12-29,67.87
2009-12-28,67.82
2009-12-24,67.82
2009-12-23,67.93
2009-12-22,67.81
2009-12-21,67.93
2009-12-18,67.87
2009-12-17,67.87
2009-12-16,67.81
2009-12-15,67.87
2009-12-14,67.88
2009-12-11,67.88
2009-12-10,67.89
2009-12-09,68.06
2009-12-08,68.02
2009-12-07,67.83
2009-12-04,67.88
2009-12-03,67.68
2009-12-02,67.74
2009-12-01,67.62
2009-11-30,67.57
2009-11-27,67.56
2009-11-25,67.47
2009-11-24,67.43
2009-11-23,67.41
2009-11-20,67.3
2009-11-19,67.32
2009-11-18,67.14
2009-11-17,67.17
2009-11-16,67.12
2009-11-13,67.08
2009-11-12,66.94
2009-11-11,66.99
2009-11-10,66.95
2009-11-09,67.08
2009-11-06,67.07
2009-11-05,67.06
2009-11-04,67.07
2009-11-03,67.14
2009-11-02,67.19
2009-10-30,67.22
2009-10-29,67.29
2009-10-28,67.3
2009-10-27,67.49
2009-10-26,67.49
2009-10-23,67.57
2009-10-22,67.41
2009-10-21,67.57
2009-10-20,67.3
2009-10-19,67.13
2009-10-16,67.35
2009-10-15,67.33
2009-10-14,66.84
2009-10-13,67.49
2009-10-12,67.49
2009-10-09,67.55
2009-10-08,68.19
2009-10-07,68.57
2009-10-06,68.91
2009-10-05,68.89
2009-10-02,68.45
2009-10-01,68.63
2009-09-30,69.02
2009-09-29,68.92
2009-09-28,68.86
2009-09-25,68.69
2009-09-24,68.33
2009-09-23,68.74
2009-09-22,68.67
2009-09-21,68.37
2009-09-18,68.37
2009-09-17,68.28
2009-09-16,67.88
2009-09-15,68.04
2009-09-14,68.0
2009-09-11,67.9
2009-09-10,67.55
2009-09-09,67.45
2009-09-08,67.47
2009-09-04,67.44
2009-09-03,67.45
2009-09-02,67.27
2009-09-01,66.86
2009-08-31,66.81
2009-08-28,66.76
2009-08-27,66.47
2009-08-26,66.38
2009-08-25,66.08
2009-08-24,66.01
2009-08-21,66.22
2009-08-20,66.25
2009-08-19,66.24
2009-08-18,66.13
2009-08-17,65.91
2009-08-14,65.91
2009-08-13,65.7
2009-08-12,65.76
2009-08-11,65.58
2009-08-10,65.86
2009-08-07,65.78
2009-08-06,65.82
2009-08-05,65.81
2009-08-04,65.65
2009-08-03,65.56
2009-07-31,65.57
2009-07-30,65.49
2009-07-29,65.36
2009-07-28,65.36
2009-07-27,65.26
2009-07-24,65.3
2009-07-23,65.39
2009-07-22,65.28
2009-07-21,65.24
2009-07-20,65.25
2009-07-17,65.28
2009-07-16,65.19
2009-07-15,65.29
2009-07-14,65.19
2009-07-13,65.38
2009-07-10,65.12
2009-07-09,64.94
2009-07-08,64.83
2009-07-07,64.53
2009-07-06,64.69
2009-07-02,64.44
2009-07-01,64.73
2009-06-30,64.42
2009-06-29,64.51
2009-06-26,64.44
2009-06-25,64.17
2009-06-24,64.28
2009-06-23,64.23
2009-06-22,64.27
2009-06-19,64.13
2009-06-18,64.32
2009-06-17,64.36
2009-06-16,64.25
2009-06-15,64.2
2009-06-12,63.99
2009-06-11,64.18
2009-06-10,63.81
2009-06-09,64.64
2009-06-08,64.83
2009-06-05,64.92
2009-06-04,65.09
2009-06-03,64.77
2009-06-02,64.64
2009-06-01,65.12
2009-05-29,65.36
2009-05-28,65.36
2009-05-27,65.66
2009-05-26,65.97
2009-05-22,66.08
2009-05-21,66.14
2009-05-20,66.15
2009-05-19,65.88
2009-05-18,65.79
2009-05-15,65.72
2009-05-14,65.78
2009-05-13,65.52
2009-05-12,65.62
2009-05-11,65.52
2009-05-08,65.39
2009-05-07,65.48
2009-05-06,65.36
2009-05-05,65.2
2009-05-04,65.46
2009-05-01,65.61
2009-04-30,65.31
2009-04-29,65.43
2009-04-28,65.47
2009-04-27,65.55
2009-04-24,65.48
2009-04-23,65.65
2009-04-22,65.66
2009-04-21,65.73
2009-04-20,65.5
2009-04-17,65.52
2009-04-16,65.1
2009-04-15,64.29
2009-04-14,64.2
2009-04-13,64.09
2009-04-09,64.15
2009-04-08,64.27
2009-04-07,64.03
2009-04-06,63.88
2009-04-03,63.97
2009-04-02,63.84
2009-04-01,64.04
2009-03-31,63.83
2009-03-30,63.77
2009-03-27,63.68
2009-03-26,63.75
2009-03-25,63.8
2009-03-24,63.97
2009-03-23,63.74
2009-03-20,63.84
2009-03-19,63.71
2009-03-18,62.95
2009-03-17,62.91
2009-03-16,62.76
2009-03-13,63.13
2009-03-12,63.2
2009-03-11,63.07
2009-03-10,63.25
2009-03-09,63.16
2009-03-06,63.3
2009-03-05,63.34
2009-03-04,63.37
2009-03-03,63.61
2009-03-02,63.73
2009-02-27,63.65
2009-02-26,63.77
2009-02-25,64.05
2009-02-24,63.92
2009-02-23,63.89
2009-02-20,64.15
2009-02-19,64.04
2009-02-18,64.59
2009-02-17,64.54
2009-02-13,64.63
2009-02-12,64.47
2009-02-11,64.47
2009-02-10,64.39
2009-02-09,64.15
2009-02-06,64.15
2009-02-05,64.03
2009-02-04,63.68
2009-02-03,63.76
2009-02-02,63.39
2009-01-30,63.33
2009-01-29,62.99
2009-01-28,62.8
2009-01-27,62.9
2009-01-26,61.72
2009-01-23,61.92
2009-01-22,62.59
2009-01-21,62.88
2009-01-20,63.79
2009-01-16,64.11
2009-01-15,64.27
2009-01-14,64.63
2009-01-13,64.57
2009-01-12,64.83
2009-01-09,64.45
2009-01-08,64.27
2009-01-07,63.37
2009-01-06,63.63
2009-01-05,63.54
2009-01-02,63.31
2008-12-31,63.34
2008-12-30,62.97
2008-12-29,62.79
2008-12-26,62.39
2008-12-24,62.26
2008-12-23,61.83
2008-12-22,61.68
2008-12-19,61.81
2008-12-18,61.05
2008-12-17,60.5
2008-12-16,59.82
2008-12-15,59.84
2008-12-12,59.79
2008-12-11,59.57
2008-12-10,60.04
2008-12-09,60.07
2008-12-08,59.82
2008-12-05,60.08
2008-12-04,60.2
2008-12-03,60.01
2008-12-02,59.18
2008-12-01,59.98
2008-11-28,60.16
2008-11-26,60.21
2008-11-25,60.26
2008-11-24,60.38
2008-11-21,60.85
2008-11-20,61.22
2008-11-19,61.48
2008-11-18,61.91
2008-11-17,61.59
2008-11-14,61.66
2008-11-13,61.2
2008-11-12,61.01
2008-11-11,61.4
2008-11-10,61.37
2008-11-07,60.8
2008-11-06,60.48
2008-11-05,60.29
2008-11-04,60.81
2008-11-03,60.44
2008-10-31,60.49
2008-10-30,60.1
2008-10-29,60.13
2008-10-28,60.54
2008-10-27,60.77
2008-10-24,60.77
2008-10-23,60.62
2008-10-22,60.04
2008-10-21,58.55
2008-10-20,58.54
2008-10-17,56.66
2008-10-16,56.07
2008-10-15,55.89
2008-10-14,57.61
2008-10-13,56.54
2008-10-10,56.04
2008-10-09,57.25
2008-10-08,58.09
2008-10-07,59.84
2008-10-06,61.44
2008-10-03,61.81
2008-10-02,62.18
2008-10-01,61.14
2008-09-30,61.09
2008-09-29,60.58
2008-09-26,61.62
2008-09-25,61.27
2008-09-24,60.86
2008-09-23,61.44
2008-09-22,61.62
2008-09-19,61.29
2008-09-18,60.77
2008-09-17,61.84
2008-09-16,62.78
2008-09-15,63.44
2008-09-12,63.66
2008-09-11,63.69
2008-09-10,63.56
2008-09-09,63.75
2008-09-08,63.65
2008-09-05,63.59
2008-09-04,63.26
2008-09-03,63.38
2008-09-02,62.99
2008-08-29,63.23
2008-08-28,63.12
2008-08-27,63.31
2008-08-26,63.13
2008-08-25,63.22
2008-08-22,63.21
2008-08-21,63.16
2008-08-20,63.24
2008-08-19,63.28
2008-08-18,63.14
2008-08-15,63.19
2008-08-14,63.04
2008-08-13,62.64
2008-08-12,62.72
2008-08-11,62.52
2008-08-08,62.6
2008-08-07,62.48
2008-08-06,62.25
2008-08-05,62.37
2008-08-04,62.36
2008-08-01,62.43
2008-07-31,62.33
2008-07-30,62.25
2008-07-29,62.15
2008-07-28,62.27
2008-07-25,62.12
2008-07-24,62.3
2008-07-23,62.15
2008-07-22,62.29
2008-07-21,62.49
2008-07-18,62.33
2008-07-17,62.47
2008-07-16,62.89
2008-07-15,63.04
2008-07-14,62.5
2008-07-11,62.59
2008-07-10,62.97
2008-07-09,62.87
2008-07-08,62.55
2008-07-07,62.37
2008-07-03,62.2
2008-07-02,62.27
2008-07-01,62.01
2008-06-30,61.98
2008-06-27,61.68
2008-06-26,61.67
2008-06-25,61.42
2008-06-24,61.36
2008-06-23,61.11
2008-06-20,61.4
2008-06-19,62.02
2008-06-18,62.16
2008-06-17,62.23
2008-06-16,62.21
2008-06-13,62.32
2008-06-12,62.39
2008-06-11,62.8
2008-06-10,62.81
2008-06-09,63.09
2008-06-06,62.98
2008-06-05,63.05
2008-06-04,63.04
2008-06-03,63.16
2008-06-02,63.18
2008-05-30,63.07
2008-05-29,62.99
2008-05-28,63.06
2008-05-27,63.29
2008-05-23,63.28
2008-05-22,63.31
2008-05-21,63.4
2008-05-20,63.52
2008-05-19,63.33
2008-05-16,63.18
2008-05-15,63.06
2008-05-14,63.0
2008-05-13,62.89
2008-05-12,62.96
2008-05-09,62.93
2008-05-08,62.72
2008-05-07,62.65
2008-05-06,62.53
2008-05-05,62.63
2008-05-02,62.66
2008-05-01,62.82
2008-04-30,62.7
2008-04-29,62.58
2008-04-28,62.55
2008-04-25,62.49
2008-04-24,62.64
2008-04-23,62.79
2008-04-22,62.98
2008-04-21,62.96
2008-04-18,63.23
2008-04-17,63.14
2008-04-16,62.95
2008-04-15,63.05
2008-04-14,62.92
2008-04-11,63.02
2008-04-10,62.75
2008-04-09,62.9
2008-04-08,62.35
2008-04-07,62.11
2008-04-04,61.75
2008-04-03,61.39
2008-04-02,61.32
2008-04-01,61.3
2008-03-31,61.74
2008-03-28,61.78
2008-03-27,61.55
2008-03-26,61.56
2008-03-25,61.53
2008-03-24,61.56
2008-03-20,62.02
2008-03-19,61.81
2008-03-18,61.47
2008-03-17,61.75
2008-03-14,61.67
2008-03-13,61.54
2008-03-12,61.82
2008-03-11,61.69
2008-03-10,61.78
2008-03-07,61.76
2008-03-06,61.55
2008-03-05,61.22
2008-03-04,61.08
2008-03-03,60.54
2008-02-29,59.86
2008-02-28,60.26
2008-02-27,61.31
2008-02-26,61.7
2008-02-25,61.65
2008-02-22,61.97
2008-02-21,62.23
2008-02-20,62.45
2008-02-19,62.07
2008-02-15,62.71
2008-02-14,62.49
2008-02-13,63.08
2008-02-12,63.27
2008-02-11,63.43
2008-02-08,63.22
2008-02-07,63.19
2008-02-06,63.36
2008-02-05,63.38
2008-02-04,63.03
2008-02-01,63.19
2008-01-31,62.77
2008-01-30,62.57
2008-01-29,62.94
2008-01-28,63.13
2008-01-25,63.16
2008-01-24,63.11
2008-01-23,63.39
2008-01-22,63.32
2008-01-18,63.27
2008-01-17,63.45
2008-01-16,63.07
2008-01-15,63.31
2008-01-14,62.97
2008-01-11,62.68
2008-01-10,62.6
2008-01-09,62.7
2008-01-08,62.54
2008-01-07,62.63
2008-01-04,62.7
2008-01-03,62.73
2008-01-02,62.8
2007-12-31,62.6
2007-12-28,62.19
2007-12-27,62.14
2007-12-26,61.74
2007-12-24,61.81
2007-12-21,61.95
2007-12-20,62.02
2007-12-19,62.41
2007-12-18,62.19
2007-12-17,61.9
2007-12-14,61.76
2007-12-13,61.91
2007-12-12,61.97
2007-12-11,62.09
2007-12-10,61.64
2007-12-07,61.63
2007-12-06,61.71
2007-12-05,61.92
2007-12-04,62.11
2007-12-03,62.29
2007-11-30,62.16
2007-11-29,62.17
2007-11-28,61.75
2007-11-27,61.78
2007-11-26,62.33
2007-11-23,61.54
2007-11-21,61.57
2007-11-20,61.2
2007-11-19,61.6
2007-11-16,61.54
2007-11-15,61.66
2007-11-14,61.42
2007-11-13,61.13
2007-11-12,61.17
2007-11-09,61.17
2007-11-08,60.9
2007-11-07,60.97
2007-11-06,61.02
2007-11-05,61.18
2007-11-02,61.38
2007-11-01,61.48
2007-10-31,61.31
2007-10-30,61.47
2007-10-29,61.52
2007-10-26,61.39
2007-10-25,61.6
2007-10-24,61.9
2007-10-23,61.81
2007-10-22,61.72
2007-10-19,61.68
2007-10-18,61.52
2007-10-17,61.43
2007-10-16,61.13
2007-10-15,61.04
2007-10-12,61.02
2007-10-11,61.18
2007-10-10,61.14
2007-10-09,60.99
2007-10-08,61.15
2007-10-05,61.0
2007-10-04,61.27
2007-10-03,61.17
2007-10-02,61.21
2007-10-01,61.06
2007-09-28,61.12
2007-09-27,60.98
2007-09-26,60.81
2007-09-25,60.8
2007-09-24,60.68
2007-09-21,60.72
2007-09-20,60.51
2007-09-19,61.09
2007-09-18,61.16
2007-09-17,61.2
2007-09-14,61.3
2007-09-13,61.26
2007-09-12,61.49
2007-09-11,61.37
2007-09-10,61.52
