date,PPLT
2025-12-23,207.715
2025-12-22,191.77
2025-12-19,179.66
2025-12-18,175.34
2025-12-17,172.33
2025-12-16,167.77
2025-12-15,162.94
2025-12-12,159.03
2025-12-11,154.65
2025-12-10,150.62
2025-12-09,154.59
2025-12-08,149.94
2025-12-05,149.69
2025-12-04,150.2
2025-12-03,151.63
2025-12-02,149.7
2025-12-01,151.39
2025-11-28,152.59
2025-11-26,144.94
2025-11-25,141.35
2025-11-24,140.69
2025-11-21,137.93
2025-11-20,137.33
2025-11-19,140.54
2025-11-18,139.87
2025-11-17,139.52
2025-11-14,140.45
2025-11-13,143.6
2025-11-12,147.47
2025-11-11,144.6
2025-11-10,144.19
2025-11-07,140.66
2025-11-06,139.56
2025-11-05,141.95
2025-11-04,139.71
2025-11-03,142.23
2025-10-31,143.54
2025-10-30,146.86
2025-10-29,145.24
2025-10-28,144.68
2025-10-27,144.28
2025-10-24,146.26
2025-10-23,148.1
2025-10-22,148.28
2025-10-21,140.36
2025-10-20,149.84
2025-10-17,146.21
2025-10-16,155.64
2025-10-15,151.25
2025-10-14,149.45
2025-10-13,148.31
2025-10-10,145.79
2025-10-09,147.67
2025-10-08,152.2
2025-10-07,147.79
2025-10-06,148.17
2025-10-03,146.39
2025-10-02,142.84
2025-10-01,142.07
2025-09-30,142.88
2025-09-29,145.77
2025-09-26,143.83
2025-09-25,139.89
2025-09-24,134.43
2025-09-23,134.75
2025-09-22,129.77
2025-09-19,128.46
2025-09-18,126.15
2025-09-17,123.85
2025-09-16,126.86
2025-09-15,128.15
2025-09-12,127.53
2025-09-11,126.29
2025-09-10,126.57
2025-09-09,125.0
2025-09-08,126.16
2025-09-05,125.78
2025-09-04,125.33
2025-09-03,129.63
2025-09-02,128.08
2025-08-29,125.22
2025-08-28,124.05
2025-08-27,122.98
2025-08-26,123.22
2025-08-25,122.25
2025-08-22,123.98
2025-08-21,123.7
2025-08-20,122.2
2025-08-19,119.46
2025-08-18,121.48
2025-08-15,122.34
2025-08-14,123.78
2025-08-13,122.16
2025-08-12,121.98
2025-08-11,120.98
2025-08-08,121.13
2025-08-07,121.89
2025-08-06,121.9
2025-08-05,119.93
2025-08-04,121.07
2025-08-01,120.05
2025-07-31,117.81
2025-07-30,118.76
2025-07-29,127.4
2025-07-28,125.78
2025-07-25,127.62
2025-07-24,128.28
2025-07-23,128.81
2025-07-22,131.08
2025-07-21,131.04
2025-07-18,129.89
2025-07-17,132.94
2025-07-16,129.0
2025-07-15,124.23
2025-07-14,124.28
2025-07-11,128.2
2025-07-10,124.08
2025-07-09,122.86
2025-07-08,124.74
2025-07-07,125.16
2025-07-03,125.14
2025-07-02,130.16
2025-07-01,123.52
2025-06-30,122.87
2025-06-27,122.01
2025-06-26,128.86
2025-06-25,124.05
2025-06-24,119.87
2025-06-23,117.7
2025-06-20,115.37
2025-06-18,120.54
2025-06-17,115.4
2025-06-16,113.75
2025-06-13,112.01
2025-06-12,117.86
2025-06-11,114.71
2025-06-10,111.21
2025-06-09,111.1
2025-06-06,107.0
2025-06-05,104.38
2025-06-04,100.51
2025-06-03,98.45
2025-06-02,97.51
2025-05-30,96.75
2025-05-29,98.76
2025-05-28,98.92
2025-05-27,99.05
2025-05-23,100.15
2025-05-22,98.6
2025-05-21,98.86
2025-05-20,96.46
2025-05-19,91.55
2025-05-16,90.31
2025-05-15,90.64
2025-05-14,89.56
2025-05-13,90.6
2025-05-12,89.59
2025-05-09,91.17
2025-05-08,89.63
2025-05-07,89.33
2025-05-06,90.31
2025-05-05,87.97
2025-05-02,88.21
2025-05-01,88.28
2025-04-30,88.49
2025-04-29,89.57
2025-04-28,90.56
2025-04-25,88.97
2025-04-24,89.02
2025-04-23,88.44
2025-04-22,87.61
2025-04-21,88.35
2025-04-17,88.48
2025-04-16,88.6
2025-04-15,87.96
2025-04-14,87.1
2025-04-11,86.4
2025-04-10,85.26
2025-04-09,85.07
2025-04-08,83.89
2025-04-07,83.41
2025-04-04,83.9
2025-04-03,86.54
2025-04-02,88.78
2025-04-01,90.08
2025-03-31,91.37
2025-03-28,89.96
2025-03-27,90.2
2025-03-26,89.34
2025-03-25,89.47
2025-03-24,88.88
2025-03-21,89.93
2025-03-20,90.09
2025-03-19,91.27
2025-03-18,91.65
2025-03-17,91.78
2025-03-14,90.92
2025-03-13,91.0
2025-03-12,90.64
2025-03-11,89.93
2025-03-10,87.55
2025-03-07,88.1
2025-03-06,88.47
2025-03-05,88.47
2025-03-04,87.75
2025-03-03,87.18
2025-02-28,86.39
2025-02-27,86.78
2025-02-26,88.45
2025-02-25,88.43
2025-02-24,88.2
2025-02-21,88.69
2025-02-20,89.62
2025-02-19,89.4
2025-02-18,90.02
2025-02-14,89.61
2025-02-13,91.5
2025-02-12,90.85
2025-02-11,90.21
2025-02-10,90.53
2025-02-07,88.97
2025-02-06,90.73
2025-02-05,89.84
2025-02-04,88.5
2025-02-03,88.31
2025-01-31,89.79
2025-01-30,88.76
2025-01-29,87.04
2025-01-28,86.19
2025-01-27,86.75
2025-01-24,86.88
2025-01-23,86.83
2025-01-22,86.79
2025-01-21,86.5
2025-01-17,86.12
2025-01-16,85.54
2025-01-15,86.03
2025-01-14,86.1
2025-01-13,87.07
2025-01-10,87.78
2025-01-08,87.62
2025-01-07,87.15
2025-01-06,85.55
2025-01-03,85.7
2025-01-02,84.59
2024-12-31,83.05
2024-12-30,82.66
2024-12-27,84.22
2024-12-26,85.85
2024-12-24,86.32
2024-12-23,85.83
2024-12-20,84.92
2024-12-19,84.63
2024-12-18,84.27
2024-12-17,85.91
2024-12-16,85.69
2024-12-13,84.3
2024-12-12,85.35
2024-12-11,85.91
2024-12-10,86.2
2024-12-09,85.91
2024-12-06,85.04
2024-12-05,85.84
2024-12-04,86.21
2024-12-03,87.24
2024-12-02,86.72
2024-11-29,87.06
2024-11-27,85.14
2024-11-26,84.95
2024-11-25,86.01
2024-11-22,88.24
2024-11-21,88.33
2024-11-20,87.84
2024-11-19,89.16
2024-11-18,88.64
2024-11-15,86.08
2024-11-14,86.04
2024-11-13,85.71
2024-11-12,86.78
2024-11-11,88.23
2024-11-08,88.75
2024-11-07,91.27
2024-11-06,90.74
2024-11-05,91.48
2024-11-04,90.06
2024-11-01,90.61
2024-10-31,90.96
2024-10-30,92.75
2024-10-29,95.98
2024-10-28,94.79
2024-10-25,93.51
2024-10-24,94.25
2024-10-23,93.53
2024-10-22,94.51
2024-10-21,92.27
2024-10-18,92.98
2024-10-17,91.16
2024-10-16,91.28
2024-10-15,90.47
2024-10-14,91.35
2024-10-11,90.25
2024-10-10,89.07
2024-10-09,87.32
2024-10-08,87.93
2024-10-07,89.41
2024-10-04,90.96
2024-10-03,91.11
2024-10-02,92.39
2024-10-01,91.1
2024-09-30,89.8
2024-09-27,91.84
2024-09-26,92.74
2024-09-25,90.7
2024-09-24,90.81
2024-09-23,87.98
2024-09-20,89.58
2024-09-19,90.49
2024-09-18,88.72
2024-09-17,90.0
2024-09-16,90.42
2024-09-13,91.56
2024-09-12,89.84
2024-09-11,87.59
2024-09-10,86.3
2024-09-09,86.45
2024-09-06,84.58
2024-09-05,85.0
2024-09-04,83.27
2024-09-03,83.08
2024-08-30,85.01
2024-08-29,86.21
2024-08-28,85.85
2024-08-27,88.18
2024-08-26,88.25
2024-08-23,88.34
2024-08-22,86.8
2024-08-21,88.75
2024-08-20,87.22
2024-08-19,88.01
2024-08-16,87.68
2024-08-15,87.56
2024-08-14,84.91
2024-08-13,86.16
2024-08-12,86.49
2024-08-09,84.65
2024-08-08,85.62
2024-08-07,84.03
2024-08-06,84.03
2024-08-05,83.68
2024-08-02,87.68
2024-08-01,88.39
2024-07-31,89.52
2024-07-30,87.98
2024-07-29,87.3
2024-07-26,86.01
2024-07-25,85.92
2024-07-24,87.21
2024-07-23,87.04
2024-07-22,87.35
2024-07-19,88.61
2024-07-18,88.96
2024-07-17,91.41
2024-07-16,91.91
2024-07-15,91.46
2024-07-12,91.79
2024-07-11,92.39
2024-07-10,91.53
2024-07-09,90.48
2024-07-08,91.98
2024-07-05,94.22
2024-07-03,91.66
2024-07-02,91.6
2024-07-01,89.83
2024-06-28,91.47
2024-06-27,90.73
2024-06-26,93.0
2024-06-25,90.37
2024-06-24,91.41
2024-06-21,91.08
2024-06-20,90.27
2024-06-18,89.55
2024-06-17,89.26
2024-06-14,88.04
2024-06-13,87.36
2024-06-12,88.21
2024-06-11,87.79
2024-06-10,89.21
2024-06-07,88.8
2024-06-06,92.5
2024-06-05,91.61
2024-06-04,91.09
2024-06-03,93.5
2024-05-31,95.3
2024-05-30,94.13
2024-05-29,95.42
2024-05-28,97.28
2024-05-24,94.56
2024-05-23,93.54
2024-05-22,95.4
2024-05-21,96.94
2024-05-20,96.69
2024-05-17,99.8
2024-05-16,97.61
2024-05-15,97.87
2024-05-14,95.27
2024-05-13,91.97
2024-05-10,91.59
2024-05-09,90.49
2024-05-08,89.65
2024-05-07,90.0
2024-05-06,87.75
2024-05-03,87.61
2024-05-02,87.52
2024-05-01,87.18
2024-04-30,86.1
2024-04-29,87.21
2024-04-26,84.28
2024-04-25,84.2
2024-04-24,83.27
2024-04-23,83.68
2024-04-22,84.8
2024-04-19,85.89
2024-04-18,86.58
2024-04-17,86.75
2024-04-16,88.29
2024-04-15,89.37
2024-04-12,89.89
2024-04-11,90.19
2024-04-10,88.8
2024-04-09,89.94
2024-04-08,88.82
2024-04-05,85.43
2024-04-04,85.56
2024-04-03,86.31
2024-04-02,84.98
2024-04-01,82.88
2024-03-28,83.55
2024-03-27,82.64
2024-03-26,83.1
2024-03-25,83.11
2024-03-22,82.36
2024-03-21,83.49
2024-03-20,83.59
2024-03-19,82.49
2024-03-18,84.31
2024-03-15,86.36
2024-03-14,85.46
2024-03-13,86.42
2024-03-12,84.96
2024-03-11,86.26
2024-03-08,83.75
2024-03-07,84.53
2024-03-06,83.34
2024-03-05,81.17
2024-03-04,82.67
2024-03-01,81.51
2024-02-29,80.94
2024-02-28,81.01
2024-02-27,81.87
2024-02-26,81.06
2024-02-23,82.8
2024-02-22,82.87
2024-02-21,81.51
2024-02-20,83.25
2024-02-16,83.3
2024-02-15,82.7
2024-02-14,81.94
2024-02-13,80.45
2024-02-12,82.01
2024-02-09,80.78
2024-02-08,81.84
2024-02-07,81.22
2024-02-06,83.3
2024-02-05,82.98
2024-02-02,82.23
2024-02-01,84.28
2024-01-31,84.39
2024-01-30,85.08
2024-01-29,85.8
2024-01-26,84.24
2024-01-25,82.22
2024-01-24,83.08
2024-01-23,83.19
2024-01-22,82.42
2024-01-19,82.91
2024-01-18,83.57
2024-01-17,81.67
2024-01-16,82.76
2024-01-12,83.49
2024-01-11,84.57
2024-01-10,84.9
2024-01-09,85.91
2024-01-08,87.26
2024-01-05,88.75
2024-01-04,88.13
2024-01-03,89.63
2024-01-02,90.42
2023-12-29,91.16
2023-12-28,92.48
2023-12-27,91.8
2023-12-26,90.65
2023-12-22,89.74
2023-12-21,89.07
2023-12-20,88.43
2023-12-19,87.88
2023-12-18,87.14
2023-12-15,86.98
2023-12-14,88.42
2023-12-13,86.43
2023-12-12,85.86
2023-12-11,84.11
2023-12-08,84.52
2023-12-07,83.68
2023-12-06,82.12
2023-12-05,83.1
2023-12-04,84.86
2023-12-01,86.23
2023-11-30,85.75
2023-11-29,85.75
2023-11-28,86.9
2023-11-27,84.86
2023-11-24,85.7
2023-11-22,85.25
2023-11-21,86.2
2023-11-20,85.01
2023-11-17,83.03
2023-11-16,82.66
2023-11-15,82.93
2023-11-14,82.1
2023-11-13,79.93
2023-11-10,78.01
2023-11-09,79.5
2023-11-08,80.2
2023-11-07,82.42
2023-11-06,83.6
2023-11-03,85.9
2023-11-02,85.15
2023-11-01,85.1
2023-10-31,86.04
2023-10-30,86.11
2023-10-27,83.26
2023-10-26,83.54
2023-10-25,83.56
2023-10-24,82.07
2023-10-23,82.81
2023-10-20,82.67
2023-10-19,82.21
2023-10-18,81.75
2023-10-17,82.85
2023-10-16,82.38
2023-10-13,81.36
2023-10-12,80.12
2023-10-11,81.92
2023-10-10,81.48
2023-10-09,82.02
2023-10-06,81.13
2023-10-05,79.63
2023-10-04,80.25
2023-10-03,80.515
2023-10-02,81.2
2023-09-29,83.62
2023-09-28,83.76
2023-09-27,82.11
2023-09-26,83.46
2023-09-25,84.17
2023-09-22,85.58
2023-09-21,84.88
2023-09-20,85.79
2023-09-19,86.96
2023-09-18,86.14
2023-09-15,85.64
2023-09-14,83.83
2023-09-13,83.32
2023-09-12,84.05
2023-09-11,83.23
2023-09-08,82.62
2023-09-07,83.77
2023-09-06,84.37
2023-09-05,85.68
2023-09-01,88.68
2023-08-31,89.55
2023-08-30,90.18
2023-08-29,90.38
2023-08-28,89.34
2023-08-25,87.21
2023-08-24,86.4
2023-08-23,85.82
2023-08-22,84.99
2023-08-21,84.17
2023-08-18,84.18
2023-08-17,82.62
2023-08-16,81.81
2023-08-15,82.36
2023-08-14,83.54
2023-08-11,84.45
2023-08-10,84.13
2023-08-09,82.45
2023-08-08,83.51
2023-08-07,85.28
2023-08-04,85.16
2023-08-03,84.45
2023-08-02,85.3
2023-08-01,86.06
2023-07-31,87.889999
2023-07-28,86.5
2023-07-27,86.43
2023-07-26,89.3
2023-07-25,89.55
2023-07-24,88.5
2023-07-21,88.919998
2023-07-20,88.389999
2023-07-19,90.019997
2023-07-18,90.849998
2023-07-17,90.449997
2023-07-14,89.769997
2023-07-13,89.949997
2023-07-12,87.91
2023-07-11,85.779999
2023-07-10,86.01
2023-07-07,84.4
2023-07-06,83.849998
2023-07-05,84.98
2023-07-03,84.279999
2023-06-30,83.65
2023-06-29,82.94
2023-06-28,84.459999
2023-06-27,85.519997
2023-06-26,85.639999
2023-06-23,84.889999
2023-06-22,85.33
2023-06-21,87.489998
2023-06-20,88.9
2023-06-16,90.849998
2023-06-15,91.26
2023-06-14,90.15
2023-06-13,90.589996
2023-06-12,91.62
2023-06-09,93.339996
2023-06-08,93.5
2023-06-07,94.3
2023-06-06,95.5
2023-06-05,95.05
2023-06-02,92.669998
2023-06-01,93.0
2023-05-31,92.209999
2023-05-30,94.3
2023-05-26,94.449997
2023-05-25,94.69
2023-05-24,95.11
2023-05-23,97.5
2023-05-22,98.910004
2023-05-19,98.709999
2023-05-18,97.709999
2023-05-17,99.61
2023-05-16,98.419998
2023-05-15,98.65
2023-05-12,97.849998
2023-05-11,101.099998
2023-05-10,103.18
2023-05-09,102.11
2023-05-08,99.099998
2023-05-05,97.94
2023-05-04,97.019997
2023-05-03,97.04
2023-05-02,98.529999
2023-05-01,97.61
2023-04-28,99.41
2023-04-27,100.0
2023-04-26,100.68
2023-04-25,100.94
2023-04-24,100.889999
2023-04-21,103.91
2023-04-20,100.989998
2023-04-19,100.989998
2023-04-18,100.11
2023-04-17,96.989998
2023-04-14,96.519997
2023-04-13,97.059998
2023-04-12,94.105
2023-04-11,92.639999
2023-04-10,92.69
2023-04-06,93.37
2023-04-05,92.695
2023-04-04,94.75
2023-04-03,91.779999
2023-03-31,91.94
2023-03-30,91.199997
2023-03-29,89.589996
2023-03-28,89.36
2023-03-27,90.339996
2023-03-24,90.51
2023-03-23,91.4
2023-03-22,91.29
2023-03-21,89.949997
2023-03-20,91.379997
2023-03-17,90.089996
2023-03-16,90.279999
2023-03-15,88.66
2023-03-14,91.12
2023-03-13,92.69
2023-03-10,88.8
2023-03-09,87.589996
2023-03-08,86.769997
2023-03-07,86.16
2023-03-06,90.19
2023-03-03,90.339996
2023-03-02,89.089996
2023-03-01,88.629997
2023-02-28,88.169998
2023-02-27,86.98
2023-02-24,84.339996
2023-02-23,87.83
2023-02-22,87.839996
2023-02-21,87.44
2023-02-17,85.12
2023-02-16,85.379997
2023-02-15,84.97
2023-02-14,86.349998
2023-02-13,88.29
2023-02-10,87.62
2023-02-09,88.309998
2023-02-08,89.739998
2023-02-07,90.15
2023-02-06,89.919998
2023-02-03,90.449997
2023-02-02,94.65
2023-02-01,93.26
2023-01-31,93.699997
2023-01-30,93.41
2023-01-27,93.849998
2023-01-26,94.47
2023-01-25,96.389999
2023-01-24,97.879997
2023-01-23,96.949997
2023-01-20,96.32
2023-01-19,96.0
2023-01-18,96.209999
2023-01-17,96.559998
2023-01-13,99.01
2023-01-12,98.83
2023-01-11,98.9
2023-01-10,100.05
2023-01-09,100.05
2023-01-06,101.089996
2023-01-05,98.26
2023-01-04,100.05
2023-01-03,100.559998
2022-12-30,99.279999
2022-12-29,98.099998
2022-12-28,93.559998
2022-12-27,95.05
2022-12-23,94.83
2022-12-22,90.739998
2022-12-21,92.75
2022-12-20,93.48
2022-12-19,90.76
2022-12-16,92.129997
2022-12-15,93.51
2022-12-14,95.279999
2022-12-13,96.05
2022-12-12,92.98
2022-12-09,94.82
2022-12-08,92.94
2022-12-07,93.18
2022-12-06,91.87
2022-12-05,92.559998
2022-12-02,94.339996
2022-12-01,96.559998
2022-11-30,95.83
2022-11-29,92.949997
2022-11-28,91.669998
2022-11-25,91.089996
2022-11-23,92.769997
2022-11-22,92.33
2022-11-21,91.44
2022-11-18,90.949997
2022-11-17,91.059998
2022-11-16,93.15
2022-11-15,94.07
2022-11-14,94.47
2022-11-11,95.489998
2022-11-10,96.279999
2022-11-09,91.37
2022-11-08,92.62
2022-11-07,91.129997
2022-11-04,89.279999
2022-11-03,85.4
2022-11-02,86.55
2022-11-01,87.529999
2022-10-31,85.9
2022-10-28,87.709999
2022-10-27,89.059998
2022-10-26,88.309998
2022-10-25,85.339996
2022-10-24,85.82
2022-10-21,86.529999
2022-10-20,85.209999
2022-10-19,82.059998
2022-10-18,84.36
2022-10-17,84.6978
2022-10-14,83.709999
2022-10-13,83.849998
2022-10-12,81.949997
2022-10-11,82.79
2022-10-10,83.4
2022-10-07,84.58
2022-10-06,85.959999
2022-10-05,85.099998
2022-10-04,86.62
2022-10-03,83.849998
2022-09-30,79.91
2022-09-29,80.419998
2022-09-28,80.72
2022-09-27,78.72
2022-09-26,79.129997
2022-09-23,79.529999
2022-09-22,83.62
2022-09-21,84.41
2022-09-20,85.519997
2022-09-19,85.37
2022-09-16,84.309998
2022-09-15,84.080002
2022-09-14,84.099998
2022-09-13,81.69
2022-09-12,84.12
2022-09-09,81.68
2022-09-08,81.79
2022-09-07,80.559998
2022-09-06,79.199997
2022-09-02,77.65
2022-09-01,76.76
2022-08-31,78.26
2022-08-30,78.69
2022-08-29,80.4
2022-08-26,80.129997
2022-08-25,82.07
2022-08-24,81.709999
2022-08-23,82.019997
2022-08-22,81.15
2022-08-19,83.059998
2022-08-18,84.65
2022-08-17,85.86
2022-08-16,86.959999
2022-08-15,86.72
2022-08-12,89.29
2022-08-11,88.8
2022-08-10,87.41
2022-08-09,86.72
2022-08-08,87.349998
2022-08-05,86.65
2022-08-04,86.4
2022-08-03,83.57
2022-08-02,83.48
2022-08-01,84.44
2022-07-29,83.019997
2022-07-28,82.5
2022-07-27,82.709999
2022-07-26,80.9
2022-07-25,81.75
2022-07-22,80.959999
2022-07-21,81.36
2022-07-20,79.699997
2022-07-19,81.15
2022-07-18,80.18
2022-07-15,78.57
2022-07-14,78.25
2022-07-13,79.22
2022-07-12,78.3
2022-07-11,80.87
2022-07-08,82.94
2022-07-07,81.26
2022-07-06,80.099998
2022-07-05,80.83
2022-07-01,82.599998
2022-06-30,83.099998
2022-06-29,85.2472
2022-06-28,84.529999
2022-06-27,84.54
2022-06-24,84.339996
2022-06-23,84.48
2022-06-22,86.08
2022-06-21,87.239998
2022-06-17,86.769997
2022-06-16,88.5
2022-06-15,87.62
2022-06-14,85.43
2022-06-13,86.73
2022-06-10,90.76
2022-06-09,90.379997
2022-06-08,93.779999
2022-06-07,94.199997
2022-06-06,95.41
2022-06-03,94.349998
2022-06-02,94.9
2022-06-01,92.51
2022-05-31,90.0
2022-05-27,88.65
2022-05-26,88.23
2022-05-25,88.3
2022-05-24,88.69
2022-05-23,89.0
2022-05-20,88.629997
2022-05-19,89.47
2022-05-18,86.36
2022-05-17,88.61
2022-05-16,87.739998
2022-05-13,87.51
2022-05-12,87.65
2022-05-11,92.57
2022-05-10,89.82
2022-05-09,88.419998
2022-05-06,89.36
2022-05-05,91.449997
2022-05-04,92.339996
2022-05-03,89.309998
2022-05-02,87.019997
2022-04-29,87.019997
2022-04-28,85.389999
2022-04-27,85.279999
2022-04-26,85.779999
2022-04-25,85.6591
2022-04-22,86.4
2022-04-21,89.879997
2022-04-20,92.199997
2022-04-19,92.16
2022-04-18,94.05
2022-04-14,91.86
2022-04-13,92.0
2022-04-12,90.0
2022-04-11,91.0
2022-04-08,90.98
2022-04-07,90.05
2022-04-06,89.44
2022-04-05,90.19
2022-04-04,91.825
2022-04-01,91.9799
2022-03-31,91.76
2022-03-30,92.65
2022-03-29,91.83
2022-03-28,91.5954
2022-03-25,93.599998
2022-03-24,95.459999
2022-03-23,95.58
2022-03-22,95.23
2022-03-21,96.309998
2022-03-18,95.23
2022-03-17,94.9799
2022-03-16,95.129997
2022-03-15,92.32
2022-03-14,96.699997
2022-03-11,99.419998
2022-03-10,101.029999
2022-03-09,100.879997
2022-03-08,107.639999
2022-03-07,104.36
2022-03-04,104.529999
2022-03-03,100.61
2022-03-02,99.849998
2022-03-01,98.005
2022-02-28,97.199997
2022-02-25,98.349998
2022-02-24,98.379997
2022-02-23,101.87
2022-02-22,100.07
2022-02-18,99.419998
2022-02-17,101.559998
2022-02-16,99.489998
2022-02-15,95.73
2022-02-14,96.04
2022-02-11,95.959999
2022-02-10,95.8
2022-02-09,96.349998
2022-02-08,96.26
2022-02-07,95.29
2022-02-04,95.589996
2022-02-03,96.269997
2022-02-02,96.37
2022-02-01,95.62
2022-01-31,95.37
2022-01-28,93.97
2022-01-27,95.019997
2022-01-26,96.129997
2022-01-25,95.79
2022-01-24,95.699997
2022-01-21,95.91
2022-01-20,96.98
2022-01-19,95.639999
2022-01-18,91.529999
2022-01-14,90.309998
2022-01-13,90.269997
2022-01-12,90.949997
2022-01-11,90.9
2022-01-10,87.98
2022-01-07,89.22
2022-01-06,89.73
2022-01-05,91.5
2022-01-04,90.809998
2022-01-03,89.129997
2021-12-31,89.9
2021-12-30,89.589996
2021-12-29,90.16
2021-12-28,90.61
2021-12-27,90.309998
2021-12-23,90.709999
2021-12-22,90.209999
2021-12-21,87.089996
2021-12-20,86.79
2021-12-17,86.97
2021-12-16,87.199997
2021-12-15,85.709999
2021-12-14,85.739998
2021-12-13,86.57
2021-12-10,87.75
2021-12-09,87.199997
2021-12-08,89.47
2021-12-07,88.65
2021-12-06,87.66
2021-12-03,87.089996
2021-12-02,87.589996
2021-12-01,86.599998
2021-11-30,87.099998
2021-11-29,89.72
2021-11-26,89.08
2021-11-24,91.5
2021-11-23,90.58
2021-11-22,94.709999
2021-11-19,96.08
2021-11-18,97.8
2021-11-17,98.959999
2021-11-16,99.0
2021-11-15,101.54
2021-11-12,100.959999
2021-11-11,101.48
2021-11-10,99.699997
2021-11-09,98.9
2021-11-08,98.839996
2021-11-05,96.83
2021-11-04,95.93
2021-11-03,96.07
2021-11-02,96.639999
2021-11-01,99.349998
2021-10-29,94.709999
2021-10-28,95.08
2021-10-27,93.97
2021-10-26,95.769997
2021-10-25,98.73
2021-10-22,97.099998
2021-10-21,98.26
2021-10-20,98.099998
2021-10-19,97.129997
2021-10-18,96.709999
2021-10-15,98.62
2021-10-14,99.089996
2021-10-13,95.3
2021-10-12,94.309998
2021-10-11,94.01
2021-10-08,95.66
2021-10-07,91.709999
2021-10-06,92.47
2021-10-05,89.889999
2021-10-04,90.12
2021-10-01,90.989998
2021-09-30,90.199997
2021-09-29,88.93
2021-09-28,90.099998
2021-09-27,91.51
2021-09-24,91.339996
2021-09-23,92.699997
2021-09-22,92.8
2021-09-21,89.55
2021-09-20,85.269997
2021-09-17,87.75
2021-09-16,87.449997
2021-09-15,87.885
2021-09-14,88.16
2021-09-13,89.83
2021-09-10,89.449997
2021-09-09,91.279999
2021-09-08,91.599998
2021-09-07,93.099998
2021-09-03,95.55
2021-09-02,93.36
2021-09-01,93.525
2021-08-31,94.769997
2021-08-30,94.19
2021-08-27,94.32
2021-08-26,91.29
2021-08-25,93.199997
2021-08-24,94.349998
2021-08-23,94.639999
2021-08-20,92.87
2021-08-19,90.839996
2021-08-18,93.22
2021-08-17,93.019997
2021-08-16,95.62
2021-08-13,96.01
2021-08-12,95.41
2021-08-11,95.55
2021-08-10,92.94
2021-08-09,91.4
2021-08-06,91.55
2021-08-05,94.029999
2021-08-04,95.54
2021-08-03,98.01
2021-08-02,98.44
2021-07-30,98.01
2021-07-29,99.5
2021-07-28,99.885
2021-07-27,98.41
2021-07-26,99.905
2021-07-23,99.239998
2021-07-22,102.01
2021-07-21,101.0
2021-07-20,99.669998
2021-07-19,100.019997
2021-07-16,102.51
2021-07-15,106.4
2021-07-14,105.55
2021-07-13,103.5
2021-07-12,104.959999
2021-07-09,102.76
2021-07-08,100.47
2021-07-07,101.51
2021-07-06,101.87
2021-07-02,102.309998
2021-07-01,101.5
2021-06-30,100.26
2021-06-29,99.669998
2021-06-28,102.349998
2021-06-25,103.43
2021-06-24,102.29
2021-06-23,101.489998
2021-06-22,100.629997
2021-06-21,99.199997
2021-06-18,97.51
2021-06-17,99.65
2021-06-16,105.849998
2021-06-15,107.8565
2021-06-14,108.739998
2021-06-11,107.48
2021-06-10,107.989998
2021-06-09,107.73
2021-06-08,108.87
2021-06-07,109.91
2021-06-04,109.339996
2021-06-03,108.809998
2021-06-02,111.44
2021-06-01,111.839996
2021-05-28,110.459999
2021-05-27,110.36
2021-05-26,111.37
2021-05-25,111.83
2021-05-24,110.08
2021-05-21,109.47
2021-05-20,112.29
2021-05-19,111.449997
2021-05-18,114.4
2021-05-17,116.25
2021-05-14,114.889999
2021-05-13,113.059998
2021-05-12,113.739998
2021-05-11,116.0
2021-05-10,117.169998
2021-05-07,117.62
2021-05-06,117.599998
2021-05-05,114.699997
2021-05-04,115.599998
2021-05-03,114.989998
2021-04-30,112.05
2021-04-29,112.5
2021-04-28,114.36
2021-04-27,115.12
2021-04-26,116.55
2021-04-23,115.22
2021-04-22,112.785
2021-04-21,114.349998
2021-04-20,111.379997
2021-04-19,113.25
2021-04-16,112.589996
2021-04-15,112.059998
2021-04-14,109.709999
2021-04-13,108.41
2021-04-12,109.98
2021-04-09,112.87
2021-04-08,115.309998
2021-04-07,115.05
2021-04-06,116.23
2021-04-05,113.445
2021-04-01,113.55
2021-03-31,111.309998
2021-03-30,107.86
2021-03-29,109.989998
2021-03-26,110.379997
2021-03-25,107.16
2021-03-24,109.25
2021-03-23,109.08
2021-03-22,110.9899
2021-03-19,111.66
2021-03-18,113.51
2021-03-17,113.809998
2021-03-16,113.779999
2021-03-15,113.61
2021-03-12,112.68
2021-03-11,112.4
2021-03-10,112.699997
2021-03-09,109.779999
2021-03-08,106.559998
2021-03-05,106.029999
2021-03-04,105.599998
2021-03-03,110.01
2021-03-02,112.94
2021-03-01,111.18
2021-02-26,111.23
2021-02-25,114.58
2021-02-24,118.915
2021-02-23,116.22
2021-02-22,119.32
2021-02-19,119.43
2021-02-18,119.220001
2021-02-17,117.65
2021-02-16,118.43
2021-02-12,117.51
2021-02-11,116.15
2021-02-10,116.4
2021-02-09,110.83
2021-02-08,108.98
2021-02-05,105.55
2021-02-04,102.809998
2021-02-03,102.879997
2021-02-02,102.05
2021-02-01,105.37
2021-01-29,100.44
2021-01-28,100.65
2021-01-27,99.949997
2021-01-26,103.0
2021-01-25,102.889999
2021-01-22,103.269997
2021-01-21,105.949997
2021-01-20,104.08
2021-01-19,101.665
2021-01-15,100.269997
2021-01-14,104.949997
2021-01-13,103.139999
2021-01-12,100.9
2021-01-11,96.94
2021-01-08,100.019997
2021-01-07,105.150002
2021-01-06,103.22
2021-01-05,104.69
2021-01-04,100.099998
2020-12-31,100.73
2020-12-30,100.73
2020-12-29,98.959999
2020-12-28,96.959999
2020-12-24,96.26
2020-12-23,95.629997
2020-12-22,94.32
2020-12-21,95.26
2020-12-18,96.989998
2020-12-17,98.059998
2020-12-16,97.32
2020-12-15,97.5899
2020-12-14,94.705
2020-12-11,95.0
2020-12-10,96.709999
2020-12-09,93.98
2020-12-08,96.36
2020-12-07,96.629997
2020-12-04,99.91
2020-12-03,97.29
2020-12-02,95.019997
2020-12-01,94.08
2020-11-30,90.739998
2020-11-27,90.470001
2020-11-25,90.699997
2020-11-24,89.995
2020-11-23,87.12
2020-11-20,89.11
2020-11-19,89.22
2020-11-18,88.389999
2020-11-17,87.04
2020-11-16,86.849998
2020-11-13,83.629997
2020-11-12,82.349998
2020-11-11,81.1961
2020-11-10,82.839996
2020-11-09,81.059998
2020-11-06,83.639999
2020-11-05,84.29
2020-11-04,81.69
2020-11-03,81.709999
2020-11-02,80.849998
2020-10-30,79.61
2020-10-29,80.029999
2020-10-28,81.489998
2020-10-27,82.75
2020-10-26,82.3
2020-10-23,84.98
2020-10-22,82.87
2020-10-21,83.5
2020-10-20,82.05
2020-10-19,80.36
2020-10-16,81.11
2020-10-15,81.339996
2020-10-14,80.76
2020-10-13,81.54
2020-10-12,82.4
2020-10-09,83.66
2020-10-08,81.239998
2020-10-07,81.32
2020-10-06,80.73
2020-10-05,84.36
2020-10-02,82.599998
2020-10-01,84.739998
2020-09-30,83.989998
2020-09-29,83.25
2020-09-28,83.019997
2020-09-25,80.07
2020-09-24,79.97
2020-09-23,78.73
2020-09-22,81.83
2020-09-21,83.389999
2020-09-18,87.18
2020-09-17,88.19
2020-09-16,90.919998
2020-09-15,91.11
2020-09-14,89.75
2020-09-11,87.099998
2020-09-10,86.83
2020-09-09,86.79
2020-09-08,84.830002
2020-09-04,84.8
2020-09-03,83.449997
2020-09-02,85.65
2020-09-01,88.639999
2020-08-31,87.889999
2020-08-28,87.879997
2020-08-27,87.019997
2020-08-26,88.25
2020-08-25,87.72
2020-08-24,86.41
2020-08-21,86.87
2020-08-20,86.669998
2020-08-19,87.589996
2020-08-18,91.15
2020-08-17,90.199997
2020-08-14,89.029999
2020-08-13,90.68
2020-08-12,87.25
2020-08-11,88.0
2020-08-10,93.019997
2020-08-07,90.389999
2020-08-06,93.839996
2020-08-05,91.65
2020-08-04,88.879997
2020-08-03,86.29
2020-07-31,85.26
2020-07-30,84.629997
2020-07-29,88.32
2020-07-28,89.599998
2020-07-27,88.4
2020-07-24,86.68
2020-07-23,86.62
2020-07-22,87.19
2020-07-21,82.97
2020-07-20,80.29
2020-07-17,78.79
2020-07-16,77.519997
2020-07-15,78.339996
2020-07-14,77.779999
2020-07-13,78.65
2020-07-10,78.25
2020-07-09,79.07
2020-07-08,80.139999
2020-07-07,79.18
2020-07-06,77.849998
2020-07-02,76.879997
2020-07-01,77.68
2020-06-30,78.169998
2020-06-29,76.41
2020-06-26,75.8
2020-06-25,75.73
2020-06-24,75.76
2020-06-23,78.6399
2020-06-22,77.629997
2020-06-19,77.089996
2020-06-18,76.459999
2020-06-17,77.48
2020-06-16,77.879997
2020-06-15,76.6692
2020-06-12,76.519997
2020-06-11,75.82
2020-06-10,79.209999
2020-06-09,78.43
2020-06-08,78.98
2020-06-05,77.36
2020-06-04,79.129997
2020-06-03,78.459999
2020-06-02,79.75
2020-06-01,81.12
2020-05-29,79.059998
2020-05-28,78.6273
2020-05-27,78.889999
2020-05-26,78.41
2020-05-22,78.269997
2020-05-21,78.839996
2020-05-20,81.139999
2020-05-19,79.110001
2020-05-18,77.599998
2020-05-15,75.349998
2020-05-14,72.709999
2020-05-13,71.68
2020-05-12,71.8
2020-05-11,72.25
2020-05-08,72.48
2020-05-07,72.15
2020-05-06,70.709999
2020-05-05,72.557
2020-05-04,72.639999
2020-05-01,72.16
2020-04-30,74.019997
2020-04-29,73.87
2020-04-28,73.8
2020-04-27,72.08
2020-04-24,72.2872
2020-04-23,73.239998
2020-04-22,71.65
2020-04-21,70.05
2020-04-20,72.66
2020-04-17,73.0
2020-04-16,73.8
2020-04-15,73.3
2020-04-14,73.949997
2020-04-13,70.8
2020-04-09,70.29
2020-04-08,69.0
2020-04-07,69.879997
2020-04-06,69.68
2020-04-03,68.01
2020-04-02,68.61
2020-04-01,67.37
2020-03-31,67.9
2020-03-30,68.279999
2020-03-27,69.33
2020-03-26,69.139999
2020-03-25,69.79
2020-03-24,66.8
2020-03-23,60.16
2020-03-20,57.57
2020-03-19,55.36
2020-03-18,58.82
2020-03-17,62.49
2020-03-16,62.060001
2020-03-13,71.69
2020-03-12,71.9
2020-03-11,81.5
2020-03-10,82.099998
2020-03-09,81.559998
2020-03-06,85.199997
2020-03-05,81.75
2020-03-04,82.639999
2020-03-03,82.58
2020-03-02,81.11
2020-02-28,81.139999
2020-02-27,84.629997
2020-02-26,85.91
2020-02-25,86.769997
2020-02-24,90.8
2020-02-21,92.01
2020-02-20,92.26
2020-02-19,95.04
2020-02-18,93.61
2020-02-14,90.87
2020-02-13,91.3
2020-02-12,90.709999
2020-02-11,91.55
2020-02-10,90.61
2020-02-07,91.199997
2020-02-06,90.61
2020-02-05,92.699997
2020-02-04,90.97
2020-02-03,91.169998
2020-01-31,90.199997
2020-01-30,92.32
2020-01-29,92.059998
2020-01-28,93.01
2020-01-27,92.669998
2020-01-24,94.83
2020-01-23,94.599998
2020-01-22,95.550003
2020-01-21,94.489998
2020-01-17,96.29
2020-01-16,94.989998
2020-01-15,96.22
2020-01-14,92.72
2020-01-13,91.919998
2020-01-10,92.269997
2020-01-09,90.940002
2020-01-08,90.16
2020-01-07,91.47
2020-01-06,90.68
2020-01-03,92.36
2020-01-02,92.349998
2019-12-31,90.93
2019-12-30,90.129997
2019-12-27,88.879997
2019-12-26,89.51
2019-12-24,89.05
2019-12-23,88.15
2019-12-20,85.809998
2019-12-19,87.995
2019-12-18,88.1091
2019-12-17,87.419998
2019-12-16,87.55
2019-12-13,87.309998
2019-12-12,89.16
2019-12-11,88.639999
2019-12-10,86.94
2019-12-09,84.22
2019-12-06,84.485
2019-12-05,84.559998
2019-12-04,84.37
2019-12-03,85.75
2019-12-02,84.65
2019-11-29,84.580002
2019-11-27,84.3352
2019-11-26,85.7289
2019-11-25,84.519997
2019-11-22,83.989998
2019-11-21,86.279999
2019-11-20,86.61
2019-11-19,85.9
2019-11-18,84.29
2019-11-15,83.849998
2019-11-14,83.04
2019-11-13,82.33
2019-11-12,82.0
2019-11-11,82.58
2019-11-08,83.62
2019-11-07,85.72
2019-11-06,87.61
2019-11-05,87.599998
2019-11-04,88.169998
2019-11-01,89.5
2019-10-31,87.93
2019-10-30,87.0
2019-10-29,86.72
2019-10-28,86.639999
2019-10-25,87.25
2019-10-24,87.0
2019-10-23,86.36
2019-10-22,84.040001
2019-10-21,83.69
2019-10-18,84.01
2019-10-17,83.69
2019-10-16,83.65
2019-10-15,83.489998
2019-10-14,84.25
2019-10-11,84.519997
2019-10-10,84.76
2019-10-09,84.279999
2019-10-08,83.98
2019-10-07,82.779999
2019-10-04,83.15
2019-10-03,83.9672
2019-10-02,83.8
2019-10-01,82.919998
2019-09-30,83.47
2019-09-27,87.739998
2019-09-26,88.019997
2019-09-25,87.36
2019-09-24,90.16
2019-09-23,90.589996
2019-09-20,89.279999
2019-09-19,88.589996
2019-09-18,87.779999
2019-09-17,88.76
2019-09-16,88.51
2019-09-13,89.629997
2019-09-12,89.779999
2019-09-11,89.18
2019-09-10,87.76
2019-09-09,89.37
2019-09-06,89.33
2019-09-05,90.54
2019-09-04,93.15
2019-09-03,90.169998
2019-08-30,88.04
2019-08-29,86.419998
2019-08-28,85.029999
2019-08-27,81.769997
2019-08-26,80.809998
2019-08-23,81.0
2019-08-22,81.099998
2019-08-21,80.629997
2019-08-20,80.18
2019-08-19,80.389999
2019-08-16,80.209999
2019-08-15,79.41
2019-08-14,79.790001
2019-08-13,80.79
2019-08-12,81.0
2019-08-09,81.349998
2019-08-08,81.889999
2019-08-07,81.51
2019-08-06,80.459999
2019-08-05,80.65
2019-08-02,79.66
2019-08-01,80.58
2019-07-31,81.54
2019-07-30,82.36
2019-07-29,83.29
2019-07-26,81.58
2019-07-25,81.849998
2019-07-24,82.68
2019-07-23,80.8
2019-07-22,80.22
2019-07-19,80.019997
2019-07-18,80.589996
2019-07-17,79.76
2019-07-16,79.239998
2019-07-15,79.599998
2019-07-12,78.44
2019-07-11,77.87
2019-07-10,78.209999
2019-07-09,76.73
2019-07-08,77.0455
2019-07-05,76.559998
2019-07-03,79.309
2019-07-02,78.25
2019-07-01,78.54
2019-06-28,78.86
2019-06-27,76.9
2019-06-26,77.059998
2019-06-25,76.309998
2019-06-24,77.019997
2019-06-21,76.459999
2019-06-20,76.29
2019-06-19,76.629997
2019-06-18,75.86
2019-06-17,75.04
2019-06-14,75.919998
2019-06-13,76.699997
2019-06-12,76.55
2019-06-11,77.05
2019-06-10,76.199997
2019-06-07,76.18
2019-06-06,75.879997
2019-06-05,75.849998
2019-06-04,77.58
2019-06-03,77.82
2019-05-31,74.989998
2019-05-30,75.199997
2019-05-29,75.01
2019-05-28,75.529999
2019-05-24,76.12
2019-05-23,75.57
2019-05-22,76.05
2019-05-21,77.169998
2019-05-20,77.059998
2019-05-17,77.389999
2019-05-16,78.79
2019-05-15,79.989998
2019-05-14,80.98
2019-05-13,80.589996
2019-05-10,81.779999
2019-05-09,80.269997
2019-05-08,81.449997
2019-05-07,82.279999
2019-05-06,82.769997
2019-05-03,82.36
2019-05-02,80.4
2019-05-01,81.779999
2019-04-30,83.94
2019-04-29,84.739998
2019-04-26,85.0
2019-04-25,83.839996
2019-04-24,83.62
2019-04-23,84.07
2019-04-22,85.029999
2019-04-18,85.349998
2019-04-17,84.0
2019-04-16,83.36
2019-04-15,83.809998
2019-04-12,84.459999
2019-04-11,84.339996
2019-04-10,85.339996
2019-04-09,84.22
2019-04-08,85.919998
2019-04-05,85.089996
2019-04-04,84.94
2019-04-03,82.23
2019-04-02,80.51
2019-04-01,80.349998
2019-03-29,80.15
2019-03-28,79.379997
2019-03-27,80.73
2019-03-26,81.26
2019-03-25,81.199997
2019-03-22,80.12
2019-03-21,81.529999
2019-03-20,82.129997
2019-03-19,80.809998
2019-03-18,79.019997
2019-03-15,78.73
2019-03-14,78.08
2019-03-13,80.04
2019-03-12,79.099998
2019-03-11,77.459999
2019-03-08,77.57
2019-03-07,77.139999
2019-03-06,78.32
2019-03-05,79.25
2019-03-04,79.12
2019-03-01,81.07
2019-02-28,82.519997
2019-02-27,82.19
2019-02-26,81.41
2019-02-25,80.839996
2019-02-22,79.9
2019-02-21,77.989998
2019-02-20,78.419998
2019-02-19,77.699997
2019-02-15,76.519997
2019-02-14,74.599998
2019-02-13,74.51
2019-02-12,75.099998
2019-02-11,74.58
2019-02-08,75.839996
2019-02-07,75.65
2019-02-06,76.47
2019-02-05,77.73
2019-02-04,77.79
2019-02-01,78.279999
2019-01-31,77.8
2019-01-30,77.48
2019-01-29,77.22
2019-01-28,77.0
2019-01-25,77.489998
2019-01-24,76.019997
2019-01-23,75.3
2019-01-22,74.809998
2019-01-18,75.639999
2019-01-17,76.94
2019-01-16,76.54
2019-01-15,75.69
2019-01-14,75.989998
2019-01-11,76.86
2019-01-10,77.739998
2019-01-09,78.12
2019-01-08,77.76
2019-01-07,77.9356
2019-01-04,77.870003
2019-01-03,75.669998
2019-01-02,75.32
2018-12-31,75.239998
2018-12-28,74.720001
2018-12-27,75.419998
2018-12-26,75.449997
2018-12-24,74.529999
2018-12-21,74.6487
2018-12-20,75.18
2018-12-19,74.510002
2018-12-18,74.959999
2018-12-17,75.25
2018-12-14,74.62
2018-12-13,75.54
2018-12-12,76.059998
2018-12-11,74.5
2018-12-10,74.32
2018-12-07,75.16
2018-12-06,74.779999
2018-12-04,76.029999
2018-12-03,76.32
2018-11-30,75.65
2018-11-29,77.62
2018-11-28,78.139999
2018-11-27,79.0
2018-11-26,80.05
2018-11-23,79.5
2018-11-21,80.239998
2018-11-20,79.76
2018-11-19,80.849998
2018-11-16,80.169998
2018-11-15,79.73
2018-11-14,79.15
2018-11-13,79.449997
2018-11-12,79.68
2018-11-09,81.0
2018-11-08,81.91
2018-11-07,82.76
2018-11-06,82.360001
2018-11-05,81.79
2018-11-02,82.5
2018-11-01,81.5953
2018-10-31,79.65
2018-10-30,79.33
2018-10-29,79.08
2018-10-26,79.08
2018-10-25,78.529999
2018-10-24,78.76
2018-10-23,79.04
2018-10-22,78.11
2018-10-19,78.849998
2018-10-18,78.529999
2018-10-17,79.01
2018-10-16,79.83
2018-10-15,79.93
2018-10-12,79.48
2018-10-11,79.629997
2018-10-10,78.059998
2018-10-09,78.358
2018-10-08,77.8
2018-10-05,78.129997
2018-10-04,78.26
2018-10-03,78.599998
2018-10-02,78.76
2018-10-01,78.125
2018-09-28,77.3679
2018-09-27,76.959999
2018-09-26,78.099998
2018-09-25,78.199997
2018-09-24,78.5
2018-09-21,78.61
2018-09-20,79.169998
2018-09-19,78.08
2018-09-18,77.15
2018-09-17,75.86
2018-09-14,75.599998
2018-09-13,76.269997
2018-09-12,75.889999
2018-09-11,74.8
2018-09-10,74.51
2018-09-07,74.22
2018-09-06,75.07
2018-09-05,74.55
2018-09-04,74.0
2018-08-31,74.699997
2018-08-30,75.269997
2018-08-29,75.69
2018-08-28,75.019997
2018-08-27,76.26
2018-08-24,75.0199
2018-08-23,73.83
2018-08-22,75.529999
2018-08-21,75.449997
2018-08-20,75.57
2018-08-17,75.01
2018-08-16,74.019997
2018-08-15,72.98
2018-08-14,76.18
2018-08-13,76.16
2018-08-10,78.75
2018-08-09,79.15
2018-08-08,78.98
2018-08-07,78.82
2018-08-06,78.12
2018-08-03,79.059998
2018-08-02,78.5
2018-08-01,77.709999
2018-07-31,79.65
2018-07-30,78.69
2018-07-27,79.0
2018-07-26,78.349998
2018-07-25,80.23
2018-07-24,79.1778
2018-07-23,78.959999
2018-07-20,78.639999
2018-07-19,76.62
2018-07-18,77.779999
2018-07-17,77.699997
2018-07-16,78.32
2018-07-13,78.94
2018-07-12,80.04
2018-07-11,78.879997
2018-07-10,80.479
2018-07-09,80.889999
2018-07-06,80.209999
2018-07-05,80.05
2018-07-03,79.949997
2018-07-02,77.66
2018-06-29,81.139999
2018-06-28,80.79
2018-06-27,81.4
2018-06-26,82.459999
2018-06-25,82.419998
2018-06-22,83.19
2018-06-21,82.08
2018-06-20,82.849998
2018-06-19,82.519
2018-06-18,84.0
2018-06-15,84.47
2018-06-14,86.129997
2018-06-13,85.9
2018-06-12,85.449997
2018-06-11,86.04
2018-06-08,86.12
2018-06-07,85.519997
2018-06-06,86.059998
2018-06-05,85.669998
2018-06-04,85.599998
2018-06-01,85.889999
2018-05-31,86.269997
2018-05-30,86.489998
2018-05-29,86.26
2018-05-25,85.62
2018-05-24,86.65
2018-05-23,86.0
2018-05-22,86.29
2018-05-21,85.489998
2018-05-18,84.25
2018-05-17,84.75
2018-05-16,84.769997
2018-05-15,85.389999
2018-05-14,86.61
2018-05-11,87.769997
2018-05-10,88.019997
2018-05-09,86.91
2018-05-08,86.889999
2018-05-07,86.62
2018-05-04,86.48
2018-05-03,85.83
2018-05-02,85.18
2018-05-01,85.029999
2018-04-30,85.98
2018-04-27,86.97
2018-04-26,86.43
2018-04-25,86.669998
2018-04-24,88.68
2018-04-23,87.6958
2018-04-20,88.209999
2018-04-19,89.05
2018-04-18,89.58
2018-04-17,89.12
2018-04-16,88.339996
2018-04-13,88.54
2018-04-12,88.4
2018-04-11,88.739998
2018-04-10,88.529999
2018-04-09,88.8
2018-04-06,87.15
2018-04-05,86.83
2018-04-04,87.269997
2018-04-03,88.209999
2018-04-02,89.0
2018-03-29,88.65
2018-03-28,89.15
2018-03-27,89.8
2018-03-26,90.669998
2018-03-23,90.239998
2018-03-22,90.43
2018-03-21,91.32
2018-03-20,89.82
2018-03-19,90.72
2018-03-16,90.379997
2018-03-15,90.768
2018-03-14,91.62
2018-03-13,91.889999
2018-03-12,91.7479
2018-03-09,91.73
2018-03-08,90.61
2018-03-07,90.65
2018-03-06,92.199997
2018-03-05,91.51
2018-03-02,92.0
2018-03-01,91.97
2018-02-28,93.529999
2018-02-27,93.599998
2018-02-26,95.12
2018-02-23,94.82
2018-02-22,94.94
2018-02-21,94.22
2018-02-20,95.25
2018-02-16,95.769997
2018-02-15,95.5
2018-02-14,95.099998
2018-02-13,92.76
2018-02-12,92.550003
2018-02-09,91.76
2018-02-08,92.699997
2018-02-07,93.309998
2018-02-06,94.129997
2018-02-05,94.33
2018-02-02,94.15
2018-02-01,95.93
2018-01-31,95.349998
2018-01-30,94.709999
2018-01-29,95.9095
2018-01-26,96.48
2018-01-25,96.629997
2018-01-24,96.809998
2018-01-23,95.82
2018-01-22,94.9
2018-01-19,96.519997
2018-01-18,95.33
2018-01-17,95.3
2018-01-16,95.22
2018-01-12,94.809998
2018-01-11,93.75
2018-01-10,92.529999
2018-01-09,92.099998
2018-01-08,92.739998
2018-01-05,92.389999
2018-01-04,91.959999
2018-01-03,91.3
2018-01-02,90.05
2017-12-29,88.47
2017-12-28,88.29
2017-12-27,87.76
2017-12-26,87.9
2017-12-22,87.5
2017-12-21,87.349998
2017-12-20,87.589996
2017-12-19,87.199997
2017-12-18,86.769997
2017-12-15,85.18
2017-12-14,84.2194
2017-12-13,84.68
2017-12-12,83.959999
2017-12-11,84.75
2017-12-08,84.75
2017-12-07,85.379997
2017-12-06,86.12
2017-12-05,87.41
2017-12-04,88.389999
2017-12-01,89.65
2017-11-30,89.949997
2017-11-29,89.68
2017-11-28,90.51
2017-11-27,90.339996
2017-11-24,89.76
2017-11-22,89.65
2017-11-21,88.94
2017-11-20,88.209999
2017-11-17,90.8
2017-11-16,88.97
2017-11-15,88.959999
2017-11-14,88.339996
2017-11-13,88.98
2017-11-10,88.61
2017-11-09,89.48
2017-11-08,88.8
2017-11-07,88.04
2017-11-06,89.059998
2017-11-03,87.849998
2017-11-02,88.3
2017-11-01,89.089
2017-10-31,87.709999
2017-10-30,87.79
2017-10-27,87.5
2017-10-26,87.629997
2017-10-25,88.209999
2017-10-24,88.25
2017-10-23,88.54
2017-10-20,88.29
2017-10-19,88.25
2017-10-18,88.0
2017-10-17,89.279999
2017-10-16,88.83
2017-10-13,90.239998
2017-10-12,89.589996
2017-10-11,89.08
2017-10-10,89.12
2017-10-09,87.699997
2017-10-06,87.3
2017-10-05,87.25
2017-10-04,87.43
2017-10-03,87.05
2017-10-02,87.22
2017-09-29,87.239998
2017-09-28,88.23
2017-09-27,88.029999
2017-09-26,88.5
2017-09-25,89.83
2017-09-22,89.029999
2017-09-21,89.519997
2017-09-20,89.959999
2017-09-19,90.849998
2017-09-18,91.699997
2017-09-15,92.449997
2017-09-14,93.75
2017-09-13,93.5
2017-09-12,94.48
2017-09-11,94.5
2017-09-08,96.379997
2017-09-07,96.98
2017-09-06,95.769997
2017-09-05,96.23
2017-09-01,96.19
2017-08-31,95.37
2017-08-30,94.529999
2017-08-29,94.919998
2017-08-28,94.33
2017-08-25,93.0
2017-08-24,93.33
2017-08-23,93.3
2017-08-22,93.269997
2017-08-21,93.75
2017-08-18,93.559998
2017-08-17,93.059998
2017-08-16,93.4
2017-08-15,91.93
2017-08-14,92.529999
2017-08-11,94.25
2017-08-10,93.699997
2017-08-09,92.959999
2017-08-08,92.849998
2017-08-07,92.51
2017-08-04,92.33
2017-08-03,92.12
2017-08-02,90.519997
2017-08-01,90.18
2017-07-31,89.989998
2017-07-28,89.449997
2017-07-27,88.589996
2017-07-26,89.01
2017-07-25,88.68
2017-07-24,89.029999
2017-07-21,89.43
2017-07-20,88.559998
2017-07-19,88.099998
2017-07-18,88.69
2017-07-17,88.639999
2017-07-14,88.16
2017-07-13,86.639999
2017-07-12,87.69
2017-07-11,86.139999
2017-07-10,86.239998
2017-07-07,86.589996
2017-07-06,87.05
2017-07-05,87.089996
2017-07-03,86.769997
2017-06-30,88.349998
2017-06-29,88.01
2017-06-28,88.029999
2017-06-27,88.0
2017-06-26,87.809998
2017-06-23,88.76
2017-06-22,88.41
2017-06-21,88.72
2017-06-20,88.12
2017-06-19,88.489998
2017-06-16,88.779999
2017-06-15,88.239998
2017-06-14,89.309998
2017-06-13,88.839996
2017-06-12,90.349998
2017-06-09,89.9
2017-06-08,89.709999
2017-06-07,90.4
2017-06-06,91.8
2017-06-05,91.279999
2017-06-02,91.16
2017-06-01,89.19
2017-05-31,90.87
2017-05-30,89.959999
2017-05-26,91.809998
2017-05-25,90.73
2017-05-24,90.769997
2017-05-23,90.349998
2017-05-22,90.739998
2017-05-19,89.9
2017-05-18,89.23
2017-05-17,90.41
2017-05-16,90.139999
2017-05-15,89.099998
2017-05-12,88.029999
2017-05-11,87.889999
2017-05-10,87.18
2017-05-09,86.739998
2017-05-08,88.089996
2017-05-05,87.41
2017-05-04,86.419998
2017-05-03,86.209999
2017-05-02,88.879997
2017-05-01,89.11
2017-04-28,90.709999
2017-04-27,90.410004
2017-04-26,90.9
2017-04-25,91.51
2017-04-24,92.059998
2017-04-21,93.12
2017-04-20,93.65
2017-04-19,92.4
2017-04-18,93.489998
2017-04-17,94.239998
2017-04-13,93.1994
2017-04-12,92.97
2017-04-11,92.629997
2017-04-10,90.12
2017-04-07,91.33
2017-04-06,91.589996
2017-04-05,91.989998
2017-04-04,92.059998
2017-04-03,91.589996
2017-03-31,90.91
2017-03-30,91.0
2017-03-29,91.4158
2017-03-28,91.279999
2017-03-27,92.82
2017-03-24,92.419998
2017-03-23,92.129997
2017-03-22,92.16
2017-03-21,92.949997
2017-03-20,92.970001
2017-03-17,92.269997
2017-03-16,91.82
2017-03-15,91.449997
2017-03-14,89.889999
2017-03-13,90.11
2017-03-10,90.199997
2017-03-09,89.66
2017-03-08,90.76
2017-03-07,91.959999
2017-03-06,93.639999
2017-03-03,95.459999
2017-03-02,94.57
2017-03-01,97.199997
2017-02-28,98.25
2017-02-27,98.169998
2017-02-24,98.25
2017-02-23,96.66
2017-02-22,96.209999
2017-02-21,96.0961
2017-02-17,96.3
2017-02-16,97.089996
2017-02-15,96.779999
2017-02-14,95.94
2017-02-13,95.72
2017-02-10,96.889999
2017-02-09,97.36
2017-02-08,97.489998
2017-02-07,96.44
2017-02-06,97.15
2017-02-03,96.19
2017-02-02,95.919998
2017-02-01,95.93
2017-01-31,95.489998
2017-01-30,94.809998
2017-01-27,94.419998
2017-01-26,93.75
2017-01-25,94.16
2017-01-24,95.61
2017-01-23,94.05
2017-01-20,93.72
2017-01-19,91.779999
2017-01-18,92.209999
2017-01-17,93.309998
2017-01-13,94.44
2017-01-12,93.68
2017-01-11,93.37
2017-01-10,93.699997
2017-01-09,93.849998
2017-01-06,92.94
2017-01-05,92.989998
2017-01-04,90.55
2017-01-03,89.989998
2016-12-30,86.41
2016-12-29,86.269997
2016-12-28,86.4
2016-12-27,86.669998
2016-12-23,85.599998
2016-12-22,86.91
2016-12-21,87.76
2016-12-20,88.16
2016-12-19,88.01
2016-12-16,88.73
2016-12-15,86.029999
2016-12-14,88.629997
2016-12-13,89.839996
2016-12-12,89.4
2016-12-09,87.769997
2016-12-08,90.110001
2016-12-07,90.389999
2016-12-06,89.66
2016-12-05,89.83
2016-12-02,89.3
2016-12-01,87.87
2016-11-30,87.44
2016-11-29,88.279999
2016-11-28,88.73
2016-11-25,87.029999
2016-11-23,89.23
2016-11-22,90.23
2016-11-21,89.839996
2016-11-18,88.25
2016-11-17,89.75
2016-11-16,90.629997
2016-11-15,90.029999
2016-11-14,89.18
2016-11-11,90.41
2016-11-10,93.41
2016-11-09,95.989998
2016-11-08,96.239998
2016-11-07,96.089996
2016-11-04,95.86
2016-11-03,95.55
2016-11-02,95.32
2016-11-01,95.339996
2016-10-31,94.059998
2016-10-28,94.209999
2016-10-27,92.75
2016-10-26,92.55
2016-10-25,92.62
2016-10-24,90.3
2016-10-21,89.58
2016-10-20,89.639999
2016-10-19,90.739
2016-10-18,90.809998
2016-10-17,89.87
2016-10-14,89.879997
2016-10-13,89.959999
2016-10-12,90.529999
2016-10-11,91.01
2016-10-10,92.26
2016-10-07,92.72
2016-10-06,92.5
2016-10-05,93.65
2016-10-04,94.79
2016-10-03,96.629997
2016-09-30,98.8
2016-09-29,98.62
2016-09-28,98.76
2016-09-27,98.41
2016-09-26,99.589996
2016-09-23,101.169998
2016-09-22,101.489998
2016-09-21,101.489998
2016-09-20,99.0
2016-09-19,98.25
2016-09-16,97.55
2016-09-15,99.25
2016-09-14,99.44
2016-09-13,99.4597
2016-09-12,101.32
2016-09-09,102.199997
2016-09-08,103.989998
2016-09-07,104.629
2016-09-06,105.57
2016-09-02,102.230003
2016-09-01,100.62
2016-08-31,100.709999
2016-08-30,101.16
2016-08-29,103.44
2016-08-26,103.089996
2016-08-25,103.059998
2016-08-24,103.660004
2016-08-23,106.139999
2016-08-22,105.91
2016-08-19,107.16
2016-08-18,108.699997
2016-08-17,107.309998
2016-08-16,107.439
2016-08-15,106.889999
2016-08-12,108.01
2016-08-11,109.43
2016-08-10,113.3
2016-08-09,111.05
2016-08-08,110.58
2016-08-05,110.089996
2016-08-04,111.425
2016-08-03,111.9
2016-08-02,112.23
2016-08-01,111.23
2016-07-29,110.12
2016-07-28,109.239998
2016-07-27,109.279999
2016-07-26,104.98
2016-07-25,104.0
2016-07-22,103.959999
2016-07-21,106.0
2016-07-20,104.11
2016-07-19,104.98
2016-07-18,105.51
2016-07-15,104.5
2016-07-14,105.879997
2016-07-13,105.4399
2016-07-12,104.709999
2016-07-11,105.959999
2016-07-08,105.8
2016-07-07,104.83
2016-07-06,104.51
2016-07-05,103.33
2016-07-01,101.94
2016-06-30,98.919998
2016-06-29,96.9
2016-06-28,94.029999
2016-06-27,94.12
2016-06-24,94.529999
2016-06-23,92.779999
2016-06-22,94.04
2016-06-21,94.05
2016-06-20,94.93
2016-06-17,93.385
2016-06-16,93.33
2016-06-15,94.08
2016-06-14,93.849998
2016-06-13,95.29
2016-06-10,95.519997
2016-06-09,96.679
2016-06-08,97.339996
2016-06-07,96.37
2016-06-06,95.8389
2016-06-03,94.519997
2016-06-02,92.099998
2016-06-01,93.4699
2016-05-31,94.089996
2016-05-27,94.0
2016-05-26,95.55
2016-05-25,95.459999
2016-05-24,96.43
2016-05-23,97.54
2016-05-20,98.44
2016-05-19,97.459999
2016-05-18,98.76
2016-05-17,101.37
2016-05-16,101.099998
2016-05-13,101.19
2016-05-12,101.019997
2016-05-11,102.669998
2016-05-10,101.29
2016-05-09,100.410004
2016-05-06,103.94
2016-05-05,102.209999
2016-05-04,101.66
2016-05-03,102.309998
2016-05-02,103.98
2016-04-29,103.65
2016-04-28,101.25
2016-04-27,98.79
2016-04-26,97.260002
2016-04-25,97.779999
2016-04-22,97.389999
2016-04-21,98.62
2016-04-20,98.19
2016-04-19,97.599998
2016-04-18,94.059998
2016-04-15,94.709999
2016-04-14,95.279999
2016-04-13,96.23
2016-04-12,96.389999
2016-04-11,95.139999
2016-04-08,93.139999
2016-04-07,92.04
2016-04-06,91.19
2016-04-05,91.5
2016-04-04,90.690002
2016-04-01,92.26
2016-03-31,94.04
2016-03-30,92.9
2016-03-29,93.29
2016-03-28,91.08
2016-03-24,91.459999
2016-03-23,92.26
2016-03-22,95.69
2016-03-21,94.69
2016-03-18,93.589996
2016-03-17,94.889999
2016-03-16,94.19
2016-03-15,92.16
2016-03-14,92.16
2016-03-11,92.709999
2016-03-10,94.22
2016-03-09,93.959999
2016-03-08,94.739998
2016-03-07,96.389999
2016-03-04,94.5
2016-03-03,91.489998
2016-03-02,90.339996
2016-03-01,90.489998
2016-02-29,90.29
2016-02-26,88.019997
2016-02-25,89.339996
2016-02-24,90.589996
2016-02-23,90.879997
2016-02-22,89.32
2016-02-19,90.839996
2016-02-18,91.12
2016-02-17,90.86
2016-02-16,89.75
2016-02-12,92.15
2016-02-11,92.54
2016-02-10,90.19
2016-02-09,89.849998
2016-02-08,89.199997
2016-02-05,87.919998
2016-02-04,87.26
2016-02-03,84.9399
2016-02-02,82.54
2016-02-01,83.919998
2016-01-29,83.97
2016-01-28,83.48
2016-01-27,84.94
2016-01-26,84.61
2016-01-25,82.709999
2016-01-22,80.199997
2016-01-21,79.1299
2016-01-20,79.41
2016-01-19,79.986
2016-01-15,79.97
2016-01-14,80.559998
2016-01-13,81.889999
2016-01-12,80.629997
2016-01-11,81.589996
2016-01-08,85.0
2016-01-07,84.82
2016-01-06,84.849998
2016-01-05,85.709999
2016-01-04,85.29
2015-12-31,85.83
2015-12-30,83.76
2015-12-29,85.62
2015-12-28,85.11
2015-12-24,85.129997
2015-12-23,83.79
2015-12-22,83.94
2015-12-21,84.11
2015-12-18,82.93
2015-12-17,81.290001
2015-12-16,84.26
2015-12-15,82.589996
2015-12-14,81.919998
2015-12-11,81.239998
2015-12-10,82.519997
2015-12-09,82.839996
2015-12-08,81.61
2015-12-07,82.209999
2015-12-04,85.01
2015-12-03,81.73
2015-12-02,80.25
2015-12-01,80.91
2015-11-30,80.12
2015-11-27,80.739998
2015-11-25,81.199997
2015-11-24,81.16
2015-11-23,81.639999
2015-11-20,82.449997
2015-11-19,82.61
2015-11-18,81.809998
2015-11-17,82.309998
2015-11-16,83.629997
2015-11-13,82.989998
2015-11-12,84.79
2015-11-11,85.08
2015-11-10,86.889999
2015-11-09,88.2679
2015-11-06,90.75
2015-11-05,91.709999
2015-11-04,92.15
2015-11-03,93.129997
2015-11-02,94.36
2015-10-30,94.959999
2015-10-29,95.73
2015-10-28,96.51
2015-10-27,95.19
2015-10-26,96.29
2015-10-23,96.65
2015-10-22,97.519997
2015-10-21,96.91
2015-10-20,98.48
2015-10-19,97.68
2015-10-16,98.11
2015-10-15,96.959999
2015-10-14,96.529999
2015-10-13,95.41
2015-10-12,96.01
2015-10-09,94.699997
2015-10-08,91.809998
2015-10-07,91.36
2015-10-06,90.18
2015-10-05,88.25
2015-10-02,87.94
2015-10-01,87.36
2015-09-30,87.86
2015-09-29,88.529999
2015-09-28,88.69
2015-09-25,91.4
2015-09-24,92.15
2015-09-23,90.099998
2015-09-22,90.529999
2015-09-21,93.559998
2015-09-18,94.69
2015-09-17,94.900002
2015-09-16,93.889999
2015-09-15,93.089996
2015-09-14,92.379997
2015-09-11,93.82
2015-09-10,94.55
2015-09-09,94.66
2015-09-08,97.059998
2015-09-04,95.9989
2015-09-03,97.099998
2015-09-02,98.04
2015-09-01,96.669998
2015-08-31,97.65
2015-08-28,98.639999
2015-08-27,96.739998
2015-08-26,94.779999
2015-08-25,94.44
2015-08-24,95.589996
2015-08-21,98.865
2015-08-20,99.589996
2015-08-19,98.129997
2015-08-18,96.33
2015-08-17,96.5
2015-08-14,95.86
2015-08-13,95.809998
2015-08-12,96.589996
2015-08-11,95.5699
2015-08-10,95.379997
2015-08-07,92.860001
2015-08-06,92.04
2015-08-05,91.75
2015-08-04,92.370003
2015-08-03,93.19
2015-07-31,95.15
2015-07-30,95.379997
2015-07-29,95.51
2015-07-28,95.339996
2015-07-27,95.239998
2015-07-24,95.349998
2015-07-23,94.339996
2015-07-22,94.610001
2015-07-21,94.489998
2015-07-20,94.349998
2015-07-17,96.66
2015-07-16,97.839996
2015-07-15,98.949997
2015-07-14,99.29
2015-07-13,100.05
2015-07-10,99.6899
2015-07-09,99.0
2015-07-08,99.709999
2015-07-07,100.599998
2015-07-06,102.699997
2015-07-02,104.739998
2015-07-01,104.699997
2015-06-30,104.199997
2015-06-29,104.4
2015-06-26,104.559998
2015-06-25,104.82
2015-06-24,104.01
2015-06-23,103.309998
2015-06-22,102.879997
2015-06-19,105.12
2015-06-18,104.76
2015-06-17,104.839996
2015-06-16,104.51
2015-06-15,105.309998
2015-06-12,105.959999
2015-06-11,107.33
2015-06-10,108.0
2015-06-09,107.26
2015-06-08,106.769997
2015-06-05,106.089996
2015-06-04,106.599998
2015-06-03,106.919998
2015-06-02,107.959999
2015-06-01,106.91
2015-05-29,107.66
2015-05-28,108.01
2015-05-27,108.379997
2015-05-26,109.08
2015-05-22,110.839996
2015-05-21,111.669998
2015-05-20,111.91
2015-05-19,111.389999
2015-05-18,113.79
2015-05-15,113.059998
2015-05-14,112.29
2015-05-13,111.15
2015-05-12,109.57
2015-05-11,109.18
2015-05-08,110.5
2015-05-07,109.4
2015-05-06,110.709999
2015-05-05,110.87
2015-05-04,111.11
2015-05-01,109.639999
2015-04-30,110.559998
2015-04-29,111.75
2015-04-28,112.129997
2015-04-27,111.349998
2015-04-24,108.87
2015-04-23,110.19
2015-04-22,109.44
2015-04-21,111.33
2015-04-20,111.279999
2015-04-17,113.5899
2015-04-16,112.32
2015-04-15,112.629997
2015-04-14,111.69
2015-04-13,111.66
2015-04-10,113.8
2015-04-09,112.025
2015-04-08,113.08
2015-04-07,113.83
2015-04-06,114.11
2015-04-02,111.79
2015-04-01,112.760002
2015-03-31,110.709999
2015-03-30,108.639999
2015-03-27,110.43
2015-03-26,111.75
2015-03-25,110.86
2015-03-24,110.449997
2015-03-23,111.26
2015-03-20,110.290001
2015-03-19,108.849998
2015-03-18,108.3
2015-03-17,106.115
2015-03-16,107.36
2015-03-13,108.25
2015-03-12,108.209999
2015-03-11,108.4
2015-03-10,109.54
2015-03-09,111.389999
2015-03-06,112.349998
2015-03-05,114.33
2015-03-04,114.57
2015-03-03,114.989998
2015-03-02,115.11
2015-02-27,115.199997
2015-02-26,114.099998
2015-02-25,113.58
2015-02-24,112.989998
2015-02-23,112.94
2015-02-20,112.94
2015-02-19,113.589996
2015-02-18,113.989998
2015-02-17,114.239998
2015-02-13,117.01
2015-02-12,116.309998
2015-02-11,115.76
2015-02-10,117.11
2015-02-09,118.209999
2015-02-06,118.79
2015-02-05,121.779999
2015-02-04,120.339996
2015-02-03,119.8
2015-02-02,119.127
2015-01-30,120.4
2015-01-29,118.489998
2015-01-28,121.879997
2015-01-27,122.69
2015-01-26,121.309998
2015-01-23,122.779999
2015-01-22,124.699997
2015-01-21,123.559998
2015-01-20,124.36
2015-01-16,122.8
2015-01-15,121.949997
2015-01-14,119.36
2015-01-13,120.099998
2015-01-12,120.4
2015-01-09,119.3
2015-01-08,118.11
2015-01-07,118.32
2015-01-06,118.538
2015-01-05,117.599998
2015-01-02,116.57
2014-12-31,117.05
2014-12-30,117.9
2014-12-29,116.449997
2014-12-26,117.9
2014-12-24,115.58
2014-12-23,115.73
2014-12-22,114.349998
2014-12-19,116.099998
2014-12-18,116.36
2014-12-17,115.75
2014-12-16,116.18
2014-12-15,117.22
2014-12-12,119.29
2014-12-11,120.220001
2014-12-10,120.559998
2014-12-09,120.945
2014-12-08,119.94
2014-12-05,118.800003
2014-12-04,120.12
2014-12-03,119.01
2014-12-02,118.11
2014-12-01,120.309998
2014-11-28,116.47
2014-11-26,119.139999
2014-11-25,119.01
2014-11-24,117.029999
2014-11-21,119.199997
2014-11-20,117.75
2014-11-19,115.69
2014-11-18,117.199997
2014-11-17,116.62
2014-11-14,117.809998
2014-11-13,116.089996
2014-11-12,116.61
2014-11-11,117.125
2014-11-10,116.269997
2014-11-07,118.25
2014-11-06,116.099998
2014-11-05,116.959999
2014-11-04,118.739998
2014-11-03,120.279999
2014-10-31,120.129997
2014-10-30,120.82
2014-10-29,122.449997
2014-10-28,123.01
2014-10-27,121.98
2014-10-24,121.54
2014-10-23,122.099998
2014-10-22,122.768
2014-10-21,124.44
2014-10-20,123.239998
2014-10-17,122.309998
2014-10-16,121.519997
2014-10-15,122.459999
2014-10-14,123.115
2014-10-13,122.709999
2014-10-10,122.628
2014-10-09,123.709999
2014-10-08,124.5299
2014-10-07,122.349998
2014-10-06,120.889999
2014-10-03,119.11
2014-10-02,123.15
2014-10-01,124.779999
2014-09-30,126.29
2014-09-29,127.23
2014-09-26,126.55
2014-09-25,127.839996
2014-09-24,128.149994
2014-09-23,129.4794
2014-09-22,129.089996
2014-09-19,130.039993
2014-09-18,131.05
2014-09-17,131.49
2014-09-16,132.935
2014-09-15,132.47
2014-09-12,133.179993
2014-09-11,133.369995
2014-09-10,134.41
2014-09-09,135.0
2014-09-08,136.05
2014-09-05,137.179993
2014-09-04,136.639999
2014-09-03,137.399994
2014-09-02,137.179993
2014-08-29,138.5
2014-08-28,138.699997
2014-08-27,137.86
2014-08-26,137.869995
2014-08-25,137.85
2014-08-22,138.35
2014-08-21,138.119995
2014-08-20,138.69
2014-08-19,139.919998
2014-08-18,140.5
2014-08-15,141.69
2014-08-14,142.46
2014-08-13,142.619995
2014-08-12,142.919998
2014-08-11,143.119995
2014-08-08,143.55
2014-08-07,143.63
2014-08-06,142.24
2014-08-05,141.339996
2014-08-04,142.449997
2014-08-01,142.279999
2014-07-31,142.009995
2014-07-30,143.759995
2014-07-29,143.94
2014-07-28,145.0
2014-07-25,143.619995
2014-07-24,142.83
2014-07-23,144.33
2014-07-22,144.668
2014-07-21,144.86
2014-07-18,145.059998
2014-07-17,146.199997
2014-07-16,144.27
2014-07-15,144.22
2014-07-14,145.179993
2014-07-11,147.119995
2014-07-10,147.089996
2014-07-09,146.669998
2014-07-08,145.5
2014-07-07,145.55
2014-07-03,146.199997
2014-07-02,146.72
2014-07-01,146.839996
2014-06-30,144.63
2014-06-27,143.759995
2014-06-26,142.919998
2014-06-25,143.185
2014-06-24,142.82
2014-06-23,141.74
2014-06-20,141.759995
2014-06-19,143.479996
2014-06-18,141.179993
2014-06-17,140.259995
2014-06-16,139.649994
2014-06-13,139.389999
2014-06-12,140.58
2014-06-11,144.41
2014-06-10,144.139999
2014-06-09,141.36
2014-06-06,141.3077
2014-06-05,140.8
2014-06-04,139.979996
2014-06-03,139.339996
2014-06-02,139.809998
2014-05-30,141.399994
2014-05-29,141.979996
2014-05-28,141.5569
2014-05-27,142.66
2014-05-23,143.639999
2014-05-22,145.1
2014-05-21,143.44
2014-05-20,143.1
2014-05-19,142.999
2014-05-16,142.559998
2014-05-15,142.679993
2014-05-14,144.479996
2014-05-13,141.6396
2014-05-12,140.009995
2014-05-09,139.24
2014-05-08,139.919998
2014-05-07,139.479996
2014-05-06,141.6499
2014-05-05,141.179993
2014-05-02,140.066
2014-05-01,138.839996
2014-04-30,138.91
2014-04-29,139.259995
2014-04-28,138.3
2014-04-25,138.559998
2014-04-24,137.74
2014-04-23,136.919998
2014-04-22,136.659
2014-04-21,136.659
2014-04-17,137.559998
2014-04-16,140.020004
2014-04-15,140.55
2014-04-14,142.86
2014-04-11,141.789993
2014-04-10,141.82
2014-04-09,140.74
2014-04-08,140.33
2014-04-07,139.309998
2014-04-04,141.3
2014-04-03,140.699997
2014-04-02,140.169998
2014-04-01,139.05
2014-03-31,138.119995
2014-03-28,137.22
2014-03-27,136.52
2014-03-26,137.169998
2014-03-25,138.669998
2014-03-24,139.05
2014-03-21,139.96
2014-03-20,139.63
2014-03-19,141.139999
2014-03-18,142.38
2014-03-17,142.789993
2014-03-14,143.24
2014-03-13,144.029999
2014-03-12,143.899994
2014-03-11,142.72
2014-03-10,144.02
2014-03-07,144.509995
2014-03-06,144.649994
2014-03-05,144.16
2014-03-04,142.779999
2014-03-03,142.24
2014-02-28,141.009995
2014-02-27,141.649994
2014-02-26,139.5
2014-02-25,140.58
2014-02-24,140.309998
2014-02-21,139.5
2014-02-20,138.449997
2014-02-19,138.16
2014-02-18,138.83
2014-02-14,139.5
2014-02-13,138.149994
2014-02-12,137.327
2014-02-11,135.339996
2014-02-10,135.32
2014-02-07,135.02
2014-02-06,134.429993
2014-02-05,134.82
2014-02-04,134.149994
2014-02-03,135.078
2014-01-31,134.27
2014-01-30,134.77
2014-01-29,137.929993
2014-01-28,137.689
2014-01-27,137.639999
2014-01-24,139.229996
2014-01-23,142.13
2014-01-22,142.05
2014-01-21,141.7482
2014-01-17,141.679993
2014-01-16,139.449997
2014-01-15,139.38
2014-01-14,139.38
2014-01-13,140.779999
2014-01-10,140.24
2014-01-09,138.360001
2014-01-08,138.289993
2014-01-07,137.979996
2014-01-06,138.52
2014-01-03,137.91
2014-01-02,137.02
2013-12-31,133.889999
2013-12-30,132.82
2013-12-27,134.479996
2013-12-26,132.449997
2013-12-24,130.32
2013-12-23,129.759995
2013-12-20,130.24
2013-12-19,128.809998
2013-12-18,130.779999
2013-12-17,131.83
2013-12-16,132.94
2013-12-13,132.94
2013-12-12,132.949997
2013-12-11,135.259995
2013-12-10,135.869995
2013-12-09,134.399994
2013-12-06,132.82
2013-12-05,133.139999
2013-12-04,134.05
2013-12-03,132.729996
2013-12-02,131.02
2013-11-29,133.479996
2013-11-27,132.139999
2013-11-26,134.259995
2013-11-25,135.25
2013-11-22,135.229996
2013-11-21,136.128
2013-11-20,136.169998
2013-11-19,138.57
2013-11-18,137.86
2013-11-15,140.66
2013-11-14,141.35
2013-11-13,140.19
2013-11-12,139.96
2013-11-11,139.899994
2013-11-08,140.99
2013-11-07,142.21
2013-11-06,143.02
2013-11-05,141.74
2013-11-04,141.96
2013-11-01,142.11
2013-10-31,141.639999
2013-10-30,144.029999
2013-10-29,142.789993
2013-10-28,143.699997
2013-10-25,142.199997
2013-10-24,141.909
2013-10-23,140.38
2013-10-22,141.72
2013-10-21,140.5
2013-10-18,140.529999
2013-10-17,140.55
2013-10-16,136.559998
2013-10-15,135.35
2013-10-14,134.699997
2013-10-11,134.08
2013-10-10,135.529999
2013-10-09,135.059998
2013-10-08,137.11
2013-10-07,137.149994
2013-10-04,135.8
2013-10-03,134.339996
2013-10-02,135.99
2013-10-01,135.619995
2013-09-30,137.32
2013-09-27,138.869995
2013-09-26,137.99
2013-09-25,139.559998
2013-09-24,139.555
2013-09-23,139.0
2013-09-20,139.839996
2013-09-19,142.949997
2013-09-18,143.66
2013-09-17,139.059998
2013-09-16,140.27
2013-09-13,141.82
2013-09-12,140.759995
2013-09-11,144.149994
2013-09-10,143.96
2013-09-09,145.0
2013-09-06,146.13
2013-09-05,145.22
2013-09-04,146.44
2013-09-03,150.3
2013-08-30,148.619995
2013-08-29,148.75
2013-08-28,150.229996
2013-08-27,149.27
2013-08-26,151.369995
2013-08-23,150.36
2013-08-22,150.639999
2013-08-21,148.66
2013-08-20,148.559998
2013-08-19,147.429993
2013-08-16,149.3199
2013-08-15,149.009995
2013-08-14,147.259995
2013-08-13,146.61
2013-08-12,146.389
2013-08-09,146.649994
2013-08-08,145.25
2013-08-07,140.52
2013-08-06,139.679993
2013-08-05,142.009995
2013-08-02,141.550003
2013-08-01,140.779999
2013-07-31,140.49
2013-07-30,140.6
2013-07-29,140.97
2013-07-26,139.759995
2013-07-25,141.46
2013-07-24,141.539993
2013-07-23,141.74
2013-07-22,141.27
2013-07-19,139.559998
2013-07-18,138.52
2013-07-17,137.72
2013-07-16,139.440002
2013-07-15,139.38
2013-07-12,137.96
2013-07-11,138.029999
2013-07-10,133.69
2013-07-09,133.66
2013-07-08,133.389999
2013-07-05,130.119995
2013-07-03,131.41
2013-07-02,133.786
2013-07-01,134.539993
2013-06-28,131.08
2013-06-27,128.8
2013-06-26,127.54
2013-06-25,132.22
2013-06-24,130.83
2013-06-21,134.77
2013-06-20,133.16
2013-06-19,139.009995
2013-06-18,141.369995
2013-06-17,140.509995
2013-06-14,141.69
2013-06-13,142.55
2013-06-12,144.979996
2013-06-11,145.07
2013-06-10,147.5
2013-06-07,146.94
2013-06-06,149.96
2013-06-05,148.419998
2013-06-04,146.479996
2013-06-03,146.94
2013-05-31,142.5
2013-05-30,145.559998
2013-05-29,142.779999
2013-05-28,143.119995
2013-05-24,142.479996
2013-05-23,143.449997
2013-05-22,143.770004
2013-05-21,143.38
2013-05-20,146.396
2013-05-17,142.66
2013-05-16,145.52
2013-05-15,145.8
2013-05-14,147.399994
2013-05-13,145.039993
2013-05-10,146.1
2013-05-09,147.58
2013-05-08,147.32
2013-05-07,145.25
2013-05-06,147.679993
2013-05-03,147.02
2013-05-02,146.99
2013-05-01,144.86
2013-04-30,147.49
2013-04-29,148.08
2013-04-26,144.839996
2013-04-25,143.74
2013-04-24,140.38
2013-04-23,138.77
2013-04-22,140.679993
2013-04-19,139.979996
2013-04-18,140.0
2013-04-17,139.679993
2013-04-16,142.13
2013-04-15,137.619995
2013-04-12,146.16
2013-04-11,150.46
2013-04-10,149.8
2013-04-09,152.08
2013-04-08,150.479996
2013-04-05,150.550003
2013-04-04,149.309998
2013-04-03,151.199
2013-04-02,154.339996
2013-04-01,156.449997
2013-03-28,154.229996
2013-03-27,155.36
2013-03-26,154.399994
2013-03-25,155.52
2013-03-22,155.339996
2013-03-21,155.059998
2013-03-20,154.779999
2013-03-19,153.059998
2013-03-18,155.0
2013-03-15,156.16
2013-03-14,156.07
2013-03-13,156.02
2013-03-12,156.66
2013-03-11,157.279999
2013-03-08,157.339996
2013-03-07,156.309998
2013-03-06,155.699997
2013-03-05,155.899994
2013-03-04,154.02
2013-03-01,154.5
2013-02-28,155.509995
2013-02-27,157.1
2013-02-26,159.169998
2013-02-25,157.44
2013-02-22,157.929993
2013-02-21,158.399994
2013-02-20,161.619995
2013-02-19,166.059998
2013-02-15,164.619995
2013-02-14,167.96
2013-02-13,169.039993
2013-02-12,168.679993
2013-02-11,165.889999
2013-02-08,168.529999
2013-02-07,168.88
2013-02-06,170.58
2013-02-05,167.86
2013-02-04,166.619995
2013-02-01,165.679993
2013-01-31,164.899994
2013-01-30,165.47
2013-01-29,164.82
2013-01-28,163.38
2013-01-25,166.55
2013-01-24,165.259995
2013-01-23,165.83
2013-01-22,166.539993
2013-01-18,163.639999
2013-01-17,166.36
2013-01-16,165.639999
2013-01-15,165.479996
2013-01-14,162.99
2013-01-11,160.179993
2013-01-10,159.86
2013-01-09,157.259995
2013-01-08,155.35
2013-01-07,152.86
2013-01-04,153.5
2013-01-03,153.639999
2013-01-02,153.699997
2012-12-31,151.36
2012-12-28,149.529999
2012-12-27,150.789993
2012-12-26,151.08
2012-12-24,150.86
2012-12-21,151.339996
2012-12-20,152.399994
2012-12-19,156.279999
2012-12-18,156.71
2012-12-17,158.02
2012-12-14,159.0
2012-12-13,158.699997
2012-12-12,160.61
2012-12-11,160.729996
2012-12-10,159.52
2012-12-07,158.039993
2012-12-06,157.179993
2012-12-05,155.6
2012-12-04,155.99
2012-12-03,157.99
2012-11-30,157.44
2012-11-29,158.300003
2012-11-28,157.839996
2012-11-27,158.490005
2012-11-26,158.679993
2012-11-23,159.63
2012-11-21,155.259995
2012-11-20,154.69
2012-11-19,155.25
2012-11-16,153.059998
2012-11-15,154.330002
2012-11-14,156.02
2012-11-13,155.699997
2012-11-12,153.889999
2012-11-09,153.169
2012-11-08,152.059998
2012-11-07,151.508
2012-11-06,152.759995
2012-11-05,151.809998
2012-11-02,151.899994
2012-11-01,154.33
2012-10-31,154.449997
2012-10-26,152.08
2012-10-25,154.179993
2012-10-24,153.02
2012-10-23,154.49
2012-10-22,158.08
2012-10-19,159.19
2012-10-18,161.199997
2012-10-17,163.779999
2012-10-16,161.759995
2012-10-15,161.149994
2012-10-12,162.509995
2012-10-11,165.199997
2012-10-10,164.5
2012-10-09,166.02
2012-10-08,166.539993
2012-10-05,167.589996
2012-10-04,169.22
2012-10-03,166.16
2012-10-02,165.07
2012-10-01,165.289993
2012-09-28,163.38
2012-09-27,162.33
2012-09-26,160.679993
2012-09-25,160.119995
2012-09-24,159.639999
2012-09-21,160.83
2012-09-20,159.91
2012-09-19,161.179993
2012-09-18,159.82
2012-09-17,163.699997
2012-09-14,167.985
2012-09-13,165.66
2012-09-12,162.339996
2012-09-11,157.889999
2012-09-10,156.559998
2012-09-07,156.809998
2012-09-06,155.949997
2012-09-05,154.58
2012-09-04,154.339996
2012-08-31,151.52
2012-08-30,148.509995
2012-08-29,149.199997
2012-08-28,149.3
2012-08-27,151.779999
2012-08-24,152.419998
2012-08-23,151.6
2012-08-22,151.36
2012-08-21,148.3
2012-08-20,146.979996
2012-08-17,145.279999
2012-08-16,142.139999
2012-08-15,137.309998
2012-08-14,137.44
2012-08-13,136.559998
2012-08-10,137.979996
2012-08-09,139.199997
2012-08-08,138.839996
2012-08-07,138.91
2012-08-06,138.21
2012-08-03,138.07
2012-08-02,136.369995
2012-08-01,137.74
2012-07-31,139.46
2012-07-30,139.5
2012-07-27,139.02
2012-07-26,138.410004
2012-07-25,137.779999
2012-07-24,136.5
2012-07-23,137.929993
2012-07-20,139.38
2012-07-19,139.779999
2012-07-18,138.869995
2012-07-17,139.36
2012-07-16,139.679993
2012-07-13,140.699997
2012-07-12,139.539993
2012-07-11,140.419998
2012-07-10,140.199997
2012-07-09,142.199997
2012-07-06,142.089996
2012-07-05,145.139999
2012-07-03,146.46
2012-07-02,143.339996
2012-06-29,142.66
2012-06-28,136.789993
2012-06-27,138.880005
2012-06-26,140.589996
2012-06-25,141.88
2012-06-22,141.419998
2012-06-21,141.679993
2012-06-20,143.44
2012-06-19,145.919998
2012-06-18,146.309998
2012-06-15,146.389999
2012-06-14,147.419998
2012-06-13,144.289993
2012-06-12,143.529999
2012-06-11,142.49
2012-06-08,141.33
2012-06-07,142.119995
2012-06-06,144.27
2012-06-05,141.839996
2012-06-04,141.16
2012-06-01,142.169998
2012-05-31,139.539993
2012-05-30,138.22
2012-05-29,140.699997
2012-05-25,141.07
2012-05-24,139.876
2012-05-23,140.5
2012-05-22,142.589996
2012-05-21,144.979996
2012-05-18,143.419998
2012-05-17,143.1
2012-05-16,140.96
2012-05-15,141.25
2012-05-14,141.839996
2012-05-11,144.429993
2012-05-10,146.589996
2012-05-09,147.679993
2012-05-08,149.059998
2012-05-07,150.699997
2012-05-04,150.639999
2012-05-03,151.029999
2012-05-02,154.1
2012-05-01,154.979996
2012-04-30,154.55
2012-04-27,155.059998
2012-04-26,154.619995
2012-04-25,153.259995
2012-04-24,152.36
2012-04-23,153.729996
2012-04-20,155.82
2012-04-19,155.679993
2012-04-18,155.339996
2012-04-17,156.139999
2012-04-16,155.339996
2012-04-13,156.139999
2012-04-12,158.07
2012-04-11,156.089996
2012-04-10,157.5
2012-04-09,159.039993
2012-04-05,158.179993
2012-04-04,157.7475
2012-04-03,162.039993
2012-04-02,162.97
2012-03-30,161.72
2012-03-29,160.57
2012-03-28,161.35
2012-03-27,163.149994
2012-03-26,162.63
2012-03-23,160.44
2012-03-22,159.74
2012-03-21,161.679993
2012-03-20,163.149994
2012-03-19,165.779999
2012-03-16,164.979996
2012-03-15,165.899994
2012-03-14,164.83
2012-03-13,166.52
2012-03-12,167.179993
2012-03-09,166.3
2012-03-08,163.559998
2012-03-07,160.94
2012-03-06,159.339996
2012-03-05,163.66
2012-03-02,167.419998
2012-03-01,167.919998
2012-02-29,165.619995
2012-02-28,169.74
2012-02-27,168.49
2012-02-24,169.059998
2012-02-23,170.32
2012-02-22,170.3
2012-02-21,166.539993
2012-02-17,161.119995
2012-02-16,160.369995
2012-02-15,161.339996
2012-02-14,160.99
2012-02-13,162.929993
2012-02-10,163.8
2012-02-09,163.449997
2012-02-08,164.5
2012-02-07,163.05
2012-02-06,160.6
2012-02-03,160.009995
2012-02-02,160.779999
2012-02-01,159.74
2012-01-31,156.86
2012-01-30,159.1
2012-01-27,160.149994
2012-01-26,159.02
2012-01-25,156.41
2012-01-24,152.88
2012-01-23,154.479996
2012-01-20,151.69
2012-01-19,150.309998
2012-01-18,150.539993
2012-01-17,150.32
2012-01-13,147.199997
2012-01-12,147.979996
2012-01-11,147.5697
2012-01-10,144.619995
2012-01-09,141.16
2012-01-06,138.559998
2012-01-05,139.83
2012-01-04,140.539993
2012-01-03,141.529999
2011-12-30,137.82
2011-12-29,135.449997
2011-12-28,136.86
2011-12-27,141.58
2011-12-23,141.0
2011-12-22,140.639999
2011-12-21,141.41
2011-12-20,141.36
2011-12-19,139.039993
2011-12-16,140.259995
2011-12-15,139.02
2011-12-14,140.16
2011-12-13,145.46
2011-12-12,146.88
2011-12-09,149.82
2011-12-08,147.6
2011-12-07,150.85
2011-12-06,150.939
2011-12-05,150.77
2011-12-02,152.789993
2011-12-01,154.399994
2011-11-30,153.899994
2011-11-29,151.789993
2011-11-28,152.449997
2011-11-25,151.21
2011-11-23,153.1
2011-11-22,155.139999
2011-11-21,153.02
2011-11-18,157.02
2011-11-17,156.679993
2011-11-16,160.13
2011-11-15,162.029999
2011-11-14,162.46
2011-11-11,162.52
2011-11-10,160.35
2011-11-09,161.16
2011-11-08,164.13
2011-11-07,164.07
2011-11-04,161.82
2011-11-03,162.21
2011-11-02,158.25
2011-11-01,157.24
2011-10-31,158.429993
2011-10-28,162.839996
2011-10-27,162.11
2011-10-26,157.949997
2011-10-25,154.49
2011-10-24,152.82
2011-10-21,149.559998
2011-10-20,147.779999
2011-10-19,150.089996
2011-10-18,152.0
2011-10-17,153.919998
2011-10-14,153.649994
2011-10-13,151.399994
2011-10-12,153.38
2011-10-11,150.46
2011-10-10,150.75
2011-10-07,147.6
2011-10-06,149.5
2011-10-05,147.029999
2011-10-04,145.789993
2011-10-03,148.229996
2011-09-30,150.32
2011-09-29,151.52
2011-09-28,150.71
2011-09-27,154.8
2011-09-26,153.57
2011-09-23,158.85
2011-09-22,167.05
2011-09-21,175.039993
2011-09-20,176.179993
2011-09-19,175.94
2011-09-16,179.059998
2011-09-15,177.13
2011-09-14,179.58
2011-09-13,179.75
2011-09-12,179.149994
2011-09-09,181.33
2011-09-08,184.289993
2011-09-07,180.38
2011-09-06,183.809998
2011-09-02,186.36
2011-09-01,183.399994
2011-08-31,182.75
2011-08-30,183.979996
2011-08-29,180.94
2011-08-26,181.33
2011-08-25,180.399994
2011-08-24,180.22
2011-08-23,184.66
2011-08-22,189.11
2011-08-19,185.699997
2011-08-18,182.779999
2011-08-17,181.880005
2011-08-16,180.199997
2011-08-15,179.119995
2011-08-12,178.199997
2011-08-11,176.839996
2011-08-10,175.41
2011-08-09,173.86
2011-08-08,170.539993
2011-08-05,170.039993
2011-08-04,170.5
2011-08-03,176.419998
2011-08-02,178.009995
2011-08-01,177.929993
2011-07-29,176.02
2011-07-28,177.229996
2011-07-27,178.55
2011-07-26,178.970001
2011-07-25,177.5
2011-07-22,177.71
2011-07-21,177.1
2011-07-20,175.899994
2011-07-19,175.539993
2011-07-18,175.94
2011-07-15,174.49
2011-07-14,175.44
2011-07-13,174.119995
2011-07-12,172.029999
2011-07-11,171.169998
2011-07-08,172.079
2011-07-07,173.07
2011-07-06,170.86
2011-07-05,172.399994
2011-07-01,170.429993
2011-06-30,171.13
2011-06-29,171.449997
2011-06-28,167.94
2011-06-27,166.119995
2011-06-24,167.1
2011-06-23,168.889999
2011-06-22,173.33
2011-06-21,173.339996
2011-06-20,171.69
2011-06-17,174.309998
2011-06-16,174.130005
2011-06-15,176.119995
2011-06-14,178.08
2011-06-13,178.509995
2011-06-10,181.119995
2011-06-09,182.66
2011-06-08,180.9292
2011-06-07,181.71
2011-06-06,179.6
2011-06-03,179.85
2011-06-02,180.139999
2011-06-01,180.449997
2011-05-31,181.66
2011-05-27,178.58
2011-05-26,175.86
2011-05-25,176.649994
2011-05-24,175.1
2011-05-23,174.110001
2011-05-20,176.02
2011-05-19,175.33
2011-05-18,175.57
2011-05-17,175.199997
2011-05-16,174.929993
2011-05-13,174.8789
2011-05-12,175.559998
2011-05-11,176.02
2011-05-10,178.679993
2011-05-09,178.1
2011-05-06,176.66
2011-05-05,174.399994
2011-05-04,180.868
2011-05-03,183.94
2011-05-02,184.5
2011-04-29,185.869995
2011-04-28,182.94
2011-04-27,181.419998
2011-04-26,178.7676
2011-04-25,181.089996
2011-04-21,180.399994
2011-04-20,178.940002
2011-04-19,175.779999
2011-04-18,177.05
2011-04-15,177.559998
2011-04-14,178.199997
2011-04-13,176.039993
2011-04-12,175.699997
2011-04-11,177.059998
2011-04-08,179.779999
2011-04-07,177.479996
2011-04-06,178.3
2011-04-05,177.91
2011-04-04,177.589996
2011-04-01,175.38
2011-03-31,175.759995
2011-03-30,175.82
2011-03-29,172.809998
2011-03-28,173.22
2011-03-25,173.479996
2011-03-24,173.88
2011-03-23,174.58
2011-03-22,172.75
2011-03-21,173.339996
2011-03-18,171.059998
2011-03-17,168.83
2011-03-16,168.160004
2011-03-15,168.88
2011-03-14,174.5
2011-03-11,176.44
2011-03-10,174.86
2011-03-09,179.139999
2011-03-08,179.199997
2011-03-07,180.919998
2011-03-04,183.0
2011-03-03,181.22
2011-03-02,183.82
2011-03-01,182.759995
2011-02-28,179.47
2011-02-25,179.399994
2011-02-24,176.88
2011-02-23,177.46
2011-02-22,177.77
2011-02-18,182.199997
2011-02-17,183.5
2011-02-16,181.94
2011-02-15,181.96
2011-02-14,181.94
2011-02-11,179.46
2011-02-10,181.66
2011-02-09,184.279999
2011-02-08,184.759995
2011-02-07,183.119995
2011-02-04,183.24
2011-02-03,182.529999
2011-02-02,182.300003
2011-02-01,181.699997
2011-01-31,178.24
2011-01-28,178.2499
2011-01-27,177.16
2011-01-26,179.97
2011-01-25,177.479996
2011-01-24,180.449997
2011-01-21,181.570007
2011-01-20,180.3
2011-01-19,182.16
2011-01-18,181.520004
2011-01-14,180.240005
2011-01-13,179.38
2011-01-12,179.119995
2011-01-11,176.0
2011-01-10,173.52
2011-01-07,172.279999
2011-01-06,172.16
2011-01-05,171.389999
2011-01-04,174.449997
2011-01-03,176.0
2010-12-31,176.11
2010-12-30,173.899994
2010-12-29,175.11
2010-12-28,175.039993
2010-12-27,172.839996
2010-12-23,170.699997
2010-12-22,171.679993
2010-12-21,171.49
2010-12-20,170.1
2010-12-17,169.5
2010-12-16,169.11
2010-12-15,168.889999
2010-12-14,170.22
2010-12-13,168.899994
2010-12-10,167.279999
2010-12-09,167.149994
2010-12-08,167.539993
2010-12-07,168.289993
2010-12-06,171.6
2010-12-03,171.85
2010-12-02,171.0
2010-12-01,168.0
2010-11-30,165.639999
2010-11-29,163.96
2010-11-26,164.039993
2010-11-24,165.119995
2010-11-23,164.369995
2010-11-22,165.38
2010-11-19,166.02
2010-11-18,165.69
2010-11-17,162.919998
2010-11-16,163.389999
2010-11-15,166.119995
2010-11-12,167.059998
2010-11-11,174.639999
2010-11-10,173.55
2010-11-09,174.645
2010-11-08,176.38
2010-11-05,176.125
2010-11-04,177.536
2010-11-03,169.52
2010-11-02,171.119995
2010-11-01,169.979996
2010-10-29,169.479996
2010-10-28,168.52
2010-10-27,167.149994
2010-10-26,169.6
2010-10-25,168.83
2010-10-22,166.869995
2010-10-21,167.02
2010-10-20,167.44
2010-10-19,165.559998
2010-10-18,168.929993
2010-10-15,169.039993
2010-10-14,170.535
2010-10-13,169.88
2010-10-12,167.399994
2010-10-11,167.815
2010-10-08,169.6
2010-10-07,168.82
2010-10-06,170.86
2010-10-05,169.169998
2010-10-04,166.289993
2010-10-01,167.52
2010-09-30,165.009995
2010-09-29,164.11
2010-09-28,163.089996
2010-09-27,162.52
2010-09-24,164.3
2010-09-23,163.479996
2010-09-22,162.460007
2010-09-21,162.1499
2010-09-20,161.889999
2010-09-17,160.539993
2010-09-16,160.47
2010-09-15,160.27
2010-09-14,158.6
2010-09-13,154.830002
2010-09-10,153.529999
2010-09-09,154.679993
2010-09-08,155.11
2010-09-07,154.889999
2010-09-03,154.740005
2010-09-02,154.229996
2010-09-01,152.869995
2010-08-31,151.74
2010-08-30,152.24
2010-08-27,152.895
2010-08-26,152.649994
2010-08-25,152.320007
2010-08-24,150.809998
2010-08-23,150.389999
2010-08-20,150.5
2010-08-19,152.07
2010-08-18,152.979996
2010-08-17,153.8
2010-08-16,152.949997
2010-08-13,151.705
2010-08-12,152.58
2010-08-11,151.289993
2010-08-10,153.815
2010-08-09,154.11
2010-08-06,157.11
2010-08-05,156.86
2010-08-04,157.869995
2010-08-03,157.419998
2010-08-02,159.61
2010-07-30,156.85
2010-07-29,155.6
2010-07-28,153.559998
2010-07-27,152.925
2010-07-26,154.36
2010-07-23,153.74
2010-07-22,151.97
2010-07-21,151.479996
2010-07-20,151.49
2010-07-19,150.809998
2010-07-16,150.759995
2010-07-15,152.58
2010-07-14,151.6
2010-07-13,152.1
2010-07-12,150.850006
2010-07-09,152.8699
2010-07-08,151.509995
2010-07-07,152.169998
2010-07-06,151.1999
2010-07-02,150.0
2010-07-01,149.979996
2010-06-30,152.570007
2010-06-29,153.619995
2010-06-28,155.759995
2010-06-25,156.66
2010-06-24,155.58
2010-06-23,156.679993
2010-06-22,158.21
2010-06-21,158.47
2010-06-18,158.83
2010-06-17,157.309998
2010-06-16,156.47
2010-06-15,157.11
2010-06-14,155.529999
2010-06-11,153.309998
2010-06-10,153.0999
2010-06-09,152.449997
2010-06-08,152.3362
2010-06-07,150.669998
2010-06-04,151.009995
2010-06-03,154.1
2010-06-02,154.889999
2010-06-01,154.32
2010-05-28,154.399994
2010-05-27,155.99
2010-05-26,152.19
2010-05-25,150.61
2010-05-24,152.83
2010-05-21,150.16
2010-05-20,151.66
2010-05-19,159.699997
2010-05-18,166.5
2010-05-17,166.259995
2010-05-14,171.58
2010-05-13,173.288
2010-05-12,174.199997
2010-05-11,169.58
2010-05-10,169.160004
2010-05-07,166.21
2010-05-06,164.529999
2010-05-05,164.389999
2010-05-04,166.99
2010-05-03,172.08
2010-04-30,173.5499
2010-04-29,172.69
2010-04-28,170.699997
2010-04-27,171.949997
2010-04-26,174.3
2010-04-23,173.83
2010-04-22,174.3
2010-04-21,173.0999
2010-04-20,171.32
2010-04-19,169.66
2010-04-16,169.0
2010-04-15,171.74
2010-04-14,172.529999
2010-04-13,171.36
2010-04-12,172.19
2010-04-09,172.49
2010-04-08,171.1599
2010-04-07,170.179993
2010-04-06,170.039993
2010-04-05,170.429993
2010-04-01,166.77
2010-03-31,164.289993
2010-03-30,161.9499
2010-03-29,162.8
2010-03-26,159.529999
2010-03-25,160.02
2010-03-24,157.72
2010-03-23,160.729996
2010-03-22,159.559998
2010-03-19,160.7699
2010-03-18,162.529999
2010-03-17,162.679993
2010-03-16,163.08
2010-03-15,161.99
2010-03-12,160.539993
2010-03-11,161.02
2010-03-10,159.38
2010-03-09,158.91
2010-03-08,159.82
2010-03-05,157.619995
2010-03-04,158.21
2010-03-03,157.75
2010-03-02,157.0
2010-03-01,154.649994
2010-02-26,154.08
2010-02-25,153.1099
2010-02-24,150.369995
2010-02-23,151.46
2010-02-22,152.57
2010-02-19,153.369995
2010-02-18,153.229996
2010-02-17,153.119995
2010-02-16,153.699997
2010-02-12,151.449997
2010-02-11,152.94
2010-02-10,151.339996
2010-02-09,150.25
2010-02-08,147.1
2010-02-05,148.02
2010-02-04,150.41
2010-02-03,157.699997
2010-02-02,158.399994
2010-02-01,155.059998
2010-01-29,150.47
2010-01-28,151.21
2010-01-27,149.99
2010-01-26,153.52
2010-01-25,155.19
2010-01-22,154.88
2010-01-21,159.789993
2010-01-20,163.22
2010-01-19,165.119995
2010-01-15,160.25
2010-01-14,161.449997
2010-01-13,158.029999
2010-01-12,157.16
2010-01-11,160.21
2010-01-08,159.0
