date,SLV
2025-12-23,64.71
2025-12-22,62.47
2025-12-19,60.93
2025-12-18,59.32
2025-12-17,60.26
2025-12-16,57.73
2025-12-15,58.11
2025-12-12,56.1
2025-12-11,57.62
2025-12-10,56.07
2025-12-09,55.17
2025-12-08,52.71
2025-12-05,52.95
2025-12-04,51.76
2025-12-03,53.07
2025-12-02,53.13
2025-12-01,52.52
2025-11-28,51.21
2025-11-26,48.4
2025-11-25,46.67
2025-11-24,46.63
2025-11-21,45.3
2025-11-20,45.78
2025-11-19,46.45
2025-11-18,46.1
2025-11-17,45.47
2025-11-14,45.96
2025-11-13,47.42
2025-11-12,48.32
2025-11-11,46.45
2025-11-10,45.79
2025-11-07,43.92
2025-11-06,43.55
2025-11-05,43.65
2025-11-04,42.74
2025-11-03,43.76
2025-10-31,44.01
2025-10-30,44.34
2025-10-29,43.23
2025-10-28,42.7
2025-10-27,42.4
2025-10-24,43.99
2025-10-23,44.18
2025-10-22,43.88
2025-10-21,43.79
2025-10-20,47.72
2025-10-17,46.99
2025-10-16,49.17
2025-10-15,48.33
2025-10-14,46.8
2025-10-13,47.26
2025-10-10,45.43
2025-10-09,44.71
2025-10-08,44.56
2025-10-07,43.39
2025-10-06,44.06
2025-10-03,43.52
2025-10-02,42.53
2025-10-01,42.91
2025-09-30,42.37
2025-09-29,42.5
2025-09-26,41.86
2025-09-25,41.03
2025-09-24,39.82
2025-09-23,39.96
2025-09-22,40.04
2025-09-19,39.04
2025-09-18,37.99
2025-09-17,37.79
2025-09-16,38.6
2025-09-15,38.76
2025-09-12,38.34
2025-09-11,37.79
2025-09-10,37.41
2025-09-09,37.18
2025-09-08,37.51
2025-09-05,37.21
2025-09-04,36.93
2025-09-03,37.34
2025-09-02,37.15
2025-08-29,36.19
2025-08-28,35.52
2025-08-27,34.99
2025-08-26,35.02
2025-08-25,35.02
2025-08-22,35.34
2025-08-21,34.61
2025-08-20,34.43
2025-08-19,33.87
2025-08-18,34.55
2025-08-15,34.5
2025-08-14,34.5
2025-08-13,35.0
2025-08-12,34.41
2025-08-11,34.18
2025-08-08,34.88
2025-08-07,34.76
2025-08-06,34.35
2025-08-05,34.35
2025-08-04,33.98
2025-08-01,33.59
2025-07-31,33.32
2025-07-30,33.51
2025-07-29,34.66
2025-07-28,34.64
2025-07-25,34.66
2025-07-24,35.49
2025-07-23,35.69
2025-07-22,35.72
2025-07-21,35.35
2025-07-18,34.61
2025-07-17,34.65
2025-07-16,34.41
2025-07-15,34.26
2025-07-14,34.63
2025-07-11,35.03
2025-07-10,33.75
2025-07-09,33.0
2025-07-08,33.29
2025-07-07,33.43
2025-07-03,33.51
2025-07-02,33.24
2025-07-01,32.73
2025-06-30,32.81
2025-06-27,32.62
2025-06-26,33.34
2025-06-25,33.01
2025-06-24,32.61
2025-06-23,32.96
2025-06-20,32.72
2025-06-18,33.27
2025-06-17,33.74
2025-06-16,33.03
2025-06-13,32.97
2025-06-12,33.06
2025-06-11,32.95
2025-06-10,33.23
2025-06-09,33.39
2025-06-06,32.69
2025-06-05,32.45
2025-06-04,31.34
2025-06-03,31.44
2025-06-02,31.59
2025-05-30,30.0
2025-05-29,30.3
2025-05-28,29.98
2025-05-27,30.23
2025-05-23,30.45
2025-05-22,30.03
2025-05-21,30.51
2025-05-20,30.13
2025-05-19,29.42
2025-05-16,29.3
2025-05-15,29.61
2025-05-14,29.25
2025-05-13,29.93
2025-05-12,29.63
2025-05-09,29.8
2025-05-08,29.46
2025-05-07,29.49
2025-05-06,30.22
2025-05-05,29.48
2025-05-02,29.12
2025-05-01,29.39
2025-04-30,29.6
2025-04-29,29.83
2025-04-28,30.19
2025-04-25,30.05
2025-04-24,30.56
2025-04-23,30.56
2025-04-22,29.5
2025-04-21,29.79
2025-04-17,29.55
2025-04-16,29.76
2025-04-15,29.41
2025-04-14,29.38
2025-04-11,29.19
2025-04-10,28.28
2025-04-09,28.06
2025-04-08,27.14
2025-04-07,27.14
2025-04-04,27.08
2025-04-03,28.89
2025-04-02,30.76
2025-04-01,30.63
2025-03-31,30.99
2025-03-28,31.0
2025-03-27,31.32
2025-03-26,30.53
2025-03-25,30.58
2025-03-24,29.96
2025-03-21,30.02
2025-03-20,30.5
2025-03-19,30.75
2025-03-18,30.85
2025-03-17,30.81
2025-03-14,30.71
2025-03-13,30.74
2025-03-12,30.22
2025-03-11,29.96
2025-03-10,29.11
2025-03-07,29.59
2025-03-06,29.69
2025-03-05,29.77
2025-03-04,29.0
2025-03-03,28.75
2025-02-28,28.31
2025-02-27,28.4
2025-02-26,28.94
2025-02-25,28.83
2025-02-24,29.44
2025-02-21,29.59
2025-02-20,29.95
2025-02-19,29.81
2025-02-18,29.91
2025-02-14,29.31
2025-02-13,29.46
2025-02-12,29.34
2025-02-11,29.0
2025-02-10,29.2
2025-02-07,29.03
2025-02-06,29.38
2025-02-05,29.35
2025-02-04,29.22
2025-02-03,28.67
2025-01-31,28.51
2025-01-30,28.72
2025-01-29,28.0
2025-01-28,27.63
2025-01-27,27.46
2025-01-24,27.91
2025-01-23,27.77
2025-01-22,28.05
2025-01-21,28.04
2025-01-17,27.61
2025-01-16,28.04
2025-01-15,27.96
2025-01-14,27.2
2025-01-13,26.96
2025-01-10,27.61
2025-01-08,27.4
2025-01-07,27.33
2025-01-06,27.24
2025-01-03,26.98
2025-01-02,26.93
2024-12-31,26.33
2024-12-30,26.43
2024-12-27,26.76
2024-12-26,27.14
2024-12-24,27.02
2024-12-23,26.99
2024-12-20,26.92
2024-12-19,26.52
2024-12-18,26.85
2024-12-17,27.81
2024-12-16,27.8
2024-12-13,27.75
2024-12-12,28.2
2024-12-11,29.04
2024-12-10,28.99
2024-12-09,28.98
2024-12-06,28.25
2024-12-05,28.56
2024-12-04,28.53
2024-12-03,28.28
2024-12-02,27.79
2024-11-29,27.92
2024-11-27,27.45
2024-11-26,27.8
2024-11-25,27.63
2024-11-22,28.47
2024-11-21,28.04
2024-11-20,28.1
2024-11-19,28.5
2024-11-18,28.38
2024-11-15,27.57
2024-11-14,27.81
2024-11-13,27.61
2024-11-12,28.07
2024-11-11,27.97
2024-11-08,28.48
2024-11-07,29.11
2024-11-06,28.43
2024-11-05,29.75
2024-11-04,29.63
2024-11-01,29.54
2024-10-31,29.81
2024-10-30,30.81
2024-10-29,31.39
2024-10-28,30.73
2024-10-25,30.63
2024-10-24,30.69
2024-10-23,30.71
2024-10-22,31.74
2024-10-21,30.85
2024-10-18,30.64
2024-10-17,28.89
2024-10-16,28.91
2024-10-15,28.71
2024-10-14,28.54
2024-10-11,28.8
2024-10-10,28.38
2024-10-09,27.86
2024-10-08,28.01
2024-10-07,28.93
2024-10-04,29.36
2024-10-03,29.23
2024-10-02,29.0
2024-10-01,28.58
2024-09-30,28.41
2024-09-27,28.86
2024-09-26,29.26
2024-09-25,29.06
2024-09-24,29.38
2024-09-23,27.98
2024-09-20,28.41
2024-09-19,28.09
2024-09-18,27.24
2024-09-17,27.96
2024-09-16,28.07
2024-09-13,28.02
2024-09-12,27.27
2024-09-11,26.12
2024-09-10,25.94
2024-09-09,25.85
2024-09-06,25.48
2024-09-05,26.23
2024-09-04,25.68
2024-09-03,25.58
2024-08-30,26.35
2024-08-29,26.81
2024-08-28,26.69
2024-08-27,27.36
2024-08-26,27.32
2024-08-23,27.2
2024-08-22,26.39
2024-08-21,26.95
2024-08-20,26.87
2024-08-19,26.83
2024-08-16,26.43
2024-08-15,25.86
2024-08-14,25.13
2024-08-13,25.42
2024-08-12,25.49
2024-08-09,25.0
2024-08-08,25.01
2024-08-07,24.33
2024-08-06,24.64
2024-08-05,24.86
2024-08-02,26.04
2024-08-01,26.03
2024-07-31,26.39
2024-07-30,25.83
2024-07-29,25.44
2024-07-26,25.48
2024-07-25,25.41
2024-07-24,26.43
2024-07-23,26.68
2024-07-22,26.63
2024-07-19,26.69
2024-07-18,27.2
2024-07-17,27.67
2024-07-16,28.61
2024-07-15,28.03
2024-07-12,28.12
2024-07-11,28.68
2024-07-10,28.16
2024-07-09,28.12
2024-07-08,28.13
2024-07-05,28.48
2024-07-03,27.84
2024-07-02,26.97
2024-07-01,26.85
2024-06-28,26.57
2024-06-27,26.45
2024-06-26,26.31
2024-06-25,26.4
2024-06-24,27.0
2024-06-21,26.98
2024-06-20,28.0
2024-06-18,26.96
2024-06-17,26.92
2024-06-14,27.01
2024-06-13,26.43
2024-06-12,27.03
2024-06-11,26.71
2024-06-10,27.12
2024-06-07,26.67
2024-06-06,28.53
2024-06-05,27.4
2024-06-04,27.02
2024-06-03,27.89
2024-05-31,27.76
2024-05-30,28.42
2024-05-29,29.17
2024-05-28,29.24
2024-05-24,27.74
2024-05-23,27.55
2024-05-22,28.22
2024-05-21,29.27
2024-05-20,28.98
2024-05-17,28.79
2024-05-16,27.06
2024-05-15,27.12
2024-05-14,26.13
2024-05-13,25.8
2024-05-10,25.77
2024-05-09,25.86
2024-05-08,24.95
2024-05-07,24.92
2024-05-06,25.07
2024-05-03,24.22
2024-05-02,24.36
2024-05-01,24.27
2024-04-30,24.05
2024-04-29,24.83
2024-04-26,24.89
2024-04-25,25.06
2024-04-24,24.9
2024-04-23,24.99
2024-04-22,24.93
2024-04-19,26.2
2024-04-18,25.86
2024-04-17,25.85
2024-04-16,25.8
2024-04-15,26.41
2024-04-12,25.63
2024-04-11,26.01
2024-04-10,25.45
2024-04-09,25.72
2024-04-08,25.4
2024-04-05,25.03
2024-04-04,24.49
2024-04-03,24.73
2024-04-02,23.84
2024-04-01,22.86
2024-03-28,22.75
2024-03-27,22.51
2024-03-26,22.34
2024-03-25,22.58
2024-03-22,22.56
2024-03-21,22.65
2024-03-20,23.29
2024-03-19,22.79
2024-03-18,22.91
2024-03-15,23.03
2024-03-14,22.73
2024-03-13,22.79
2024-03-12,22.09
2024-03-11,22.35
2024-03-08,22.23
2024-03-07,22.24
2024-03-06,22.1
2024-03-05,21.67
2024-03-04,21.86
2024-03-01,21.17
2024-02-29,20.73
2024-02-28,20.55
2024-02-27,20.57
2024-02-26,20.62
2024-02-23,20.99
2024-02-22,20.82
2024-02-21,20.96
2024-02-20,21.07
2024-02-16,21.39
2024-02-15,20.94
2024-02-14,20.44
2024-02-13,20.2
2024-02-12,20.76
2024-02-09,20.68
2024-02-08,20.65
2024-02-07,20.33
2024-02-06,20.51
2024-02-05,20.47
2024-02-02,20.75
2024-02-01,21.21
2024-01-31,20.91
2024-01-30,21.19
2024-01-29,21.21
2024-01-26,20.86
2024-01-25,20.94
2024-01-24,20.71
2024-01-23,20.53
2024-01-22,20.22
2024-01-19,20.67
2024-01-18,20.81
2024-01-17,20.65
2024-01-16,20.96
2024-01-12,21.19
2024-01-11,20.82
2024-01-10,20.94
2024-01-09,21.0
2024-01-08,21.13
2024-01-05,21.21
2024-01-04,21.08
2024-01-03,21.06
2024-01-02,21.65
2023-12-29,21.78
2023-12-28,21.99
2023-12-27,22.23
2023-12-26,22.2
2023-12-22,22.12
2023-12-21,22.31
2023-12-20,22.04
2023-12-19,22.03
2023-12-18,21.8
2023-12-15,21.83
2023-12-14,22.15
2023-12-13,21.77
2023-12-12,20.84
2023-12-11,20.91
2023-12-08,21.1
2023-12-07,21.79
2023-12-06,21.93
2023-12-05,22.12
2023-12-04,22.46
2023-12-01,23.33
2023-11-30,23.13
2023-11-29,22.88
2023-11-28,22.92
2023-11-27,22.56
2023-11-24,22.27
2023-11-22,21.67
2023-11-21,21.77
2023-11-20,21.48
2023-11-17,21.75
2023-11-16,21.76
2023-11-15,21.45
2023-11-14,21.17
2023-11-13,20.43
2023-11-10,20.34
2023-11-09,20.69
2023-11-08,20.65
2023-11-07,20.73
2023-11-06,21.08
2023-11-03,21.22
2023-11-02,20.87
2023-11-01,20.97
2023-10-31,20.98
2023-10-30,21.34
2023-10-27,21.18
2023-10-26,20.85
2023-10-25,20.94
2023-10-24,21.02
2023-10-23,21.05
2023-10-20,21.4
2023-10-19,21.11
2023-10-18,20.95
2023-10-17,20.92
2023-10-16,20.68
2023-10-13,20.78
2023-10-12,19.96
2023-10-11,20.18
2023-10-10,19.98
2023-10-09,20.06
2023-10-06,19.73
2023-10-05,19.25
2023-10-04,19.31
2023-10-03,19.44
2023-10-02,19.42
2023-09-29,20.34
2023-09-28,20.74
2023-09-27,20.7
2023-09-26,20.96
2023-09-25,21.2
2023-09-22,21.58
2023-09-21,21.44
2023-09-20,21.34
2023-09-19,21.27
2023-09-18,21.3
2023-09-15,21.11
2023-09-14,20.73
2023-09-13,20.93
2023-09-12,21.13
2023-09-11,21.16
2023-09-08,21.01
2023-09-07,21.05
2023-09-06,21.24
2023-09-05,21.59
2023-09-01,22.17
2023-08-31,22.39
2023-08-30,22.57
2023-08-29,22.71
2023-08-28,22.22
2023-08-25,22.22
2023-08-24,22.11
2023-08-23,22.29
2023-08-22,21.46
2023-08-21,21.36
2023-08-18,20.87
2023-08-17,20.8
2023-08-16,20.56
2023-08-15,20.67
2023-08-14,20.72
2023-08-11,20.8
2023-08-10,20.83
2023-08-09,20.8
2023-08-08,20.9
2023-08-07,21.21
2023-08-04,21.66
2023-08-03,21.63
2023-08-02,21.75
2023-08-01,22.29
2023-07-31,22.69
2023-07-28,22.32
2023-07-27,22.11
2023-07-26,22.91
2023-07-25,22.62
2023-07-24,22.33
2023-07-21,22.57
2023-07-20,22.68
2023-07-19,23.1
2023-07-18,22.99
2023-07-17,22.79
2023-07-14,22.86
2023-07-13,22.78
2023-07-12,22.15
2023-07-11,21.2
2023-07-10,21.24
2023-07-07,21.18
2023-07-06,20.83
2023-07-05,21.209999
2023-07-03,21.01
2023-06-30,20.889999
2023-06-29,20.719999
2023-06-28,20.84
2023-06-27,20.98
2023-06-26,20.9
2023-06-23,20.58
2023-06-22,20.53
2023-06-21,20.84
2023-06-20,21.26
2023-06-16,22.18
2023-06-15,21.94
2023-06-14,21.969999
2023-06-13,21.74
2023-06-12,22.08
2023-06-09,22.27
2023-06-08,22.299999
2023-06-07,21.51
2023-06-06,21.65
2023-06-05,21.639999
2023-06-02,21.69
2023-06-01,21.95
2023-05-31,21.61
2023-05-30,21.299999
2023-05-26,21.379999
2023-05-25,20.86
2023-05-24,21.16
2023-05-23,21.51
2023-05-22,21.67
2023-05-19,21.86
2023-05-18,21.559999
2023-05-17,21.82
2023-05-16,21.809999
2023-05-15,22.1
2023-05-12,22.02
2023-05-11,22.2
2023-05-10,23.309999
2023-05-09,23.48
2023-05-08,23.49
2023-05-05,23.57
2023-05-04,23.94
2023-05-03,23.43
2023-05-02,23.35
2023-05-01,22.889999
2023-04-28,23.0
2023-04-27,22.889999
2023-04-26,22.83
2023-04-25,22.99
2023-04-24,23.08
2023-04-21,22.98
2023-04-20,23.17
2023-04-19,23.23
2023-04-18,23.15
2023-04-17,23.02
2023-04-14,23.309999
2023-04-13,23.74
2023-04-12,23.43
2023-04-11,23.04
2023-04-10,22.879999
2023-04-06,22.889999
2023-04-05,22.94
2023-04-04,22.969999
2023-04-03,22.059999
2023-03-31,22.12
2023-03-30,21.94
2023-03-29,21.44
2023-03-28,21.43
2023-03-27,21.219999
2023-03-24,21.219999
2023-03-23,21.28
2023-03-22,21.1
2023-03-21,20.54
2023-03-20,20.69
2023-03-17,20.629999
2023-03-16,19.92
2023-03-15,20.0
2023-03-14,19.889999
2023-03-13,20.0
2023-03-10,18.86
2023-03-09,18.44
2023-03-08,18.4
2023-03-07,18.45
2023-03-06,19.32
2023-03-03,19.549999
2023-03-02,19.24
2023-03-01,19.29
2023-02-28,19.219999
2023-02-27,18.93
2023-02-24,19.09
2023-02-23,19.629999
2023-02-22,19.75
2023-02-21,20.07
2023-02-17,20.01
2023-02-16,19.84
2023-02-15,19.889999
2023-02-14,20.12
2023-02-13,20.2
2023-02-10,20.24
2023-02-09,20.18
2023-02-08,20.48
2023-02-07,20.379999
2023-02-06,20.48
2023-02-03,20.57
2023-02-02,21.57
2023-02-01,22.08
2023-01-31,21.83
2023-01-30,21.66
2023-01-27,21.68
2023-01-26,21.99
2023-01-25,21.969999
2023-01-24,21.76
2023-01-23,21.58
2023-01-20,22.02
2023-01-19,21.959999
2023-01-18,21.57
2023-01-17,22.01
2023-01-13,22.33
2023-01-12,21.879999
2023-01-11,21.549999
2023-01-10,21.73
2023-01-09,21.74
2023-01-06,21.92
2023-01-05,21.389999
2023-01-04,21.889999
2023-01-03,22.049999
2022-12-30,22.02
2022-12-29,21.969999
2022-12-28,21.6
2022-12-27,22.11
2022-12-23,21.85
2022-12-22,21.69
2022-12-21,22.07
2022-12-20,22.23
2022-12-19,21.12
2022-12-16,21.37
2022-12-15,21.24
2022-12-14,21.99
2022-12-13,21.83
2022-12-12,21.459999
2022-12-09,21.559999
2022-12-08,21.209999
2022-12-07,20.92
2022-12-06,20.44
2022-12-05,20.44
2022-12-02,21.29
2022-12-01,20.98
2022-11-30,20.43
2022-11-29,19.559999
2022-11-28,19.26
2022-11-25,19.719999
2022-11-23,19.809999
2022-11-22,19.43
2022-11-21,19.2
2022-11-18,19.25
2022-11-17,19.29
2022-11-16,19.74
2022-11-15,19.879999
2022-11-14,20.24
2022-11-11,19.95
2022-11-10,19.969999
2022-11-09,19.36
2022-11-08,19.7
2022-11-07,19.15
2022-11-04,19.26
2022-11-03,17.94
2022-11-02,17.73
2022-11-01,18.049999
2022-10-31,17.62
2022-10-28,17.74
2022-10-27,17.98
2022-10-26,17.98
2022-10-25,17.86
2022-10-24,17.68
2022-10-21,17.76
2022-10-20,17.17
2022-10-19,17.01
2022-10-18,17.23
2022-10-17,17.12
2022-10-14,16.809999
2022-10-13,17.389999
2022-10-12,17.59
2022-10-11,17.68
2022-10-10,18.09
2022-10-07,18.5
2022-10-06,19.04
2022-10-05,18.99
2022-10-04,19.36
2022-10-03,19.1
2022-09-30,17.5
2022-09-29,17.37
2022-09-28,17.45
2022-09-27,16.9
2022-09-26,16.92
2022-09-23,17.36
2022-09-22,18.09
2022-09-21,18.059999
2022-09-20,17.73
2022-09-19,17.99
2022-09-16,17.99
2022-09-15,17.629999
2022-09-14,18.0
2022-09-13,17.83
2022-09-12,18.17
2022-09-09,17.32
2022-09-08,17.03
2022-09-07,17.0
2022-09-06,16.54
2022-09-02,16.57
2022-09-01,16.379999
2022-08-31,16.58
2022-08-30,16.959999
2022-08-29,17.29
2022-08-26,17.36
2022-08-25,17.73
2022-08-24,17.629999
2022-08-23,17.62
2022-08-22,17.5
2022-08-19,17.549999
2022-08-18,18.04
2022-08-17,18.25
2022-08-16,18.57
2022-08-15,18.68
2022-08-12,19.17
2022-08-11,18.67
2022-08-10,18.95
2022-08-09,18.93
2022-08-08,19.03
2022-08-05,18.33
2022-08-04,18.639999
2022-08-03,18.49
2022-08-02,18.41
2022-08-01,18.79
2022-07-29,18.7
2022-07-28,18.43
2022-07-27,17.6
2022-07-26,17.16
2022-07-25,16.98
2022-07-22,17.139999
2022-07-21,17.4
2022-07-20,17.19
2022-07-19,17.29
2022-07-18,17.219999
2022-07-15,17.19
2022-07-14,17.0
2022-07-13,17.69
2022-07-12,17.44
2022-07-11,17.58
2022-07-08,17.79
2022-07-07,17.75
2022-07-06,17.69
2022-07-05,17.73
2022-07-01,18.309999
2022-06-30,18.639999
2022-06-29,19.139999
2022-06-28,19.19
2022-06-27,19.49
2022-06-24,19.51
2022-06-23,19.37
2022-06-22,19.76
2022-06-21,19.98
2022-06-17,19.98
2022-06-16,20.24
2022-06-15,19.959999
2022-06-14,19.37
2022-06-13,19.5
2022-06-10,20.19
2022-06-09,19.969999
2022-06-08,20.35
2022-06-07,20.52
2022-06-06,20.37
2022-06-03,20.23
2022-06-02,20.59
2022-06-01,20.129999
2022-05-31,19.84
2022-05-27,20.36
2022-05-26,20.309999
2022-05-25,20.34
2022-05-24,20.389999
2022-05-23,20.1
2022-05-20,20.07
2022-05-19,20.27
2022-05-18,19.73
2022-05-17,19.92
2022-05-16,19.93
2022-05-13,19.42
2022-05-12,19.12
2022-05-11,19.87
2022-05-10,19.549999
2022-05-09,20.03
2022-05-06,20.66
2022-05-05,20.78
2022-05-04,21.28
2022-05-03,20.83
2022-05-02,20.87
2022-04-29,21.04
2022-04-28,21.42
2022-04-27,21.49
2022-04-26,21.65
2022-04-25,21.83
2022-04-22,22.309999
2022-04-21,22.79
2022-04-20,23.28
2022-04-19,23.24
2022-04-18,23.87
2022-04-14,23.639999
2022-04-13,23.75
2022-04-12,23.469999
2022-04-11,23.15
2022-04-08,22.82
2022-04-07,22.7
2022-04-06,22.57
2022-04-05,22.36
2022-04-04,22.629999
2022-04-01,22.74
2022-03-31,22.879999
2022-03-30,22.94
2022-03-29,22.91
2022-03-28,22.93
2022-03-25,23.48
2022-03-24,23.61
2022-03-23,23.24
2022-03-22,22.879999
2022-03-21,23.28
2022-03-18,23.02
2022-03-17,23.33
2022-03-16,23.11
2022-03-15,23.0
2022-03-14,23.16
2022-03-11,23.87
2022-03-10,24.01
2022-03-09,23.799999
2022-03-08,24.45
2022-03-07,23.7
2022-03-04,23.639999
2022-03-03,23.29
2022-03-02,23.37
2022-03-01,23.54
2022-02-28,22.62
2022-02-25,22.4
2022-02-24,22.309999
2022-02-23,22.73
2022-02-22,22.309999
2022-02-18,22.12
2022-02-17,22.04
2022-02-16,21.87
2022-02-15,21.61
2022-02-14,22.049999
2022-02-11,21.83
2022-02-10,21.42
2022-02-09,21.53
2022-02-08,21.45
2022-02-07,21.27
2022-02-04,20.79
2022-02-03,20.709999
2022-02-02,20.93
2022-02-01,20.94
2022-01-31,20.799999
2022-01-28,20.709999
2022-01-27,21.02
2022-01-26,21.719999
2022-01-25,22.02
2022-01-24,22.11
2022-01-21,22.379999
2022-01-20,22.62
2022-01-19,22.37
2022-01-18,21.69
2022-01-14,21.2
2022-01-13,21.33
2022-01-12,21.45
2022-01-11,21.049999
2022-01-10,20.76
2022-01-07,20.62
2022-01-06,20.51
2022-01-05,21.0
2022-01-04,21.32
2022-01-03,21.18
2021-12-31,21.51
2021-12-30,21.34
2021-12-29,21.11
2021-12-28,21.27
2021-12-27,21.33
2021-12-23,21.16
2021-12-22,21.1
2021-12-21,20.77
2021-12-20,20.57
2021-12-17,20.68
2021-12-16,20.79
2021-12-15,20.41
2021-12-14,20.309999
2021-12-13,20.61
2021-12-10,20.5
2021-12-09,20.299999
2021-12-08,20.76
2021-12-07,20.809999
2021-12-06,20.709999
2021-12-03,20.85
2021-12-02,20.69
2021-12-01,20.57
2021-11-30,21.059999
2021-11-29,21.16
2021-11-26,21.37
2021-11-24,21.79
2021-11-23,21.92
2021-11-22,22.34
2021-11-19,22.75
2021-11-18,22.959999
2021-11-17,23.17
2021-11-16,22.959999
2021-11-15,23.24
2021-11-12,23.42
2021-11-11,23.35
2021-11-10,22.87
2021-11-09,22.53
2021-11-08,22.65
2021-11-05,22.35
2021-11-04,22.0
2021-11-03,21.809999
2021-11-02,21.799999
2021-11-01,22.23
2021-10-29,22.09
2021-10-28,22.27
2021-10-27,22.29
2021-10-26,22.37
2021-10-25,22.74
2021-10-22,22.54
2021-10-21,22.35
2021-10-20,22.53
2021-10-19,21.889999
2021-10-18,21.49
2021-10-15,21.58
2021-10-14,21.799999
2021-10-13,21.33
2021-10-12,20.93
2021-10-11,20.879999
2021-10-08,20.95
2021-10-07,20.9
2021-10-06,20.959999
2021-10-05,20.92
2021-10-04,20.98
2021-10-01,20.83
2021-09-30,20.52
2021-09-29,19.95
2021-09-28,20.78
2021-09-27,20.94
2021-09-24,20.709999
2021-09-23,20.91
2021-09-22,20.99
2021-09-21,20.84
2021-09-20,20.59
2021-09-17,20.74
2021-09-16,21.25
2021-09-15,22.07
2021-09-14,22.1
2021-09-13,21.99
2021-09-10,21.99
2021-09-09,22.27
2021-09-08,22.17
2021-09-07,22.51
2021-09-03,22.879999
2021-09-02,22.139999
2021-09-01,22.37
2021-08-31,22.139999
2021-08-30,22.26
2021-08-27,22.33
2021-08-26,21.85
2021-08-25,22.09
2021-08-24,22.08
2021-08-23,21.879999
2021-08-20,21.35
2021-08-19,21.51
2021-08-18,21.76
2021-08-17,21.9
2021-08-16,22.1
2021-08-13,21.969999
2021-08-12,21.5
2021-08-11,21.84
2021-08-10,21.62
2021-08-09,21.75
2021-08-06,22.52
2021-08-05,23.299999
2021-08-04,23.54
2021-08-03,23.68
2021-08-02,23.53
2021-07-30,23.629999
2021-07-29,23.719999
2021-07-28,23.17
2021-07-27,22.959999
2021-07-26,23.36
2021-07-23,23.35
2021-07-22,23.559999
2021-07-21,23.42
2021-07-20,23.139999
2021-07-19,23.29
2021-07-16,23.77
2021-07-15,24.379999
2021-07-14,24.33
2021-07-13,24.08
2021-07-12,24.28
2021-07-09,24.19
2021-07-08,24.01
2021-07-07,24.24
2021-07-06,24.23
2021-07-02,24.549999
2021-07-01,24.11
2021-06-30,24.219999
2021-06-29,23.889999
2021-06-28,24.209999
2021-06-25,24.18
2021-06-24,24.04
2021-06-23,23.93
2021-06-22,23.85
2021-06-21,24.08
2021-06-18,23.879999
2021-06-17,24.049999
2021-06-16,25.26
2021-06-15,25.65
2021-06-14,25.84
2021-06-11,25.87
2021-06-10,25.969999
2021-06-09,25.78
2021-06-08,25.61
2021-06-07,25.9
2021-06-04,25.78
2021-06-03,25.459999
2021-06-02,26.15
2021-06-01,25.84
2021-05-28,25.9
2021-05-27,25.85
2021-05-26,25.67
2021-05-25,25.99
2021-05-24,25.75
2021-05-21,25.53
2021-05-20,25.79
2021-05-19,25.73
2021-05-18,26.15
2021-05-17,26.19
2021-05-14,25.459999
2021-05-13,25.16
2021-05-12,25.09
2021-05-11,25.67
2021-05-10,25.35
2021-05-07,25.469999
2021-05-06,25.37
2021-05-05,24.57
2021-05-04,24.57
2021-05-03,24.959999
2021-04-30,24.01
2021-04-29,24.25
2021-04-28,24.4
2021-04-27,24.389999
2021-04-26,24.299999
2021-04-23,24.139999
2021-04-22,24.209999
2021-04-21,24.7
2021-04-20,23.959999
2021-04-19,23.98
2021-04-16,24.09
2021-04-15,24.03
2021-04-14,23.59
2021-04-13,23.51
2021-04-12,23.04
2021-04-09,23.41
2021-04-08,23.62
2021-04-07,23.33
2021-04-06,23.34
2021-04-05,23.09
2021-04-01,23.15
2021-03-31,22.7
2021-03-30,22.26
2021-03-29,22.91
2021-03-26,23.23
2021-03-25,23.29
2021-03-24,23.24
2021-03-23,23.219999
2021-03-22,23.94
2021-03-19,24.309999
2021-03-18,24.1
2021-03-17,24.42
2021-03-16,24.1
2021-03-15,24.33
2021-03-12,24.03
2021-03-11,24.25
2021-03-10,24.32
2021-03-09,24.049999
2021-03-08,23.32
2021-03-05,23.36
2021-03-04,23.559999
2021-03-03,24.28
2021-03-02,24.799999
2021-03-01,24.6
2021-02-26,24.66
2021-02-25,25.4
2021-02-24,25.94
2021-02-23,25.709999
2021-02-22,26.27
2021-02-19,25.26
2021-02-18,25.059999
2021-02-17,25.4
2021-02-16,25.26
2021-02-12,25.309999
2021-02-11,25.09
2021-02-10,25.07
2021-02-09,25.28
2021-02-08,25.389999
2021-02-05,24.95
2021-02-04,24.48
2021-02-03,24.93
2021-02-02,24.54
2021-02-01,26.76
2021-01-29,24.99
2021-01-28,24.719999
2021-01-27,23.42
2021-01-26,23.65
2021-01-25,23.549999
2021-01-22,23.66
2021-01-21,24.15
2021-01-20,24.01
2021-01-19,23.379999
2021-01-15,22.95
2021-01-14,23.709999
2021-01-13,23.44
2021-01-12,23.719999
2021-01-11,23.209999
2021-01-08,23.51
2021-01-07,25.26
2021-01-06,25.34
2021-01-05,25.67
2021-01-04,25.35
2020-12-31,24.57
2020-12-30,24.76
2020-12-29,24.389999
2020-12-28,24.43
2020-12-24,23.959999
2020-12-23,23.799999
2020-12-22,23.43
2020-12-21,24.379999
2020-12-18,23.959999
2020-12-17,24.15
2020-12-16,23.62
2020-12-15,22.799999
2020-12-14,22.16
2020-12-11,22.26
2020-12-10,22.32
2020-12-09,22.23
2020-12-08,22.82
2020-12-07,22.82
2020-12-04,22.48
2020-12-03,22.43
2020-12-02,22.33
2020-12-01,22.299999
2020-11-30,21.049999
2020-11-27,21.049999
2020-11-25,21.719999
2020-11-24,21.629999
2020-11-23,21.93
2020-11-20,22.49
2020-11-19,22.42
2020-11-18,22.549999
2020-11-17,22.74
2020-11-16,23.02
2020-11-13,22.9
2020-11-12,22.549999
2020-11-11,22.52
2020-11-10,22.43
2020-11-09,22.5
2020-11-06,23.79
2020-11-05,23.61
2020-11-04,22.24
2020-11-03,22.44
2020-11-02,22.41
2020-10-30,21.99
2020-10-29,21.709999
2020-10-28,21.78
2020-10-27,22.73
2020-10-26,22.61
2020-10-23,22.94
2020-10-22,22.959999
2020-10-21,23.29
2020-10-20,23.02
2020-10-19,22.58
2020-10-16,22.42
2020-10-15,22.59
2020-10-14,22.54
2020-10-13,22.49
2020-10-12,23.33
2020-10-09,23.41
2020-10-08,22.18
2020-10-07,22.09
2020-10-06,21.73
2020-10-05,22.62
2020-10-02,22.129999
2020-10-01,22.09
2020-09-30,21.639999
2020-09-29,22.5
2020-09-28,22.02
2020-09-25,21.299999
2020-09-24,21.559999
2020-09-23,21.17
2020-09-22,22.79
2020-09-21,23.03
2020-09-18,24.93
2020-09-17,25.23
2020-09-16,25.23
2020-09-15,25.23
2020-09-14,25.29
2020-09-11,24.9
2020-09-10,24.86
2020-09-09,25.18
2020-09-08,24.75
2020-09-04,25.059999
2020-09-03,24.74
2020-09-02,25.549999
2020-09-01,26.139999
2020-08-31,26.23
2020-08-28,25.61
2020-08-27,25.16
2020-08-26,25.57
2020-08-25,24.76
2020-08-24,24.6
2020-08-21,24.9
2020-08-20,25.61
2020-08-19,24.879999
2020-08-18,25.879999
2020-08-17,25.62
2020-08-14,24.58
2020-08-13,25.45
2020-08-12,23.42
2020-08-11,23.33
2020-08-10,27.0
2020-08-07,26.19
2020-08-06,26.879999
2020-08-05,25.049999
2020-08-04,24.25
2020-08-03,22.74
2020-07-31,22.65
2020-07-30,21.76
2020-07-29,22.57
2020-07-28,22.77
2020-07-27,22.83
2020-07-24,21.209999
2020-07-23,21.03
2020-07-22,21.44
2020-07-21,19.67
2020-07-20,18.53
2020-07-17,18.01
2020-07-16,17.78
2020-07-15,18.17
2020-07-14,17.969999
2020-07-13,17.73
2020-07-10,17.43
2020-07-09,17.379999
2020-07-08,17.49
2020-07-07,17.01
2020-07-06,17.049999
2020-07-02,16.709999
2020-07-01,16.82
2020-06-30,17.01
2020-06-29,16.65
2020-06-26,16.629999
2020-06-25,16.59
2020-06-24,16.28
2020-06-23,16.76
2020-06-22,16.5
2020-06-19,16.49
2020-06-18,16.209999
2020-06-17,16.33
2020-06-16,16.26
2020-06-15,16.23
2020-06-12,16.28
2020-06-11,16.44
2020-06-10,16.959999
2020-06-09,16.42
2020-06-08,16.59
2020-06-05,16.2
2020-06-04,16.54
2020-06-03,16.48
2020-06-02,16.84
2020-06-01,17.1
2020-05-29,16.66
2020-05-28,16.19
2020-05-27,16.15
2020-05-26,15.97
2020-05-22,16.04
2020-05-21,15.96
2020-05-20,16.36
2020-05-19,16.17
2020-05-18,15.79
2020-05-15,15.51
2020-05-14,14.81
2020-05-13,14.55
2020-05-12,14.42
2020-05-11,14.44
2020-05-08,14.44
2020-05-07,14.26
2020-05-06,13.92
2020-05-05,13.93
2020-05-04,13.77
2020-05-01,13.92
2020-04-30,13.98
2020-04-29,14.28
2020-04-28,14.1
2020-04-27,14.21
2020-04-24,14.21
2020-04-23,14.21
2020-04-22,14.09
2020-04-21,13.88
2020-04-20,14.26
2020-04-17,14.15
2020-04-16,14.51
2020-04-15,14.49
2020-04-14,14.65
2020-04-13,14.4
2020-04-09,14.34
2020-04-08,13.94
2020-04-07,13.99
2020-04-06,14.03
2020-04-03,13.46
2020-04-02,13.53
2020-04-01,13.02
2020-03-31,13.05
2020-03-30,13.16
2020-03-27,13.44
2020-03-26,13.53
2020-03-25,13.51
2020-03-24,13.29
2020-03-23,12.31
2020-03-20,11.62
2020-03-19,11.32
2020-03-18,11.21
2020-03-17,11.88
2020-03-16,12.0
2020-03-13,13.69
2020-03-12,14.62
2020-03-11,15.63
2020-03-10,15.73
2020-03-09,15.88
2020-03-06,16.18
2020-03-05,16.299999
2020-03-04,16.09
2020-03-03,16.02
2020-03-02,15.56
2020-02-28,15.53
2020-02-27,16.469999
2020-02-26,16.68
2020-02-25,16.709999
2020-02-24,17.4
2020-02-21,17.28
2020-02-20,17.139999
2020-02-19,17.23
2020-02-18,17.01
2020-02-14,16.559999
2020-02-13,16.459999
2020-02-12,16.33
2020-02-11,16.48
2020-02-10,16.61
2020-02-07,16.54
2020-02-06,16.629999
2020-02-05,16.459999
2020-02-04,16.45
2020-02-03,16.5
2020-01-31,16.82
2020-01-30,16.68
2020-01-29,16.41
2020-01-28,16.32
2020-01-27,16.889999
2020-01-24,16.91
2020-01-23,16.61
2020-01-22,16.66
2020-01-21,16.639999
2020-01-17,16.82
2020-01-16,16.77
2020-01-15,16.809999
2020-01-14,16.62
2020-01-13,16.78
2020-01-10,16.889999
2020-01-09,16.719999
2020-01-08,16.93
2020-01-07,17.17
2020-01-06,16.94
2020-01-03,16.84
2020-01-02,16.809999
2019-12-31,16.68
2019-12-30,16.74
2019-12-27,16.58
2019-12-26,16.73
2019-12-24,16.58
2019-12-23,16.28
2019-12-20,16.04
2019-12-19,15.94
2019-12-18,15.9
2019-12-17,15.88
2019-12-16,15.91
2019-12-13,15.84
2019-12-12,15.85
2019-12-11,15.75
2019-12-10,15.57
2019-12-09,15.5
2019-12-06,15.48
2019-12-05,15.85
2019-12-04,15.76
2019-12-03,16.049999
2019-12-02,15.8
2019-11-29,15.92
2019-11-27,15.84
2019-11-26,15.99
2019-11-25,15.78
2019-11-22,15.9
2019-11-21,15.99
2019-11-20,16.04
2019-11-19,16.02
2019-11-18,15.92
2019-11-15,15.85
2019-11-14,15.9
2019-11-13,15.83
2019-11-12,15.72
2019-11-11,15.75
2019-11-08,15.7
2019-11-07,16.0
2019-11-06,16.469999
2019-11-05,16.44
2019-11-04,16.85
2019-11-01,16.92
2019-10-31,16.92
2019-10-30,16.73
2019-10-29,16.65
2019-10-28,16.68
2019-10-25,16.889999
2019-10-24,16.65
2019-10-23,16.389999
2019-10-22,16.37
2019-10-21,16.41
2019-10-18,16.41
2019-10-17,16.4
2019-10-16,16.26
2019-10-15,16.27
2019-10-14,16.49
2019-10-11,16.37
2019-10-10,16.37
2019-10-09,16.6
2019-10-08,16.61
2019-10-07,16.299999
2019-10-04,16.41
2019-10-03,16.43
2019-10-02,16.43
2019-10-01,16.15
2019-09-30,15.92
2019-09-27,16.36
2019-09-26,16.67
2019-09-25,16.709999
2019-09-24,17.44
2019-09-23,17.51
2019-09-20,16.799999
2019-09-19,16.62
2019-09-18,16.549999
2019-09-17,16.86
2019-09-16,16.74
2019-09-13,16.309999
2019-09-12,16.92
2019-09-11,16.95
2019-09-10,16.85
2019-09-09,16.83
2019-09-06,16.87
2019-09-05,17.41
2019-09-04,18.34
2019-09-03,17.889999
2019-08-30,17.15
2019-08-29,17.07
2019-08-28,17.17
2019-08-27,17.03
2019-08-26,16.52
2019-08-23,16.35
2019-08-22,15.97
2019-08-21,16.049999
2019-08-20,16.049999
2019-08-19,15.79
2019-08-16,16.02
2019-08-15,16.129999
2019-08-14,16.08
2019-08-13,15.87
2019-08-12,15.98
2019-08-09,15.89
2019-08-08,15.89
2019-08-07,15.97
2019-08-06,15.38
2019-08-05,15.33
2019-08-02,15.19
2019-08-01,15.34
2019-07-31,15.21
2019-07-30,15.5
2019-07-29,15.4
2019-07-26,15.31
2019-07-25,15.36
2019-07-24,15.52
2019-07-23,15.34
2019-07-22,15.35
2019-07-19,15.17
2019-07-18,15.29
2019-07-17,14.94
2019-07-16,14.54
2019-07-15,14.42
2019-07-12,14.26
2019-07-11,14.17
2019-07-10,14.26
2019-07-09,14.14
2019-07-08,14.05
2019-07-05,14.06
2019-07-03,14.32
2019-07-02,14.29
2019-07-01,14.18
2019-06-28,14.33
2019-06-27,14.28
2019-06-26,14.32
2019-06-25,14.38
2019-06-24,14.46
2019-06-21,14.36
2019-06-20,14.45
2019-06-19,14.17
2019-06-18,14.05
2019-06-17,13.9
2019-06-14,13.91
2019-06-13,13.96
2019-06-12,13.84
2019-06-11,13.81
2019-06-10,13.78
2019-06-07,14.06
2019-06-06,13.92
2019-06-05,13.88
2019-06-04,13.89
2019-06-03,13.87
2019-05-31,13.65
2019-05-30,13.6
2019-05-29,13.52
2019-05-28,13.46
2019-05-24,13.65
2019-05-23,13.68
2019-05-22,13.54
2019-05-21,13.53
2019-05-20,13.55
2019-05-17,13.52
2019-05-16,13.65
2019-05-15,13.85
2019-05-14,13.86
2019-05-13,13.84
2019-05-10,13.84
2019-05-09,13.83
2019-05-08,13.89
2019-05-07,13.98
2019-05-06,13.98
2019-05-03,13.96
2019-05-02,13.71
2019-05-01,13.75
2019-04-30,14.02
2019-04-29,13.99
2019-04-26,14.1
2019-04-25,14.0
2019-04-24,14.0
2019-04-23,13.91
2019-04-22,14.08
2019-04-18,14.06
2019-04-17,14.05
2019-04-16,14.07
2019-04-15,14.06
2019-04-12,14.05
2019-04-11,14.02
2019-04-10,14.28
2019-04-09,14.28
2019-04-08,14.31
2019-04-05,14.17
2019-04-04,14.22
2019-04-03,14.2
2019-04-02,14.16
2019-04-01,14.15
2019-03-29,14.18
2019-03-28,14.07
2019-03-27,14.32
2019-03-26,14.47
2019-03-25,14.56
2019-03-22,14.45
2019-03-21,14.5
2019-03-20,14.54
2019-03-19,14.4
2019-03-18,14.39
2019-03-15,14.33
2019-03-14,14.24
2019-03-13,14.51
2019-03-12,14.48
2019-03-11,14.37
2019-03-08,14.41
2019-03-07,14.09
2019-03-06,14.15
2019-03-05,14.2
2019-03-04,14.15
2019-03-01,14.2
2019-02-28,14.63
2019-02-27,14.75
2019-02-26,14.94
2019-02-25,14.9
2019-02-22,14.95
2019-02-21,14.83
2019-02-20,15.07
2019-02-19,15.02
2019-02-15,14.82
2019-02-14,14.65
2019-02-13,14.59
2019-02-12,14.73
2019-02-11,14.72
2019-02-08,14.83
2019-02-07,14.77
2019-02-06,14.68
2019-02-05,14.87
2019-02-04,14.88
2019-02-01,14.92
2019-01-31,15.05
2019-01-30,15.05
2019-01-29,14.88
2019-01-28,14.79
2019-01-25,14.74
2019-01-24,14.36
2019-01-23,14.42
2019-01-22,14.39
2019-01-18,14.37
2019-01-17,14.57
2019-01-16,14.63
2019-01-15,14.6
2019-01-14,14.66
2019-01-11,14.64
2019-01-10,14.6
2019-01-09,14.78
2019-01-08,14.69
2019-01-07,14.67
2019-01-04,14.73
2019-01-03,14.75
2019-01-02,14.56
2018-12-31,14.52
2018-12-28,14.42
2018-12-27,14.3
2018-12-26,14.11
2018-12-24,13.87
2018-12-21,13.74
2018-12-20,13.85
2018-12-19,13.69
2018-12-18,13.75
2018-12-17,13.77
2018-12-14,13.7
2018-12-13,13.86
2018-12-12,13.82
2018-12-11,13.66
2018-12-10,13.65
2018-12-07,13.73
2018-12-06,13.6
2018-12-04,13.62
2018-12-03,13.49
2018-11-30,13.32
2018-11-29,13.43
2018-11-28,13.43
2018-11-27,13.29
2018-11-26,13.39
2018-11-23,13.42
2018-11-21,13.6
2018-11-20,13.45
2018-11-19,13.55
2018-11-16,13.53
2018-11-15,13.42
2018-11-14,13.28
2018-11-13,13.15
2018-11-12,13.17
2018-11-09,13.32
2018-11-08,13.56
2018-11-07,13.67
2018-11-06,13.65
2018-11-05,13.76
2018-11-02,13.86
2018-11-01,13.83
2018-10-31,13.41
2018-10-30,13.61
2018-10-29,13.59
2018-10-26,13.81
2018-10-25,13.74
2018-10-24,13.79
2018-10-23,13.83
2018-10-22,13.68
2018-10-19,13.74
2018-10-18,13.7
2018-10-17,13.74
2018-10-16,13.78
2018-10-15,13.8
2018-10-12,13.74
2018-10-11,13.67
2018-10-10,13.45
2018-10-09,13.53
2018-10-08,13.53
2018-10-05,13.75
2018-10-04,13.71
2018-10-03,13.78
2018-10-02,13.79
2018-10-01,13.62
2018-09-28,13.73
2018-09-27,13.41
2018-09-26,13.49
2018-09-25,13.59
2018-09-24,13.41
2018-09-21,13.44
2018-09-20,13.45
2018-09-19,13.4
2018-09-18,13.31
2018-09-17,13.31
2018-09-14,13.23
2018-09-13,13.35
2018-09-12,13.39
2018-09-11,13.28
2018-09-10,13.31
2018-09-07,13.32
2018-09-06,13.31
2018-09-05,13.35
2018-09-04,13.31
2018-08-31,13.65
2018-08-30,13.7
2018-08-29,13.87
2018-08-28,13.84
2018-08-27,13.99
2018-08-24,13.92
2018-08-23,13.65
2018-08-22,13.88
2018-08-21,13.89
2018-08-20,13.88
2018-08-17,13.92
2018-08-16,13.77
2018-08-15,13.57
2018-08-14,14.17
2018-08-13,14.1
2018-08-10,14.41
2018-08-09,14.52
2018-08-08,14.5
2018-08-07,14.43
2018-08-06,14.4
2018-08-03,14.5
2018-08-02,14.43
2018-08-01,14.48
2018-07-31,14.61
2018-07-30,14.58
2018-07-27,14.57
2018-07-26,14.49
2018-07-25,14.68
2018-07-24,14.58
2018-07-23,14.47
2018-07-20,14.59
2018-07-19,14.42
2018-07-18,14.63
2018-07-17,14.67
2018-07-16,14.85
2018-07-13,14.88
2018-07-12,15.0
2018-07-11,14.86
2018-07-10,15.12
2018-07-09,15.17
2018-07-06,15.08
2018-07-05,15.1
2018-07-03,15.03
2018-07-02,14.91
2018-06-29,15.15
2018-06-28,15.07
2018-06-27,15.12
2018-06-26,15.33
2018-06-25,15.37
2018-06-22,15.5
2018-06-21,15.36
2018-06-20,15.34
2018-06-19,15.36
2018-06-18,15.51
2018-06-15,15.6
2018-06-14,16.17
2018-06-13,16.08
2018-06-12,15.87
2018-06-11,15.94
2018-06-08,15.78
2018-06-07,15.72
2018-06-06,15.7
2018-06-05,15.52
2018-06-04,15.45
2018-06-01,15.44
2018-05-31,15.46
2018-05-30,15.55
2018-05-29,15.44
2018-05-25,15.53
2018-05-24,15.69
2018-05-23,15.5
2018-05-22,15.58
2018-05-21,15.54
2018-05-18,15.48
2018-05-17,15.47
2018-05-16,15.41
2018-05-15,15.33
2018-05-14,15.56
2018-05-11,15.7
2018-05-10,15.74
2018-05-09,15.53
2018-05-08,15.51
2018-05-07,15.52
2018-05-04,15.54
2018-05-03,15.46
2018-05-02,15.42
2018-05-01,15.24
2018-04-30,15.38
2018-04-27,15.57
2018-04-26,15.58
2018-04-25,15.61
2018-04-24,15.76
2018-04-23,15.67
2018-04-20,16.129999
2018-04-19,16.26
2018-04-18,16.18
2018-04-17,15.8
2018-04-16,15.72
2018-04-13,15.68
2018-04-12,15.52
2018-04-11,15.69
2018-04-10,15.62
2018-04-09,15.56
2018-04-06,15.43
2018-04-05,15.45
2018-04-04,15.38
2018-04-03,15.46
2018-04-02,15.65
2018-03-29,15.41
2018-03-28,15.36
2018-03-27,15.57
2018-03-26,15.72
2018-03-23,15.58
2018-03-22,15.44
2018-03-21,15.65
2018-03-20,15.28
2018-03-19,15.39
2018-03-16,15.39
2018-03-15,15.45
2018-03-14,15.61
2018-03-13,15.61
2018-03-12,15.61
2018-03-09,15.63
2018-03-08,15.55
2018-03-07,15.53
2018-03-06,15.78
2018-03-05,15.49
2018-03-02,15.56
2018-03-01,15.54
2018-02-28,15.46
2018-02-27,15.48
2018-02-26,15.68
2018-02-23,15.59
2018-02-22,15.66
2018-02-21,15.54
2018-02-20,15.54
2018-02-16,15.73
2018-02-15,15.91
2018-02-14,15.91
2018-02-13,15.62
2018-02-12,15.57
2018-02-09,15.39
2018-02-08,15.46
2018-02-07,15.41
2018-02-06,15.65
2018-02-05,15.74
2018-02-02,15.66
2018-02-01,16.25
2018-01-31,16.35
2018-01-30,16.15
2018-01-29,16.209999
2018-01-26,16.41
2018-01-25,16.309999
2018-01-24,16.559999
2018-01-23,16.08
2018-01-22,16.04
2018-01-19,16.049999
2018-01-18,15.97
2018-01-17,16.059999
2018-01-16,16.25
2018-01-12,16.27
2018-01-11,16.01
2018-01-10,16.02
2018-01-09,16.03
2018-01-08,16.15
2018-01-05,16.219999
2018-01-04,16.23
2018-01-03,16.17
2018-01-02,16.209999
2017-12-29,15.99
2017-12-28,15.88
2017-12-27,15.73
2017-12-26,15.59
2017-12-22,15.4
2017-12-21,15.22
2017-12-20,15.25
2017-12-19,15.22
2017-12-18,15.22
2017-12-15,15.15
2017-12-14,15.02
2017-12-13,15.15
2017-12-12,14.86
2017-12-11,14.85
2017-12-08,14.96
2017-12-07,14.87
2017-12-06,15.1
2017-12-05,15.23
2017-12-04,15.44
2017-12-01,15.53
2017-11-30,15.51
2017-11-29,15.64
2017-11-28,15.91
2017-11-27,16.1
2017-11-24,16.08
2017-11-22,16.17
2017-11-21,16.01
2017-11-20,15.98
2017-11-17,16.309999
2017-11-16,16.12
2017-11-15,16.03
2017-11-14,16.08
2017-11-13,16.09
2017-11-10,15.95
2017-11-09,16.07
2017-11-08,16.059999
2017-11-07,16.01
2017-11-06,16.27
2017-11-03,15.92
2017-11-02,16.17
2017-11-01,16.18
2017-10-31,15.79
2017-10-30,15.91
2017-10-27,15.91
2017-10-26,15.85
2017-10-25,16.01
2017-10-24,16.02
2017-10-23,16.139999
2017-10-20,16.08
2017-10-19,16.27
2017-10-18,16.059999
2017-10-17,16.09
2017-10-16,16.25
2017-10-13,16.41
2017-10-12,16.26
2017-10-11,16.25
2017-10-10,16.15
2017-10-09,16.02
2017-10-06,15.85
2017-10-05,15.69
2017-10-04,15.69
2017-10-03,15.71
2017-10-02,15.67
2017-09-29,15.74
2017-09-28,15.92
2017-09-27,15.83
2017-09-26,15.91
2017-09-25,16.209999
2017-09-22,16.049999
2017-09-21,16.03
2017-09-20,16.19
2017-09-19,16.36
2017-09-18,16.27
2017-09-15,16.62
2017-09-14,16.77
2017-09-13,16.76
2017-09-12,16.889999
2017-09-11,16.77
2017-09-08,17.02
2017-09-07,17.1
2017-09-06,16.87
2017-09-05,16.91
2017-09-01,16.73
2017-08-31,16.65
2017-08-30,16.459999
2017-08-29,16.42
2017-08-28,16.5
2017-08-25,16.11
2017-08-24,16.03
2017-08-23,16.15
2017-08-22,16.07
2017-08-21,16.07
2017-08-18,16.1
2017-08-17,16.12
2017-08-16,16.15
2017-08-15,15.74
2017-08-14,16.129999
2017-08-11,16.17
2017-08-10,16.18
2017-08-09,15.98
2017-08-08,15.56
2017-08-07,15.33
2017-08-04,15.38
2017-08-03,15.72
2017-08-02,15.67
2017-08-01,15.79
2017-07-31,15.9
2017-07-28,15.81
2017-07-27,15.68
2017-07-26,15.75
2017-07-25,15.59
2017-07-24,15.58
2017-07-21,15.6
2017-07-20,15.42
2017-07-19,15.4
2017-07-18,15.38
2017-07-17,15.22
2017-07-14,15.08
2017-07-13,14.87
2017-07-12,15.05
2017-07-11,14.99
2017-07-10,14.83
2017-07-07,14.73
2017-07-06,15.15
2017-07-05,15.18
2017-07-03,15.3
2017-06-30,15.71
2017-06-29,15.73
2017-06-28,15.92
2017-06-27,15.79
2017-06-26,15.68
2017-06-23,15.79
2017-06-22,15.68
2017-06-21,15.54
2017-06-20,15.59
2017-06-19,15.61
2017-06-16,15.79
2017-06-15,15.88
2017-06-14,15.95
2017-06-13,15.95
2017-06-12,16.04
2017-06-09,16.28
2017-06-08,16.49
2017-06-07,16.65
2017-06-06,16.76
2017-06-05,16.629999
2017-06-02,16.59
2017-06-01,16.379999
2017-05-31,16.389999
2017-05-30,16.469999
2017-05-26,16.4
2017-05-25,16.23
2017-05-24,16.28
2017-05-23,16.15
2017-05-22,16.23
2017-05-19,15.94
2017-05-18,15.71
2017-05-17,16.0
2017-05-16,15.93
2017-05-15,15.75
2017-05-12,15.57
2017-05-11,15.45
2017-05-10,15.35
2017-05-09,15.3
2017-05-08,15.41
2017-05-05,15.5
2017-05-04,15.43
2017-05-03,15.59
2017-05-02,15.93
2017-05-01,15.99
2017-04-28,16.299999
2017-04-27,16.37
2017-04-26,16.57
2017-04-25,16.68
2017-04-24,16.98
2017-04-21,17.02
2017-04-20,17.059999
2017-04-19,17.18
2017-04-18,17.34
2017-04-17,17.43
2017-04-13,17.53
2017-04-12,17.459999
2017-04-11,17.309999
2017-04-10,17.0
2017-04-07,17.03
2017-04-06,17.26
2017-04-05,17.32
2017-04-04,17.33
2017-04-03,17.24
2017-03-31,17.25
2017-03-30,17.15
2017-03-29,17.25
2017-03-28,17.18
2017-03-27,17.15
2017-03-24,16.809999
2017-03-23,16.67
2017-03-22,16.62
2017-03-21,16.61
2017-03-20,16.5
2017-03-17,16.469999
2017-03-16,16.4
2017-03-15,16.43
2017-03-14,15.99
2017-03-13,16.07
2017-03-10,16.15
2017-03-09,16.059999
2017-03-08,16.32
2017-03-07,16.549999
2017-03-06,16.83
2017-03-03,16.98
2017-03-02,16.799999
2017-03-01,17.44
2017-02-28,17.37
2017-02-27,17.27
2017-02-24,17.4
2017-02-23,17.24
2017-02-22,17.11
2017-02-21,17.03
2017-02-17,17.059999
2017-02-16,17.15
2017-02-15,17.04
2017-02-14,17.01
2017-02-13,16.889999
2017-02-10,17.02
2017-02-09,16.75
2017-02-08,16.84
2017-02-07,16.79
2017-02-06,16.82
2017-02-03,16.57
2017-02-02,16.559999
2017-02-01,16.61
2017-01-31,16.629999
2017-01-30,16.23
2017-01-27,16.219999
2017-01-26,15.93
2017-01-25,16.1
2017-01-24,16.219999
2017-01-23,16.29
2017-01-20,16.19
2017-01-19,16.12
2017-01-18,16.19
2017-01-17,16.28
2017-01-13,15.94
2017-01-12,15.91
2017-01-11,15.87
2017-01-10,15.91
2017-01-09,15.7
2017-01-06,15.64
2017-01-05,15.76
2017-01-04,15.58
2017-01-03,15.44
2016-12-30,15.11
2016-12-29,15.32
2016-12-28,15.2
2016-12-27,15.13
2016-12-23,14.91
2016-12-22,14.98
2016-12-21,15.12
2016-12-20,15.24
2016-12-19,15.17
2016-12-16,15.27
2016-12-15,15.18
2016-12-14,15.93
2016-12-13,16.04
2016-12-12,16.19
2016-12-09,15.97
2016-12-08,16.139999
2016-12-07,16.23
2016-12-06,15.85
2016-12-05,15.88
2016-12-02,15.83
2016-12-01,15.66
2016-11-30,15.66
2016-11-29,15.78
2016-11-28,15.77
2016-11-25,15.63
2016-11-23,15.52
2016-11-22,15.8
2016-11-21,15.72
2016-11-18,15.73
2016-11-17,15.84
2016-11-16,16.09
2016-11-15,16.19
2016-11-14,16.0
2016-11-11,16.469999
2016-11-10,17.559999
2016-11-09,17.45
2016-11-08,17.4
2016-11-07,17.29
2016-11-04,17.459999
2016-11-03,17.42
2016-11-02,17.559999
2016-11-01,17.41
2016-10-31,16.969999
2016-10-28,16.87
2016-10-27,16.73
2016-10-26,16.709999
2016-10-25,16.86
2016-10-24,16.7
2016-10-21,16.65
2016-10-20,16.639999
2016-10-19,16.79
2016-10-18,16.719999
2016-10-17,16.57
2016-10-14,16.559999
2016-10-13,16.61
2016-10-12,16.65
2016-10-11,16.559999
2016-10-10,16.73
2016-10-07,16.6
2016-10-06,16.44
2016-10-05,16.85
2016-10-04,16.94
2016-10-03,17.87
2016-09-30,18.2
2016-09-29,18.11
2016-09-28,18.209999
2016-09-27,18.17
2016-09-26,18.41
2016-09-23,18.68
2016-09-22,18.9
2016-09-21,18.85
2016-09-20,18.27
2016-09-19,18.2
2016-09-16,17.86
2016-09-15,18.04
2016-09-14,18.02
2016-09-13,17.93
2016-09-12,18.17
2016-09-09,18.11
2016-09-08,18.62
2016-09-07,18.78
2016-09-06,19.049999
2016-09-02,18.44
2016-09-01,17.94
2016-08-31,17.719999
2016-08-30,17.67
2016-08-29,17.9
2016-08-26,17.719999
2016-08-25,17.629999
2016-08-24,17.62
2016-08-23,17.93
2016-08-22,17.969999
2016-08-19,18.35
2016-08-18,18.77
2016-08-17,18.68
2016-08-16,18.82
2016-08-15,18.83
2016-08-12,18.719999
2016-08-11,18.959999
2016-08-10,19.16
2016-08-09,18.87
2016-08-08,18.74
2016-08-05,18.709999
2016-08-04,19.35
2016-08-03,19.379999
2016-08-02,19.6
2016-08-01,19.43
2016-07-29,19.35
2016-07-28,19.209999
2016-07-27,19.37
2016-07-26,18.66
2016-07-25,18.54
2016-07-22,18.67
2016-07-21,18.879999
2016-07-20,18.42
2016-07-19,18.92
2016-07-18,19.1
2016-07-15,19.08
2016-07-14,19.25
2016-07-13,19.389999
2016-07-12,19.09
2016-07-11,19.299999
2016-07-08,19.219999
2016-07-07,18.709999
2016-07-06,19.1
2016-07-05,18.98
2016-07-01,18.74
2016-06-30,17.860001
2016-06-29,17.37
2016-06-28,16.91
2016-06-27,16.87
2016-06-24,16.889999
2016-06-23,16.49
2016-06-22,16.42
2016-06-21,16.379999
2016-06-20,16.65
2016-06-17,16.6
2016-06-16,16.309999
2016-06-15,16.69
2016-06-14,16.54
2016-06-13,16.58
2016-06-10,16.49
2016-06-09,16.469999
2016-06-08,16.209999
2016-06-07,15.6
2016-06-06,15.68
2016-06-03,15.61
2016-06-02,15.22
2016-06-01,15.17
2016-05-31,15.19
2016-05-27,15.39
2016-05-26,15.53
2016-05-25,15.5
2016-05-24,15.42
2016-05-23,15.59
2016-05-20,15.69
2016-05-19,15.67
2016-05-18,16.0
2016-05-17,16.41
2016-05-16,16.32
2016-05-13,16.28
2016-05-12,16.219999
2016-05-11,16.559999
2016-05-10,16.28
2016-05-09,16.12
2016-05-06,16.629999
2016-05-05,16.51
2016-05-04,16.49
2016-05-03,16.57
2016-05-02,16.639999
2016-04-29,16.98
2016-04-28,16.77
2016-04-27,16.379999
2016-04-26,16.29
2016-04-25,16.17
2016-04-22,16.13
2016-04-21,16.209999
2016-04-20,16.139999
2016-04-19,16.12
2016-04-18,15.42
2016-04-15,15.46
2016-04-14,15.34
2016-04-13,15.44
2016-04-12,15.41
2016-04-11,15.14
2016-04-08,14.62
2016-04-07,14.48
2016-04-06,14.34
2016-04-05,14.42
2016-04-04,14.2
2016-04-01,14.34
2016-03-31,14.68
2016-03-30,14.49
2016-03-29,14.6
2016-03-28,14.46
2016-03-24,14.43
2016-03-23,14.51
2016-03-22,15.12
2016-03-21,15.06
2016-03-18,15.03
2016-03-17,15.16
2016-03-16,14.87
2016-03-15,14.54
2016-03-14,14.58
2016-03-11,14.72
2016-03-10,14.82
2016-03-09,14.53
2016-03-08,14.62
2016-03-07,14.9
2016-03-04,14.76
2016-03-03,14.5
2016-03-02,14.25
2016-03-01,14.17
2016-02-29,14.2
2016-02-26,14.02
2016-02-25,14.41
2016-02-24,14.52
2016-02-23,14.54
2016-02-22,14.43
2016-02-19,14.64
2016-02-18,14.76
2016-02-17,14.54
2016-02-16,14.51
2016-02-12,14.99
2016-02-11,14.95
2016-02-10,14.55
2016-02-09,14.51
2016-02-08,14.59
2016-02-05,14.34
2016-02-04,14.17
2016-02-03,13.95
2016-02-02,13.62
2016-02-01,13.67
2016-01-29,13.59
2016-01-28,13.57
2016-01-27,13.81
2016-01-26,13.82
2016-01-25,13.58
2016-01-22,13.38
2016-01-21,13.46
2016-01-20,13.48
2016-01-19,13.36
2016-01-15,13.24
2016-01-14,13.19
2016-01-13,13.49
2016-01-12,13.17
2016-01-11,13.22
2016-01-08,13.3
2016-01-07,13.62
2016-01-06,13.36
2016-01-05,13.31
2016-01-04,13.19
2015-12-31,13.19
2015-12-30,13.21
2015-12-29,13.27
2015-12-28,13.29
2015-12-24,13.69
2015-12-23,13.62
2015-12-22,13.59
2015-12-21,13.59
2015-12-18,13.425
2015-12-17,13.08
2015-12-16,13.49
2015-12-15,13.11
2015-12-14,13.06
2015-12-11,13.3
2015-12-10,13.45
2015-12-09,13.49
2015-12-08,13.51
2015-12-07,13.62
2015-12-04,13.87
2015-12-03,13.46
2015-12-02,13.37
2015-12-01,13.51
2015-11-30,13.44
2015-11-27,13.46
2015-11-25,13.52
2015-11-24,13.51
2015-11-23,13.45
2015-11-20,13.5
2015-11-19,13.62
2015-11-18,13.52
2015-11-17,13.55
2015-11-16,13.6
2015-11-13,13.59
2015-11-12,13.64
2015-11-11,13.64
2015-11-10,13.76
2015-11-09,13.89
2015-11-06,14.08
2015-11-05,14.3
2015-11-04,14.38
2015-11-03,14.58
2015-11-02,14.72
2015-10-30,14.8
2015-10-29,14.88
2015-10-28,15.26
2015-10-27,15.13
2015-10-26,15.11
2015-10-23,15.12
2015-10-22,15.11
2015-10-21,14.99
2015-10-20,15.19
2015-10-19,15.11
2015-10-16,15.28
2015-10-15,15.39
2015-10-14,15.42
2015-10-13,15.16
2015-10-12,15.13
2015-10-09,15.12
2015-10-08,14.99
2015-10-07,15.29
2015-10-06,15.07
2015-10-05,14.89
2015-10-02,14.55
2015-10-01,13.9
2015-09-30,13.87
2015-09-29,13.97
2015-09-28,13.94
2015-09-25,14.4
2015-09-24,14.43
2015-09-23,14.12
2015-09-22,14.14
2015-09-21,14.49
2015-09-18,14.47
2015-09-17,14.42
2015-09-16,14.22
2015-09-15,13.77
2015-09-14,13.79
2015-09-11,13.95
2015-09-10,13.99
2015-09-09,13.93
2015-09-08,14.12
2015-09-04,13.92
2015-09-03,14.02
2015-09-02,14.02
2015-09-01,13.94
2015-08-31,13.99
2015-08-28,13.92
2015-08-27,13.8
2015-08-26,13.56
2015-08-25,13.99
2015-08-24,14.13
2015-08-21,14.61
2015-08-20,14.78
2015-08-19,14.57
2015-08-18,14.22
2015-08-17,14.63
2015-08-14,14.55
2015-08-13,14.71
2015-08-12,14.82
2015-08-11,14.64
2015-08-10,14.54
2015-08-07,14.11
2015-08-06,13.99
2015-08-05,13.95
2015-08-04,13.92
2015-08-03,13.87
2015-07-31,14.08
2015-07-30,14.09
2015-07-29,14.15
2015-07-28,14.02
2015-07-27,13.92
2015-07-24,14.02
2015-07-23,14.0
2015-07-22,14.14
2015-07-21,14.14
2015-07-20,14.05
2015-07-17,14.23
2015-07-16,14.35
2015-07-15,14.43
2015-07-14,14.69
2015-07-13,14.81
2015-07-10,14.88
2015-07-09,14.76
2015-07-08,14.46
2015-07-07,14.43
2015-07-06,14.99
2015-07-02,14.95
2015-07-01,14.9
2015-06-30,15.03
2015-06-29,15.03
2015-06-26,15.11
2015-06-25,15.17
2015-06-24,15.19
2015-06-23,15.14
2015-06-22,15.49
2015-06-19,15.42
2015-06-18,15.46
2015-06-17,15.45
2015-06-16,15.32
2015-06-15,15.4
2015-06-12,15.25
2015-06-11,15.33
2015-06-10,15.32
2015-06-09,15.29
2015-06-08,15.32
2015-06-05,15.39
2015-06-04,15.48
2015-06-03,15.83
2015-06-02,16.07
2015-06-01,16.0
2015-05-29,15.99
2015-05-28,15.97
2015-05-27,15.96
2015-05-26,16.02
2015-05-22,16.34
2015-05-21,16.389999
2015-05-20,16.37
2015-05-19,16.379999
2015-05-18,16.889999
2015-05-15,16.75
2015-05-14,16.65
2015-05-13,16.35
2015-05-12,15.81
2015-05-11,15.57
2015-05-08,15.76
2015-05-07,15.6
2015-05-06,15.77
2015-05-05,15.81
2015-05-04,15.7
2015-05-01,15.47
2015-04-30,15.43
2015-04-29,15.81
2015-04-28,15.87
2015-04-27,15.66
2015-04-24,15.06
2015-04-23,15.21
2015-04-22,15.11
2015-04-21,15.32
2015-04-20,15.29
2015-04-17,15.56
2015-04-16,15.57
2015-04-15,15.63
2015-04-14,15.51
2015-04-13,15.6
2015-04-10,15.77
2015-04-09,15.51
2015-04-08,15.81
2015-04-07,16.15
2015-04-06,16.27
2015-04-02,16.02
2015-04-01,16.23
2015-03-31,15.93
2015-03-30,15.98
2015-03-27,16.219999
2015-03-26,16.299999
2015-03-25,16.24
2015-03-24,16.28
2015-03-23,16.299999
2015-03-20,16.0
2015-03-19,15.44
2015-03-18,15.36
2015-03-17,14.9
2015-03-16,14.9899
2015-03-13,14.9
2015-03-12,14.92
2015-03-11,14.84
2015-03-10,15.02
2015-03-09,15.1
2015-03-06,15.19
2015-03-05,15.53
2015-03-04,15.49
2015-03-03,15.5799
2015-03-02,15.66
2015-02-27,15.87
2015-02-26,15.84
2015-02-25,15.83
2015-02-24,15.56
2015-02-23,15.63
2015-02-20,15.54
2015-02-19,15.7
2015-02-18,15.75
2015-02-17,15.83
2015-02-13,16.54
2015-02-12,16.15
2015-02-11,16.08
2015-02-10,16.19
2015-02-09,16.32
2015-02-06,16.03
2015-02-05,16.58
2015-02-04,16.629999
2015-02-03,16.549999
2015-02-02,16.469999
2015-01-30,16.54
2015-01-29,16.24
2015-01-28,17.23
2015-01-27,17.33
2015-01-26,17.129999
2015-01-23,17.51
2015-01-22,17.61
2015-01-21,17.37
2015-01-20,17.18
2015-01-16,16.95
2015-01-15,16.15
2015-01-14,16.129999
2015-01-13,16.29
2015-01-12,15.87
2015-01-09,15.77
2015-01-08,15.64
2015-01-07,15.85
2015-01-06,15.83
2015-01-05,15.5
2015-01-02,15.11
2014-12-31,15.06
2014-12-30,15.58
2014-12-29,15.11
2014-12-26,15.35
2014-12-24,15.09
2014-12-23,15.04
2014-12-22,14.99
2014-12-19,15.39
2014-12-18,15.2499
2014-12-17,15.1
2014-12-16,15.08
2014-12-15,15.47
2014-12-12,16.299999
2014-12-11,16.33
2014-12-10,16.37
2014-12-09,16.32
2014-12-08,15.71
2014-12-05,15.61
2014-12-04,15.77
2014-12-03,15.73
2014-12-02,15.75
2014-12-01,15.78
2014-11-28,14.83
2014-11-26,15.87
2014-11-25,15.98
2014-11-24,15.78
2014-11-21,15.79
2014-11-20,15.6
2014-11-19,15.48
2014-11-18,15.55
2014-11-17,15.5
2014-11-14,15.63
2014-11-13,14.97
2014-11-12,15.03
2014-11-11,15.11
2014-11-10,14.92
2014-11-07,15.1
2014-11-06,14.82
2014-11-05,14.66
2014-11-04,15.36
2014-11-03,15.48
2014-10-31,15.5
2014-10-30,15.82
2014-10-29,16.379999
2014-10-28,16.49
2014-10-27,16.42
2014-10-24,16.5
2014-10-23,16.5
2014-10-22,16.459999
2014-10-21,16.809999
2014-10-20,16.73
2014-10-17,16.58
2014-10-16,16.67
2014-10-15,16.709999
2014-10-14,16.68
2014-10-13,16.73
2014-10-10,16.639999
2014-10-09,16.62
2014-10-08,16.68
2014-10-07,16.48
2014-10-06,16.6
2014-10-03,16.12
2014-10-02,16.41
2014-10-01,16.48
2014-09-30,16.35
2014-09-29,16.78
2014-09-26,16.9
2014-09-25,16.83
2014-09-24,16.99
2014-09-23,17.07
2014-09-22,17.08
2014-09-19,17.19
2014-09-18,17.77
2014-09-17,17.77
2014-09-16,17.95
2014-09-15,17.92
2014-09-12,17.889999
2014-09-11,17.959
2014-09-10,18.24
2014-09-09,18.309999
2014-09-08,18.26
2014-09-05,18.42
2014-09-04,18.32
2014-09-03,18.43
2014-09-02,18.41
2014-08-29,18.709999
2014-08-28,18.74
2014-08-27,18.66
2014-08-26,18.629999
2014-08-25,18.6
2014-08-22,18.69
2014-08-21,18.69
2014-08-20,18.719999
2014-08-19,18.7
2014-08-18,18.87
2014-08-15,18.86
2014-08-14,19.1
2014-08-13,19.04
2014-08-12,19.17
2014-08-11,19.23
2014-08-08,19.19
2014-08-07,19.17
2014-08-06,19.23
2014-08-05,19.049999
2014-08-04,19.4
2014-08-01,19.52
2014-07-31,19.58
2014-07-30,19.78
2014-07-29,19.78
2014-07-28,19.809999
2014-07-25,19.87
2014-07-24,19.58
2014-07-23,20.08
2014-07-22,20.1
2014-07-21,20.1
2014-07-18,20.02
2014-07-17,20.29
2014-07-16,19.91
2014-07-15,19.879999
2014-07-14,20.1
2014-07-11,20.57
2014-07-10,20.52
2014-07-09,20.27
2014-07-08,20.209999
2014-07-07,20.17
2014-07-03,20.29
2014-07-02,20.299999
2014-07-01,20.209999
2014-06-30,20.25
2014-06-27,20.17
2014-06-26,20.24
2014-06-25,20.19
2014-06-24,20.08
2014-06-23,20.049999
2014-06-20,20.03
2014-06-19,19.92
2014-06-18,19.049999
2014-06-17,18.94
2014-06-16,18.85
2014-06-13,18.92
2014-06-12,18.76
2014-06-11,18.459999
2014-06-10,18.459999
2014-06-09,18.32
2014-06-06,18.28
2014-06-05,18.26
2014-06-04,18.059999
2014-06-03,18.1
2014-06-02,18.02
2014-05-30,18.079
2014-05-29,18.299999
2014-05-28,18.28
2014-05-27,18.36
2014-05-23,18.66
2014-05-22,18.73
2014-05-21,18.639999
2014-05-20,18.65
2014-05-19,18.629999
2014-05-16,18.61
2014-05-15,18.74
2014-05-14,19.0
2014-05-13,18.77
2014-05-12,18.78
2014-05-09,18.42
2014-05-08,18.44
2014-05-07,18.57
2014-05-06,18.799999
2014-05-05,18.84
2014-05-02,18.69
2014-05-01,18.35
2014-04-30,18.459999
2014-04-29,18.76
2014-04-28,18.85
2014-04-25,18.94
2014-04-24,18.92
2014-04-23,18.69
2014-04-22,18.709999
2014-04-21,18.67
2014-04-17,18.879999
2014-04-16,18.879999
2014-04-15,18.879999
2014-04-14,19.209999
2014-04-11,19.19
2014-04-10,19.27
2014-04-09,19.11
2014-04-08,19.23
2014-04-07,19.129999
2014-04-04,19.16
2014-04-03,19.059999
2014-04-02,19.188
2014-04-01,19.059999
2014-03-31,19.04
2014-03-28,19.059999
2014-03-27,19.0
2014-03-26,19.02
2014-03-25,19.219999
2014-03-24,19.209999
2014-03-21,19.52
2014-03-20,19.52
2014-03-19,19.79
2014-03-18,20.01
2014-03-17,20.33
2014-03-14,20.62
2014-03-13,20.36
2014-03-12,20.469999
2014-03-11,20.04
2014-03-10,20.01
2014-03-07,20.08
2014-03-06,20.66
2014-03-05,20.36
2014-03-04,20.37
2014-03-03,20.62
2014-02-28,20.35
2014-02-27,20.459999
2014-02-26,20.42
2014-02-25,21.02
2014-02-24,21.18
2014-02-21,20.969999
2014-02-20,21.0
2014-02-19,20.629999
2014-02-18,21.129999
2014-02-14,20.65
2014-02-13,19.74
2014-02-12,19.43
2014-02-11,19.45
2014-02-10,19.29
2014-02-07,19.27
2014-02-06,19.17
2014-02-05,19.07
2014-02-04,18.75
2014-02-03,18.61
2014-01-31,18.45
2014-01-30,18.49
2014-01-29,19.02
2014-01-28,18.85
2014-01-27,18.889999
2014-01-24,19.16
2014-01-23,19.26
2014-01-22,19.03
2014-01-21,19.17
2014-01-17,19.51
2014-01-16,19.35
2014-01-15,19.4
2014-01-14,19.42
2014-01-13,19.68
2014-01-10,19.379999
2014-01-09,18.84
2014-01-08,18.83
2014-01-07,19.125
2014-01-06,19.42
2014-01-03,19.42
2014-01-02,19.23
2013-12-31,18.709999
2013-12-30,18.85
2013-12-27,19.27
2013-12-26,19.02
2013-12-24,18.76
2013-12-23,18.719999
2013-12-20,18.62
2013-12-19,18.49
2013-12-18,19.09
2013-12-17,19.139999
2013-12-16,19.219999
2013-12-13,18.95
2013-12-12,18.809999
2013-12-11,19.549999
2013-12-10,19.66
2013-12-09,19.12
2013-12-06,18.76
2013-12-05,18.69
2013-12-04,19.0
2013-12-03,18.42
2013-12-02,18.459999
2013-11-29,19.24
2013-11-27,18.959999
2013-11-26,19.129999
2013-11-25,19.27
2013-11-22,19.129999
2013-11-21,19.24
2013-11-20,19.139999
2013-11-19,19.61
2013-11-18,19.665
2013-11-15,20.0
2013-11-14,20.049999
2013-11-13,19.78
2013-11-12,20.0
2013-11-11,20.6
2013-11-08,20.69
2013-11-07,20.83
2013-11-06,21.0
2013-11-05,20.9
2013-11-04,20.85
2013-11-01,21.08
2013-10-31,21.095
2013-10-30,21.879999
2013-10-29,21.69
2013-10-28,21.68
2013-10-25,21.709999
2013-10-24,21.87
2013-10-23,21.75
2013-10-22,21.87
2013-10-21,21.41
2013-10-18,21.11
2013-10-17,21.045
2013-10-16,20.5
2013-10-15,20.559999
2013-10-14,20.5
2013-10-11,20.52
2013-10-10,20.825
2013-10-09,21.049999
2013-10-08,21.49
2013-10-07,21.53
2013-10-04,20.93
2013-10-03,20.92
2013-10-02,20.92
2013-10-01,20.41
2013-09-30,20.9
2013-09-27,20.959999
2013-09-26,20.92
2013-09-25,20.98
2013-09-24,20.889999
2013-09-23,20.78
2013-09-20,20.999
2013-09-19,22.2
2013-09-18,22.309999
2013-09-17,20.959999
2013-09-16,20.94
2013-09-13,21.42
2013-09-12,21.059999
2013-09-11,22.29
2013-09-10,22.125
2013-09-09,22.835
2013-09-06,22.969999
2013-09-05,22.379999
2013-09-04,22.69
2013-09-03,23.389999
2013-08-30,22.6
2013-08-29,23.0
2013-08-28,23.43
2013-08-27,23.59
2013-08-26,23.459999
2013-08-23,23.15
2013-08-22,22.27
2013-08-21,22.139999
2013-08-20,22.19
2013-08-19,22.34
2013-08-16,22.34
2013-08-15,22.15
2013-08-14,21.09
2013-08-13,20.709999
2013-08-12,20.62
2013-08-09,19.76
2013-08-08,19.6
2013-08-07,18.83
2013-08-06,18.83
2013-08-05,19.009
2013-08-02,19.12
2013-08-01,18.969999
2013-07-31,19.139999
2013-07-30,19.03
2013-07-29,19.139999
2013-07-26,19.32
2013-07-25,19.5
2013-07-24,19.4681
2013-07-23,19.77
2013-07-22,19.77
2013-07-19,18.879999
2013-07-18,18.719999
2013-07-17,18.66
2013-07-16,19.33
2013-07-15,19.28
2013-07-12,19.209999
2013-07-11,19.49
2013-07-10,18.48
2013-07-09,18.57
2013-07-08,18.42
2013-07-05,18.209999
2013-07-03,19.02
2013-07-02,18.678
2013-07-01,18.93
2013-06-28,18.969999
2013-06-27,17.889999
2013-06-26,17.8881
2013-06-25,18.91
2013-06-24,18.969999
2013-06-21,19.389
2013-06-20,18.965
2013-06-19,20.6
2013-06-18,20.879999
2013-06-17,21.1
2013-06-14,21.33
2013-06-13,21.04
2013-06-12,21.02
2013-06-11,20.91
2013-06-10,21.16
2013-06-07,20.86
2013-06-06,21.93
2013-06-05,21.78
2013-06-04,21.77
2013-06-03,21.9781
2013-05-31,21.435
2013-05-30,21.98
2013-05-29,21.709999
2013-05-28,21.53
2013-05-24,21.61
2013-05-23,21.879999
2013-05-22,21.51
2013-05-21,21.62
2013-05-20,22.28
2013-05-17,21.4
2013-05-16,21.95
2013-05-15,21.76
2013-05-14,22.57
2013-05-13,22.83
2013-05-10,22.98
2013-05-09,22.889999
2013-05-08,23.12
2013-05-07,23.1
2013-05-06,23.18
2013-05-03,23.29
2013-05-02,23.02
2013-05-01,22.86
2013-04-30,23.459999
2013-04-29,23.54
2013-04-26,23.1
2013-04-25,23.49
2013-04-24,22.42
2013-04-23,22.18
2013-04-22,22.62
2013-04-19,22.4
2013-04-18,22.4
2013-04-17,22.44
2013-04-16,22.665
2013-04-15,22.09
2013-04-12,25.28
2013-04-11,26.7
2013-04-10,26.68
2013-04-09,27.03
2013-04-08,26.32
2013-04-05,26.389999
2013-04-04,25.99
2013-04-03,26.09
2013-04-02,26.35
2013-04-01,27.09
2013-03-28,27.42
2013-03-27,27.73
2013-03-26,27.75
2013-03-25,27.84
2013-03-22,27.75
2013-03-21,28.18
2013-03-20,27.809999
2013-03-19,27.93
2013-03-18,27.95
2013-03-15,27.799
2013-03-14,27.799999
2013-03-13,27.94
2013-03-12,28.2
2013-03-11,28.02
2013-03-08,28.005
2013-03-07,27.91
2013-03-06,28.1
2013-03-05,27.75
2013-03-04,27.6
2013-03-01,27.62
2013-02-28,27.54
2013-02-27,28.01
2013-02-26,28.41
2013-02-25,28.07
2013-02-22,27.83
2013-02-21,27.73
2013-02-20,27.59
2013-02-19,28.445
2013-02-15,28.83
2013-02-14,29.459999
2013-02-13,29.77
2013-02-12,30.09
2013-02-11,30.0
2013-02-08,30.43
2013-02-07,30.459999
2013-02-06,30.809999
2013-02-05,30.76
2013-02-04,30.69
2013-02-01,30.78
2013-01-31,30.44
2013-01-30,30.92
2013-01-29,30.32
2013-01-28,29.85
2013-01-25,30.209999
2013-01-24,30.65
2013-01-23,31.19
2013-01-22,31.12
2013-01-18,30.809999
2013-01-17,30.67
2013-01-16,30.45
2013-01-15,30.36
2013-01-14,30.04
2013-01-11,29.48
2013-01-10,29.78
2013-01-09,29.35
2013-01-08,29.379999
2013-01-07,29.18
2013-01-04,29.2376
2013-01-03,29.179
2013-01-02,29.92
2012-12-31,29.37
2012-12-28,29.1
2012-12-27,29.24
2012-12-26,29.01
2012-12-24,28.94
2012-12-21,29.0
2012-12-20,28.998
2012-12-19,30.11
2012-12-18,30.65
2012-12-17,31.2
2012-12-14,31.17
2012-12-13,31.53
2012-12-12,32.369999
2012-12-11,31.91
2012-12-10,32.139999
2012-12-07,32.029999
2012-12-06,31.93
2012-12-05,31.82
2012-12-04,31.9
2012-12-03,32.52
2012-11-30,32.36
2012-11-29,33.13
2012-11-28,32.619999
2012-11-27,32.93
2012-11-26,33.02
2012-11-23,32.98
2012-11-21,32.29
2012-11-20,32.105
2012-11-19,32.049999
2012-11-16,31.209999
2012-11-15,31.53
2012-11-14,31.639999
2012-11-13,31.4
2012-11-12,31.37
2012-11-09,31.54
2012-11-08,31.379999
2012-11-07,30.83
2012-11-06,31.01
2012-11-05,30.17
2012-11-02,29.95
2012-11-01,31.219999
2012-10-31,31.27
2012-10-26,31.08
2012-10-25,31.12
2012-10-24,30.709999
2012-10-23,30.68
2012-10-22,31.389999
2012-10-19,31.0945
2012-10-18,31.73
2012-10-17,32.119999
2012-10-16,31.93
2012-10-15,31.66
2012-10-12,32.45
2012-10-11,32.9
2012-10-10,32.95
2012-10-09,32.83
2012-10-08,32.97
2012-10-05,33.45
2012-10-04,33.93
2012-10-03,33.509998
2012-10-02,33.5
2012-10-01,33.65
2012-09-28,33.48
2012-09-27,33.58
2012-09-26,32.869999
2012-09-25,32.68
2012-09-24,32.93
2012-09-21,33.48
2012-09-20,33.58
2012-09-19,33.57
2012-09-18,33.709999
2012-09-17,32.99
2012-09-14,33.599998
2012-09-13,33.610001
2012-09-12,32.209999
2012-09-11,32.41
2012-09-10,32.29
2012-09-07,32.639999
2012-09-06,31.67
2012-09-05,31.27
2012-09-04,31.36
2012-08-31,30.79
2012-08-30,29.44
2012-08-29,29.75
2012-08-28,29.93
2012-08-27,29.74
2012-08-24,29.74
2012-08-23,29.6
2012-08-22,28.92
2012-08-21,28.37
2012-08-20,27.95
2012-08-17,27.23
2012-08-16,27.37
2012-08-15,26.969999
2012-08-14,26.959999
2012-08-13,26.92
2012-08-10,27.26
2012-08-09,27.29
2012-08-08,27.209999
2012-08-07,27.27
2012-08-06,27.11
2012-08-03,26.959999
2012-08-02,26.309999
2012-08-01,26.54
2012-07-31,27.12
2012-07-30,27.36
2012-07-27,26.955
2012-07-26,26.709999
2012-07-25,26.53
2012-07-24,26.219999
2012-07-23,26.209999
2012-07-20,26.48
2012-07-19,26.42
2012-07-18,26.42
2012-07-17,26.469999
2012-07-16,26.49
2012-07-13,26.44
2012-07-12,26.35
2012-07-11,26.25
2012-07-10,26.059999
2012-07-09,26.54
2012-07-06,26.299999
2012-07-05,26.879999
2012-07-03,27.49
2012-07-02,26.73
2012-06-29,26.65
2012-06-28,25.629999
2012-06-27,26.129999
2012-06-26,26.299999
2012-06-25,26.709999
2012-06-22,26.15
2012-06-21,26.12
2012-06-20,27.26
2012-06-19,27.639999
2012-06-18,27.87
2012-06-15,27.809999
2012-06-14,27.82
2012-06-13,28.01
2012-06-12,28.12
2012-06-11,27.79
2012-06-08,27.75
2012-06-07,27.79
2012-06-06,28.51
2012-06-05,27.719999
2012-06-04,27.459999
2012-06-01,27.62
2012-05-31,26.959999
2012-05-30,27.12
2012-05-29,27.1
2012-05-25,27.62
2012-05-24,27.44
2012-05-23,27.049999
2012-05-22,27.34
2012-05-21,27.68
2012-05-18,27.79
2012-05-17,27.24
2012-05-16,26.368
2012-05-15,26.86
2012-05-14,27.42
2012-05-11,28.08
2012-05-10,28.25
2012-05-09,28.379999
2012-05-08,28.65
2012-05-07,29.209999
2012-05-04,29.41
2012-05-03,29.29
2012-05-02,29.78
2012-05-01,30.059999
2012-04-30,30.11
2012-04-27,30.37
2012-04-26,30.18
2012-04-25,29.86
2012-04-24,29.93
2012-04-23,29.969999
2012-04-20,30.75
2012-04-19,30.799999
2012-04-18,30.639999
2012-04-17,30.799999
2012-04-16,30.559999
2012-04-13,30.549999
2012-04-12,31.42
2012-04-11,30.65
2012-04-10,30.79
2012-04-09,30.59
2012-04-05,30.719999
2012-04-04,30.325
2012-04-03,31.65
2012-04-02,32.049999
2012-03-30,31.379999
2012-03-29,31.35
2012-03-28,31.15
2012-03-27,31.585
2012-03-26,31.935
2012-03-23,31.24
2012-03-22,30.54
2012-03-21,31.209999
2012-03-20,31.15
2012-03-19,31.98
2012-03-16,31.59
2012-03-15,31.53
2012-03-14,31.265
2012-03-13,32.255
2012-03-12,32.63
2012-03-09,33.22
2012-03-08,32.849998
2012-03-07,32.41
2012-03-06,32.009998
2012-03-05,33.029999
2012-03-02,33.759998
2012-03-01,34.439999
2012-02-29,33.549999
2012-02-28,35.83
2012-02-27,34.36
2012-02-24,34.369999
2012-02-23,34.4
2012-02-22,33.439999
2012-02-21,33.38
2012-02-17,32.278
2012-02-16,32.57
2012-02-15,32.45
2012-02-14,32.54
2012-02-13,32.75
2012-02-10,32.509998
2012-02-09,32.9
2012-02-08,33.04
2012-02-07,33.259998
2012-02-06,32.68
2012-02-03,32.689999
2012-02-02,33.36
2012-02-01,32.77
2012-01-31,32.279999
2012-01-30,32.529999
2012-01-27,32.959999
2012-01-26,32.43
2012-01-25,32.369999
2012-01-24,31.08
2012-01-23,31.389999
2012-01-20,31.219999
2012-01-19,29.74
2012-01-18,29.65
2012-01-17,29.19
2012-01-13,28.82
2012-01-12,29.309999
2012-01-11,29.139999
2012-01-10,29.049999
2012-01-09,28.129999
2012-01-06,27.91
2012-01-05,28.51
2012-01-04,28.389999
2012-01-03,28.83
2011-12-30,26.94
2011-12-29,27.068
2011-12-28,26.27
2011-12-27,27.87
2011-12-23,28.28
2011-12-22,28.36
2011-12-21,28.6
2011-12-20,28.77
2011-12-19,27.959999
2011-12-16,28.85
2011-12-15,28.219999
2011-12-14,28.07
2011-12-13,29.82
2011-12-12,30.49
2011-12-09,31.33
2011-12-08,30.698
2011-12-07,31.61
2011-12-06,31.93
2011-12-05,31.049999
2011-12-02,31.65
2011-12-01,31.858
2011-11-30,32.0
2011-11-29,31.03
2011-11-28,31.27
2011-11-25,30.2
2011-11-23,30.93
2011-11-22,31.889999
2011-11-21,30.76
2011-11-18,31.4
2011-11-17,30.639999
2011-11-16,32.82
2011-11-15,33.66
2011-11-14,33.33
2011-11-11,33.74
2011-11-10,33.139999
2011-11-09,33.099998
2011-11-08,34.0
2011-11-07,34.08
2011-11-04,33.2
2011-11-03,33.618
2011-11-02,33.25
2011-11-01,32.33
2011-10-31,33.439999
2011-10-28,34.27
2011-10-27,34.099998
2011-10-26,32.5
2011-10-25,32.43
2011-10-24,30.87
2011-10-21,30.48
2011-10-20,29.73
2011-10-19,30.23
2011-10-18,31.33
2011-10-17,31.04
2011-10-14,31.34
2011-10-13,30.94
2011-10-12,31.77
2011-10-11,31.379999
2011-10-10,31.258
2011-10-07,30.23
2011-10-06,31.2
2011-10-05,29.66
2011-10-04,29.09
2011-10-03,29.49
2011-09-30,28.91
2011-09-29,29.959999
2011-09-28,28.87
2011-09-27,31.17
2011-09-26,29.768
2011-09-23,29.98
2011-09-22,34.919998
2011-09-21,38.56
2011-09-20,38.83
2011-09-19,38.65
2011-09-16,39.389999
2011-09-15,38.79
2011-09-14,39.599998
2011-09-13,39.869999
2011-09-12,39.139999
2011-09-09,40.52
2011-09-08,41.22
2011-09-07,40.529999
2011-09-06,41.049999
2011-09-02,42.18
2011-09-01,40.52
2011-08-31,40.45
2011-08-30,40.4
2011-08-29,39.72
2011-08-26,40.41
2011-08-25,40.0
2011-08-24,38.83
2011-08-23,40.63
2011-08-22,42.63
2011-08-19,41.68
2011-08-18,39.66
2011-08-17,39.33
2011-08-16,39.029999
2011-08-15,38.669998
2011-08-12,38.119999
2011-08-11,37.799999
2011-08-10,38.439999
2011-08-09,36.32
2011-08-08,37.97
2011-08-05,37.32
2011-08-04,37.61
2011-08-03,40.549999
2011-08-02,39.82
2011-08-01,38.29
2011-07-29,38.849998
2011-07-28,38.759998
2011-07-27,39.169998
2011-07-26,39.889999
2011-07-25,39.31
2011-07-22,39.07
2011-07-21,38.31
2011-07-20,39.119999
2011-07-19,38.009998
2011-07-18,39.47
2011-07-15,38.24
2011-07-14,37.41
2011-07-13,37.23
2011-07-12,35.2
2011-07-11,34.9
2011-07-08,35.75
2011-07-07,35.5
2011-07-06,35.099998
2011-07-05,34.63
2011-07-01,33.0
2011-06-30,33.84
2011-06-29,34.009998
2011-06-28,33.0
2011-06-27,32.63
2011-06-24,33.36
2011-06-23,34.369999
2011-06-22,35.5
2011-06-21,35.509998
2011-06-20,35.09
2011-06-17,34.95
2011-06-16,34.65
2011-06-15,34.88
2011-06-14,34.669998
2011-06-13,33.869999
2011-06-10,35.25
2011-06-09,36.669998
2011-06-08,36.029999
2011-06-07,36.119999
2011-06-06,35.709999
2011-06-03,35.34
2011-06-02,35.29
2011-06-01,35.75
2011-05-31,37.599998
2011-05-27,37.029999
2011-05-26,36.509998
2011-05-25,36.919998
2011-05-24,35.77
2011-05-23,34.27
2011-05-20,34.18
2011-05-19,34.259998
2011-05-18,34.23
2011-05-17,33.09
2011-05-16,32.849998
2011-05-13,34.389999
2011-05-12,33.32
2011-05-11,34.389999
2011-05-10,37.52
2011-05-09,36.98
2011-05-06,34.48
2011-05-05,33.720001
2011-05-04,38.27
2011-05-03,40.58
2011-05-02,42.83
2011-04-29,46.88
2011-04-28,47.259998
2011-04-27,47.0
2011-04-26,44.029999
2011-04-25,45.83
2011-04-21,45.535
2011-04-20,44.119999
2011-04-19,43.0
2011-04-18,42.419
2011-04-15,41.84
2011-04-14,41.07
2011-04-13,39.57
2011-04-12,39.09
2011-04-11,39.209999
2011-04-08,39.86
2011-04-07,38.73
2011-04-06,38.619999
2011-04-05,38.34
2011-04-04,37.58
2011-04-01,36.86
2011-03-31,36.77
2011-03-30,36.529999
2011-03-29,36.169998
2011-03-28,36.189999
2011-03-25,36.389999
2011-03-24,36.119999
2011-03-23,36.47
2011-03-22,35.5375
2011-03-21,35.299999
2011-03-18,34.27
2011-03-17,33.509998
2011-03-16,33.369999
2011-03-15,33.61
2011-03-14,35.009998
2011-03-11,35.029
2011-03-10,34.36
2011-03-09,35.27
2011-03-08,35.18
2011-03-07,35.23
2011-03-04,34.689999
2011-03-03,33.415
2011-03-02,33.84
2011-03-01,33.869999
2011-02-28,33.11
2011-02-25,32.56
2011-02-24,31.195
2011-02-23,32.709999
2011-02-22,32.259998
2011-02-18,31.7875
2011-02-17,31.03
2011-02-16,29.959999
2011-02-15,30.0
2011-02-14,29.959999
2011-02-11,29.209999
2011-02-10,29.459999
2011-02-09,29.518
2011-02-08,29.639999
2011-02-07,28.66
2011-02-04,28.4
2011-02-03,28.285
2011-02-02,27.69
2011-02-01,27.87
2011-01-31,27.389999
2011-01-28,27.299999
2011-01-27,26.29
2011-01-26,26.889999
2011-01-25,26.23
2011-01-24,26.36
2011-01-21,26.83
2011-01-20,26.85
2011-01-19,28.08
2011-01-18,28.15
2011-01-14,27.74
2011-01-13,28.0
2011-01-12,29.0
2011-01-11,28.889999
2011-01-10,28.29
2011-01-07,28.1
2011-01-06,28.42
2011-01-05,28.61
2011-01-04,29.08
2011-01-03,29.98
2010-12-31,30.18
2010-12-30,29.76
2010-12-29,29.87
2010-12-28,29.53
2010-12-27,28.59
2010-12-23,28.61
2010-12-22,28.57
2010-12-21,28.639999
2010-12-20,28.709999
2010-12-17,28.5075
2010-12-16,28.28
2010-12-15,28.08
2010-12-14,28.809999
2010-12-13,28.87
2010-12-10,27.98
2010-12-09,28.03
2010-12-08,27.7
2010-12-07,28.08
2010-12-06,29.51
2010-12-03,28.5975
2010-12-02,27.93
2010-12-01,27.809999
2010-11-30,27.44
2010-11-29,26.549999
2010-11-26,26.129999
2010-11-24,26.94
2010-11-23,26.865
2010-11-22,27.17
2010-11-19,26.74
2010-11-18,26.35
2010-11-17,25.0
2010-11-16,24.93
2010-11-15,24.93
2010-11-12,25.518
2010-11-11,27.11
2010-11-10,26.719999
2010-11-09,26.18
2010-11-08,27.15
2010-11-05,26.2
2010-11-04,25.629999
2010-11-03,24.249
2010-11-02,24.309999
2010-11-01,24.07
2010-10-29,24.17
2010-10-28,23.43
2010-10-27,23.068
2010-10-26,23.28
2010-10-25,23.1
2010-10-22,22.76
2010-10-21,22.59
2010-10-20,23.33
2010-10-19,22.84
2010-10-18,23.959999
2010-10-15,23.75
2010-10-14,24.028
2010-10-13,23.49
2010-10-12,22.84
2010-10-11,22.78
2010-10-08,22.73
2010-10-07,22.02
2010-10-06,22.69
2010-10-05,22.34
2010-10-04,21.51
2010-10-01,21.65
2010-09-30,21.309999
2010-09-29,21.4
2010-09-28,21.29
2010-09-27,20.99
2010-09-24,21.01
2010-09-23,20.66
2010-09-22,20.709999
2010-09-21,20.59
2010-09-20,20.29
2010-09-17,20.29
2010-09-16,20.35
2010-09-15,20.17
2010-09-14,20.049999
2010-09-13,19.54
2010-09-10,19.42
2010-09-09,19.32
2010-09-08,19.5
2010-09-07,19.36
2010-09-03,19.42
2010-09-02,19.28
2010-09-01,18.959999
2010-08-31,18.93
2010-08-30,18.629999
2010-08-27,18.7
2010-08-26,18.59
2010-08-25,18.54
2010-08-24,17.99
2010-08-23,17.61
2010-08-20,17.59
2010-08-19,17.92
2010-08-18,18.02
2010-08-17,18.12
2010-08-16,18.0
2010-08-13,17.74
2010-08-12,17.69
2010-08-11,17.53
2010-08-10,17.969999
2010-08-09,17.959999
2010-08-06,18.07
2010-08-05,17.959999
2010-08-04,17.93
2010-08-03,18.02
2010-08-02,17.959999
2010-07-30,17.58
2010-07-29,17.24
2010-07-28,17.16
2010-07-27,17.299999
2010-07-26,17.78
2010-07-23,17.719999
2010-07-22,17.709999
2010-07-21,17.309999
2010-07-20,17.33
2010-07-19,17.27
2010-07-16,17.49
2010-07-15,17.95
2010-07-14,17.959999
2010-07-13,17.82
2010-07-12,17.62
2010-07-09,17.73
2010-07-08,17.61
2010-07-07,17.65
2010-07-06,17.4
2010-07-02,17.459999
2010-07-01,17.44
2010-06-30,18.209999
2010-06-29,18.129999
2010-06-28,18.379999
2010-06-25,18.67
2010-06-24,18.26
2010-06-23,18.18
2010-06-22,18.42
2010-06-21,18.33
2010-06-18,18.75
2010-06-17,18.33
2010-06-16,18.08
2010-06-15,18.19
2010-06-14,17.86
2010-06-11,17.85
2010-06-10,17.86
2010-06-09,17.76
2010-06-08,17.889999
2010-06-07,17.809999
2010-06-04,17.049999
2010-06-03,17.639999
2010-06-02,17.978
2010-06-01,18.02
2010-05-28,18.03
2010-05-27,18.12
2010-05-26,17.74
2010-05-25,17.54
2010-05-24,17.559999
2010-05-21,17.29
2010-05-20,17.35
2010-05-19,17.87
2010-05-18,18.57
2010-05-17,18.53
2010-05-14,18.93
2010-05-13,18.99
2010-05-12,19.12
2010-05-11,18.95
2010-05-10,18.11
2010-05-07,18.0
2010-05-06,17.32
2010-05-05,17.11
2010-05-04,17.59
2010-05-03,18.42
2010-04-30,18.26
2010-04-29,18.139999
2010-04-28,17.75
2010-04-27,17.879999
2010-04-26,17.93
2010-04-23,17.91
2010-04-22,17.639999
2010-04-21,17.77
2010-04-20,17.48
2010-04-19,17.379999
2010-04-16,17.41
2010-04-15,18.07
2010-04-14,18.07
2010-04-13,17.84
2010-04-12,17.799999
2010-04-09,18.01
2010-04-08,17.719999
2010-04-07,17.77
2010-04-06,17.61
2010-04-05,17.75
2010-04-01,17.54
2010-03-31,17.139999
2010-03-30,16.95
2010-03-29,17.04
2010-03-26,16.61
2010-03-25,16.32
2010-03-24,16.29
2010-03-23,16.719999
2010-03-22,16.6
2010-03-19,16.65
2010-03-18,17.08
2010-03-17,17.08
2010-03-16,17.049999
2010-03-15,16.74
2010-03-12,16.76
2010-03-11,16.809999
2010-03-10,16.66
2010-03-09,16.92
2010-03-08,16.889999
2010-03-05,17.01
2010-03-04,16.79
2010-03-03,16.82
2010-03-02,16.559999
2010-03-01,16.11
2010-02-26,16.07
2010-02-25,15.77
2010-02-24,15.62
2010-02-23,15.57
2010-02-22,15.9
2010-02-19,15.97
2010-02-18,15.88
2010-02-17,15.74
2010-02-16,15.82
2010-02-12,15.24
2010-02-11,15.37
2010-02-10,14.95
2010-02-09,15.12
2010-02-08,14.75
2010-02-05,14.9
2010-02-04,15.04
2010-02-03,16.07
2010-02-02,16.35
2010-02-01,16.36
2010-01-29,15.9
2010-01-28,15.92
2010-01-27,16.26
2010-01-26,16.43
2010-01-25,16.83
2010-01-22,16.78
2010-01-21,17.07
2010-01-20,17.57
2010-01-19,18.45
2010-01-15,18.049999
2010-01-14,18.309999
2010-01-13,18.27
2010-01-12,17.91
2010-01-11,18.209999
2010-01-08,18.15
2010-01-07,17.889999
2010-01-06,17.86
2010-01-05,17.51
2010-01-04,17.23
2009-12-31,16.539
2009-12-30,16.53
2009-12-29,16.809999
2009-12-28,17.218
2009-12-24,17.17
2009-12-23,16.809999
2009-12-22,16.639999
2009-12-21,16.69
2009-12-18,16.95
2009-12-17,16.79
2009-12-16,17.36
2009-12-15,17.09
2009-12-14,17.08
2009-12-11,16.87
2009-12-10,17.09
2009-12-09,17.15
2009-12-08,17.299999
2009-12-07,17.82
2009-12-04,18.15
2009-12-03,18.62
2009-12-02,18.889999
2009-12-01,18.78
2009-11-30,18.15
2009-11-27,17.95
2009-11-25,18.52
2009-11-24,18.25
2009-11-23,18.27
2009-11-20,18.219999
2009-11-19,18.26
2009-11-18,18.23
2009-11-17,18.129999
2009-11-16,18.01
2009-11-13,17.15
2009-11-12,16.92
2009-11-11,17.29
2009-11-10,17.03
2009-11-09,17.288
2009-11-06,17.09
2009-11-05,17.12
2009-11-04,17.139999
2009-11-03,17.0
2009-11-02,16.16
2009-10-30,16.07
2009-10-29,16.41
2009-10-28,15.86
2009-10-27,16.34
2009-10-26,16.79
2009-10-23,17.4
2009-10-22,17.32
2009-10-21,17.36
2009-10-20,17.2
2009-10-19,17.44
2009-10-16,17.18
2009-10-15,17.059999
2009-10-14,17.559999
2009-10-13,17.48
2009-10-12,17.48
2009-10-09,17.44
2009-10-08,17.52
2009-10-07,17.25
2009-10-06,17.08
2009-10-05,16.379999
2009-10-02,15.82
2009-10-01,16.040001
2009-09-30,16.379999
2009-09-29,15.89
2009-09-28,15.91
2009-09-25,15.74
2009-09-24,15.99
2009-09-23,16.540001
2009-09-22,16.879999
2009-09-21,16.54
2009-09-18,16.7
2009-09-17,16.95
2009-09-16,17.139999
2009-09-15,16.78
2009-09-14,16.309999
2009-09-11,16.5
2009-09-10,16.41
2009-09-09,16.059999
2009-09-08,16.15
2009-09-04,15.97
2009-09-03,15.87
2009-09-02,15.22
2009-09-01,14.76
2009-08-31,14.62
2009-08-28,14.5
2009-08-27,14.08
2009-08-26,14.09
2009-08-25,14.04
2009-08-24,13.9
2009-08-21,13.92
2009-08-20,13.7
2009-08-19,13.57
2009-08-18,13.72
2009-08-17,13.75
2009-08-14,14.429
2009-08-13,14.79
2009-08-12,14.34
2009-08-11,14.09
2009-08-10,14.15
2009-08-07,14.39
2009-08-06,14.32
2009-08-05,14.52
2009-08-04,14.35
2009-08-03,14.03
2009-07-31,13.7
2009-07-30,13.25
2009-07-29,13.12
2009-07-28,13.52
2009-07-27,13.84
2009-07-24,13.66
2009-07-23,13.52
2009-07-22,13.45
2009-07-21,13.33
2009-07-20,13.45
2009-07-17,13.17
2009-07-16,13.09
2009-07-15,13.06
2009-07-14,12.718
2009-07-13,12.66
2009-07-10,12.5
2009-07-09,12.67
2009-07-08,12.69
2009-07-07,12.89
2009-07-06,13.1
2009-07-02,13.16
2009-07-01,13.55
2009-06-30,13.38
2009-06-29,13.66
2009-06-26,13.9
2009-06-25,13.81
2009-06-24,13.68
2009-06-23,13.62
2009-06-22,13.54
2009-06-19,13.99
2009-06-18,13.97
2009-06-17,14.12
2009-06-16,13.99
2009-06-15,13.83
2009-06-12,14.63
2009-06-11,15.13
2009-06-10,15.01
2009-06-09,15.03
2009-06-08,14.76
2009-06-05,15.01
2009-06-04,15.628
2009-06-03,15.14
2009-06-02,15.75
2009-06-01,15.35
2009-05-29,15.47
2009-05-28,14.93
2009-05-27,14.58
2009-05-26,14.42
2009-05-22,14.5
2009-05-21,14.338
2009-05-20,14.1
2009-05-19,13.98
2009-05-18,13.58
2009-05-15,13.77
2009-05-14,13.85
2009-05-13,13.81
2009-05-12,14.02
2009-05-11,13.74
2009-05-08,13.79
2009-05-07,13.6
2009-05-06,13.52
2009-05-05,13.14
2009-05-04,12.83
2009-05-01,12.31
2009-04-30,12.21
2009-04-29,12.55
2009-04-28,12.3
2009-04-27,12.66
2009-04-24,12.67
2009-04-23,12.54
2009-04-22,12.13
2009-04-21,11.86
2009-04-20,11.89
2009-04-17,11.68
2009-04-16,12.06
2009-04-15,12.55
2009-04-14,12.54
2009-04-13,12.57
2009-04-09,12.17
2009-04-08,12.138
2009-04-07,12.07
2009-04-06,11.94
2009-04-03,12.6
2009-04-02,12.77
2009-04-01,12.84
2009-03-31,12.79
2009-03-30,12.85
2009-03-27,13.15
2009-03-26,13.35
2009-03-25,13.35
2009-03-24,13.25
2009-03-23,13.46
2009-03-20,13.61
2009-03-19,13.42
2009-03-18,12.77
2009-03-17,12.6
2009-03-16,12.79
2009-03-13,13.05
2009-03-12,12.79
2009-03-11,12.59
2009-03-10,12.45
2009-03-09,12.77
2009-03-06,13.18
2009-03-05,13.15
2009-03-04,12.78
2009-03-03,12.65
2009-03-02,12.77
2009-02-27,12.88
2009-02-26,12.97
2009-02-25,13.49
2009-02-24,13.61
2009-02-23,14.34
2009-02-20,14.25
2009-02-19,13.888
2009-02-18,14.169
2009-02-17,13.99
2009-02-13,13.54
2009-02-12,13.33
2009-02-11,13.34
2009-02-10,12.98
2009-02-09,12.7199
2009-02-06,12.91
2009-02-05,12.75
2009-02-04,12.42
2009-02-03,12.32
2009-02-02,12.21
2009-01-30,12.52
2009-01-29,12.26
2009-01-28,11.86
2009-01-27,11.85
2009-01-26,11.9
2009-01-23,11.85
2009-01-22,11.33
2009-01-21,11.1792
2009-01-20,11.09
2009-01-16,11.11
2009-01-15,10.49
2009-01-14,10.45
2009-01-13,10.6
2009-01-12,10.5
2009-01-09,11.097
2009-01-08,10.99
2009-01-07,10.856
2009-01-06,11.34
2009-01-05,11.11
2009-01-02,11.41
2008-12-31,11.2
2008-12-30,10.82
2008-12-29,10.77
2008-12-26,10.64
2008-12-24,10.28
2008-12-23,10.16
2008-12-22,10.73
2008-12-19,10.67
2008-12-18,10.8399
2008-12-17,11.29
2008-12-16,11.03
2008-12-15,10.55
2008-12-12,10.14
2008-12-11,10.2
2008-12-10,10.12
2008-12-09,9.7
2008-12-08,9.89
2008-12-05,9.4
2008-12-04,9.3799
2008-12-03,9.51
2008-12-02,9.49
2008-12-01,9.18
2008-11-28,10.23
2008-11-26,10.19
2008-11-25,10.19
2008-11-24,10.43
2008-11-21,9.52
2008-11-20,8.86
2008-11-19,9.1
2008-11-18,9.4762
2008-11-17,9.18
2008-11-14,9.36
2008-11-13,9.3
2008-11-12,9.17
2008-11-11,9.64
2008-11-10,10.06
2008-11-07,9.94
2008-11-06,9.9
2008-11-05,10.21
2008-11-04,10.12
2008-11-03,9.62
2008-10-31,9.58
2008-10-30,9.68
2008-10-29,9.67
2008-10-28,9.05
2008-10-27,8.85
2008-10-24,9.13
2008-10-23,9.38
2008-10-22,9.45
2008-10-21,9.98
2008-10-20,9.77
2008-10-17,9.23
2008-10-16,9.6
2008-10-15,10.27
2008-10-14,10.86
2008-10-13,10.59
2008-10-10,9.8
2008-10-09,11.95
2008-10-08,11.51
2008-10-07,11.3799
2008-10-06,10.75
2008-10-03,10.99
2008-10-02,10.8
2008-10-01,12.33
2008-09-30,11.85
2008-09-29,12.95
2008-09-26,13.15
2008-09-25,13.03
2008-09-24,13.09
2008-09-23,13.18
2008-09-22,13.35
2008-09-19,12.46
2008-09-18,11.89
2008-09-17,11.9
2008-09-16,10.4
2008-09-15,10.95
2008-09-12,10.75
2008-09-11,10.32
2008-09-10,10.6
2008-09-09,11.18
2008-09-08,11.95
2008-09-05,12.03
2008-09-04,12.63
2008-09-03,12.75
2008-09-02,12.94
2008-08-29,13.37
2008-08-28,13.55
2008-08-27,13.35
2008-08-26,13.45
2008-08-25,13.33
2008-08-22,13.26
2008-08-21,13.69
2008-08-20,13.18
2008-08-19,13.09
2008-08-18,12.93
2008-08-15,12.7
2008-08-14,14.06
2008-08-13,14.79
2008-08-12,14.4
2008-08-11,14.4
2008-08-08,15.1898
2008-08-07,16.0699
2008-08-06,16.37
2008-08-05,16.219999
2008-08-04,16.74
2008-08-01,17.28
2008-07-31,17.53
2008-07-30,17.3599
2008-07-29,17.19
2008-07-28,17.36
2008-07-25,17.25
2008-07-24,17.26
2008-07-23,17.19
2008-07-22,17.759
2008-07-21,18.228
2008-07-18,17.968
2008-07-17,18.32
2008-07-16,18.545
2008-07-15,18.6998
2008-07-14,18.934999
2008-07-11,18.639
2008-07-10,18.12
2008-07-09,17.95
2008-07-08,17.664
2008-07-07,17.6
2008-07-03,18.000999
2008-07-02,18.215
2008-07-01,17.9
2008-06-30,17.263
2008-06-27,17.33
2008-06-26,17.025
2008-06-25,16.625999
2008-06-24,16.492
2008-06-23,16.629999
2008-06-20,17.195999
2008-06-19,17.153
2008-06-18,17.188999
2008-06-17,16.902
2008-06-16,16.95
2008-06-13,16.330999
2008-06-12,16.35
2008-06-11,16.7
2008-06-10,16.44
2008-06-09,16.944
2008-06-06,17.4
2008-06-05,16.972
2008-06-04,16.641
2008-06-03,16.587
2008-06-02,16.642
2008-05-30,16.673
2008-05-29,16.478
2008-05-28,17.264999
2008-05-27,17.256
2008-05-23,18.021
2008-05-22,17.78
2008-05-21,17.86
2008-05-20,17.5
2008-05-19,16.819
2008-05-16,16.75
2008-05-15,16.5547
2008-05-14,16.365999
2008-05-13,16.5537
2008-05-12,16.997
2008-05-09,16.665
2008-05-08,16.7
2008-05-07,16.503
2008-05-06,16.73
2008-05-05,16.573999
2008-05-02,16.257
2008-05-01,15.994
2008-04-30,16.719999
2008-04-29,16.382
2008-04-28,16.84
2008-04-25,16.684999
2008-04-24,16.552
2008-04-23,17.000999
2008-04-22,17.476999
2008-04-21,17.267
2008-04-18,17.671
2008-04-17,18.01
2008-04-16,18.153999
2008-04-15,17.681999
2008-04-14,17.514999
2008-04-11,17.5778
2008-04-10,17.812
2008-04-09,18.014999
2008-04-08,17.507
2008-04-07,17.95
2008-04-04,17.615
2008-04-03,17.23
2008-04-02,17.246
2008-04-01,16.6
2008-03-31,17.041
2008-03-28,17.75
2008-03-27,18.32
2008-03-26,18.225
2008-03-25,17.775
2008-03-24,16.787
2008-03-20,16.701
2008-03-19,18.250999
2008-03-18,19.379
2008-03-17,19.98
2008-03-14,20.421
2008-03-13,20.406
2008-03-12,19.969999
2008-03-11,19.52
2008-03-10,19.475
2008-03-07,20.04
2008-03-06,20.075
2008-03-05,20.621
2008-03-04,19.62
2008-03-03,20.1626
2008-02-29,19.667999
2008-02-28,19.666
2008-02-27,19.132999
2008-02-26,18.6
2008-02-25,17.99
2008-02-22,17.916
2008-02-21,17.695999
2008-02-20,17.7
2008-02-19,17.378
2008-02-15,16.952
2008-02-14,17.087
2008-02-13,17.132
2008-02-12,17.033
2008-02-11,17.4
2008-02-08,17.025999
2008-02-07,16.67
2008-02-06,16.375
2008-02-05,16.167
2008-02-04,16.514999
2008-02-01,16.6187
2008-01-31,16.818
2008-01-30,16.674999
2008-01-29,16.534
2008-01-28,16.549999
2008-01-25,16.298
2008-01-24,16.299999
2008-01-23,15.9
2008-01-22,15.902
2008-01-18,16.03
2008-01-17,15.717
2008-01-16,15.654
2008-01-15,15.834
2008-01-14,16.28
2008-01-11,16.077
2008-01-10,16.061
2008-01-09,15.52
2008-01-08,15.59
2008-01-07,15.053
2008-01-04,15.167
2008-01-03,15.285
2008-01-02,15.18
2007-12-31,14.697
2007-12-28,14.652
2007-12-27,14.526
2007-12-26,14.597
2007-12-24,14.463
2007-12-21,14.215
2007-12-20,14.09
2007-12-19,13.985
2007-12-18,13.901
2007-12-17,13.713
2007-12-14,13.739
2007-12-13,14.014
2007-12-12,14.548
2007-12-11,14.35
2007-12-10,14.562
2007-12-07,14.276
2007-12-06,14.376
2007-12-05,14.13
2007-12-04,14.207
2007-12-03,14.007
2007-11-30,13.9
2007-11-29,14.101
2007-11-28,14.297
2007-11-27,14.345
2007-11-26,14.629
2007-11-23,14.663
2007-11-21,14.345
2007-11-20,14.66
2007-11-19,14.071
2007-11-16,14.34
2007-11-15,14.345
2007-11-14,14.867
2007-11-13,14.46
2007-11-12,14.315
2007-11-09,15.29
2007-11-08,15.329
2007-11-07,15.171
2007-11-06,15.375
2007-11-05,14.618
2007-11-02,14.53
2007-11-01,14.003
2007-10-31,14.36
2007-10-30,14.113
2007-10-29,14.389
2007-10-26,14.133
2007-10-25,13.762
2007-10-24,13.476
2007-10-23,13.462
2007-10-22,13.3477
2007-10-19,13.454
2007-10-18,13.7
2007-10-17,13.522
2007-10-16,13.499
2007-10-15,13.69
2007-10-12,13.74
2007-10-11,13.64
2007-10-10,13.486
2007-10-09,13.395
2007-10-08,13.188
2007-10-05,13.295
2007-10-04,13.285
2007-10-03,13.217
2007-10-02,13.231
2007-10-01,13.646
2007-09-28,13.655
2007-09-27,13.425
2007-09-26,13.33
2007-09-25,13.367
2007-09-24,13.427
2007-09-21,13.419
2007-09-20,13.32
2007-09-19,12.868
2007-09-18,12.868
2007-09-17,12.707
2007-09-14,12.48
2007-09-13,12.469
2007-09-12,12.572
2007-09-11,12.64
2007-09-10,12.483
2007-09-07,12.442
2007-09-06,12.364
2007-09-05,12.15
2007-09-04,12.1868
2007-08-31,11.998
2007-08-30,11.7
2007-08-29,11.815
2007-08-28,11.643
2007-08-27,11.692
2007-08-24,11.9
2007-08-23,11.623
2007-08-22,11.571
2007-08-21,11.51
2007-08-20,11.729
2007-08-17,11.664
2007-08-16,11.78
2007-08-15,12.385
2007-08-14,12.623
2007-08-13,12.714
2007-08-10,12.765
2007-08-09,12.594
2007-08-08,13.054
2007-08-07,13.034
2007-08-06,12.883
2007-08-03,13.027
2007-08-02,12.899
2007-08-01,12.89
2007-07-31,12.802
2007-07-30,12.79
2007-07-27,12.621
2007-07-26,12.705
2007-07-25,13.028
2007-07-24,13.205
2007-07-23,13.215
2007-07-20,13.233
2007-07-19,13.169
2007-07-18,13.115
2007-07-17,12.815
2007-07-16,12.894
2007-07-13,12.963
2007-07-12,13.003
2007-07-11,12.845
2007-07-10,12.87
2007-07-09,12.68
2007-07-06,12.68
2007-07-05,12.465
2007-07-03,12.53
2007-07-02,12.588
2007-06-29,12.35
2007-06-28,12.4
2007-06-27,12.21
2007-06-26,12.145
2007-06-25,12.825
2007-06-22,13.006
2007-06-21,13.012
2007-06-20,13.081
2007-06-19,13.265
2007-06-18,13.163
2007-06-15,13.161
2007-06-14,13.071
2007-06-13,13.065
2007-06-12,12.931
2007-06-11,13.154
2007-06-08,13.03
2007-06-07,13.363
2007-06-06,13.638
2007-06-05,13.7
2007-06-04,13.648
2007-06-01,13.637
2007-05-31,13.383
2007-05-30,13.101
2007-05-29,13.096
2007-05-25,12.88
2007-05-24,12.768
2007-05-23,12.951
2007-05-22,12.89
2007-05-21,12.999
2007-05-18,12.904
2007-05-17,12.77
2007-05-16,12.86
2007-05-15,13.123
2007-05-14,13.05
2007-05-11,13.147
2007-05-10,12.953
2007-05-09,13.324
2007-05-08,13.4
2007-05-07,13.456
2007-05-04,13.383
2007-05-03,13.317
2007-05-02,13.17
2007-05-01,13.188
2007-04-30,13.335
2007-04-27,13.489
2007-04-26,13.26
2007-04-25,13.746
2007-04-24,13.71
2007-04-23,13.93
2007-04-20,13.871
2007-04-19,13.559
2007-04-18,13.88
2007-04-17,13.838
2007-04-16,13.98
2007-04-13,13.99
2007-04-12,13.811
2007-04-11,13.774
2007-04-10,13.848
2007-04-09,13.7
2007-04-05,13.66
2007-04-04,13.575
2007-04-03,13.338
2007-04-02,13.242
2007-03-30,13.352
2007-03-29,13.254
2007-03-28,13.328
2007-03-27,13.186
2007-03-26,13.332
2007-03-23,13.122
2007-03-22,13.389
2007-03-21,13.32
2007-03-20,13.257
2007-03-19,13.103
2007-03-16,13.092
2007-03-15,12.931
2007-03-14,12.801
2007-03-13,12.69
2007-03-12,12.946
2007-03-09,12.855
2007-03-08,12.915
2007-03-07,12.9
2007-03-06,12.896
2007-03-05,12.549
2007-03-02,12.878
2007-03-01,13.54
2007-02-28,14.125
2007-02-27,14.039
2007-02-26,14.699
2007-02-23,14.528
2007-02-22,14.185
2007-02-21,14.184
2007-02-20,13.79
2007-02-16,13.901
2007-02-15,13.952
2007-02-14,14.022
2007-02-13,13.801
2007-02-12,13.595
2007-02-09,13.806
2007-02-08,13.749
2007-02-07,13.589
2007-02-06,13.61
2007-02-05,13.438
2007-02-02,13.392
2007-02-01,13.605
2007-01-31,13.516
2007-01-30,13.328
2007-01-29,13.128
2007-01-26,13.355
2007-01-25,13.249
2007-01-24,13.205
2007-01-23,13.249
2007-01-22,12.874
2007-01-19,12.801
2007-01-18,12.602
2007-01-17,12.737
2007-01-16,12.542
2007-01-12,12.78
2007-01-11,12.29
2007-01-10,12.373
2007-01-09,12.425
2007-01-08,12.218
2007-01-05,12.175
2007-01-04,12.58
2007-01-03,12.558
2006-12-29,12.864
2006-12-28,12.802
2006-12-27,12.78
2006-12-26,12.623
2006-12-22,12.589
2006-12-21,12.35
2006-12-20,12.46
2006-12-19,12.65
2006-12-18,12.447
2006-12-15,12.815
2006-12-14,13.717
2006-12-13,13.75
2006-12-12,13.813
2006-12-11,13.815
2006-12-08,13.68
2006-12-07,13.886
2006-12-06,13.57
2006-12-05,13.816
2006-12-04,14.085
2006-12-01,13.958
2006-11-30,13.968
2006-11-29,13.568
2006-11-28,13.734
2006-11-27,13.495
2006-11-24,13.411
2006-11-22,13.033
2006-11-21,13.03
2006-11-20,12.705
2006-11-17,12.764
2006-11-16,12.755
2006-11-15,12.863
2006-11-14,12.776
2006-11-13,12.86
2006-11-10,12.967
2006-11-09,13.028
2006-11-08,12.417
2006-11-07,12.595
2006-11-06,12.61
2006-11-03,12.552
2006-11-02,12.515
2006-11-01,12.444
2006-10-31,12.268
2006-10-30,12.106
2006-10-27,12.011
2006-10-26,12.106
2006-10-25,11.895
2006-10-24,11.789
2006-10-23,11.639
2006-10-20,11.877
2006-10-19,12.07
2006-10-18,11.722
2006-10-17,11.688
2006-10-16,11.845
2006-10-13,11.639
2006-10-12,11.291
2006-10-11,11.173
2006-10-10,11.118
2006-10-09,11.278
2006-10-06,11.095
2006-10-05,11.078
2006-10-04,10.8
2006-10-03,10.81
2006-10-02,11.435
2006-09-29,11.451
2006-09-28,11.541
2006-09-27,11.62
2006-09-26,11.378
2006-09-25,11.188
2006-09-22,11.151
2006-09-21,11.185
2006-09-20,10.886
2006-09-19,10.788
2006-09-18,11.17
2006-09-15,10.799
2006-09-14,10.7
2006-09-13,11.185
2006-09-12,11.019
2006-09-11,11.075
2006-09-08,12.13
2006-09-07,12.57
2006-09-06,12.988
2006-09-05,12.975
2006-09-01,12.96
2006-08-31,12.908
2006-08-30,12.511
2006-08-29,12.275
2006-08-28,12.032
2006-08-25,12.42
2006-08-24,12.36
2006-08-23,12.5
2006-08-22,12.295
2006-08-21,12.412
2006-08-18,12.06
2006-08-17,11.967
2006-08-16,12.324
2006-08-15,12.105
2006-08-14,12.048
2006-08-11,11.919
2006-08-10,12.121
2006-08-09,12.518
2006-08-08,12.26
2006-08-07,12.31
2006-08-04,12.383
2006-08-03,12.08
2006-08-02,12.17
2006-08-01,11.76
2006-07-31,11.415
2006-07-28,11.4
2006-07-27,11.375
2006-07-26,11.107
2006-07-25,10.993
2006-07-24,10.918
2006-07-21,10.838
2006-07-20,10.9
2006-07-19,11.139
2006-07-18,10.595
2006-07-17,10.897
2006-07-14,11.499
2006-07-13,11.65
2006-07-12,11.592
2006-07-11,11.57
2006-07-10,11.084
2006-07-07,11.325
2006-07-06,11.599
2006-07-05,11.47
2006-07-03,11.38
2006-06-30,11.139
2006-06-29,10.782
2006-06-28,10.245
2006-06-27,10.214
2006-06-26,10.317
2006-06-23,10.353
2006-06-22,10.257
2006-06-21,10.5
2006-06-20,10.286
2006-06-19,9.947
2006-06-16,10.29
2006-06-15,10.264
2006-06-14,9.67
2006-06-13,9.625
2006-06-12,10.93
2006-06-09,11.192
2006-06-08,11.235
2006-06-07,11.87
2006-06-06,11.835
2006-06-05,12.092
2006-06-02,12.175
2006-06-01,12.04
2006-05-31,12.628
2006-05-30,13.097
2006-05-26,12.67
2006-05-25,12.685
2006-05-24,12.545
2006-05-23,13.045
2006-05-22,12.515
2006-05-19,12.6
2006-05-18,12.602
2006-05-17,13.09
2006-05-16,13.58
2006-05-15,13.27
2006-05-12,14.464
2006-05-11,14.86
2006-05-10,14.526
2006-05-09,14.5
2006-05-08,14.0
2006-05-05,13.995
2006-05-04,14.0
2006-05-03,13.925
2006-05-02,14.365
2006-05-01,13.87
2006-04-28,13.812
