date,UNG
2025-12-23,12.895
2025-12-22,11.85
2025-12-19,12.19
2025-12-18,12.03
2025-12-17,12.64
2025-12-16,12.1
2025-12-15,12.46
2025-12-12,12.73
2025-12-11,13.08
2025-12-10,14.26
2025-12-09,14.1
2025-12-08,15.07
2025-12-05,16.37
2025-12-04,15.66
2025-12-03,15.47
2025-12-02,14.96
2025-12-01,15.21
2025-11-28,14.73
2025-11-26,14.25
2025-11-25,13.83
2025-11-24,14.41
2025-11-21,14.65
2025-11-20,14.42
2025-11-19,14.7
2025-11-18,14.22
2025-11-17,14.12
2025-11-14,14.56
2025-11-13,14.81
2025-11-12,14.65
2025-11-11,14.56
2025-11-10,14.1
2025-11-07,13.95
2025-11-06,14.17
2025-11-05,13.63
2025-11-04,13.93
2025-11-03,13.76
2025-10-31,13.25
2025-10-30,12.82
2025-10-29,12.21
2025-10-28,12.34
2025-10-27,12.89
2025-10-24,12.97
2025-10-23,12.93
2025-10-22,13.06
2025-10-21,13.15
2025-10-20,12.93
2025-10-17,11.87
2025-10-16,11.58
2025-10-15,11.88
2025-10-14,11.95
2025-10-13,12.18
2025-10-10,12.33
2025-10-09,12.74
2025-10-08,13.1
2025-10-07,13.78
2025-10-06,13.3
2025-10-03,13.05
2025-10-02,13.45
2025-10-01,13.62
2025-09-30,13.07
2025-09-29,12.82
2025-09-26,12.47
2025-09-25,12.59
2025-09-24,12.36
2025-09-23,12.36
2025-09-22,12.15
2025-09-19,12.57
2025-09-18,12.67
2025-09-17,13.1
2025-09-16,13.22
2025-09-15,12.91
2025-09-12,12.51
2025-09-11,12.42
2025-09-10,12.88
2025-09-09,13.26
2025-09-08,13.16
2025-09-05,12.94
2025-09-04,13.1
2025-09-03,13.06
2025-09-02,12.78
2025-08-29,12.83
2025-08-28,12.57
2025-08-27,12.19
2025-08-26,11.97
2025-08-25,11.95
2025-08-22,11.91
2025-08-21,12.4
2025-08-20,12.13
2025-08-19,12.16
2025-08-18,12.72
2025-08-15,12.83
2025-08-14,12.51
2025-08-13,12.4
2025-08-12,12.28
2025-08-11,13.07
2025-08-08,13.2
2025-08-07,13.53
2025-08-06,13.54
2025-08-05,13.19
2025-08-04,12.96
2025-08-01,13.62
2025-07-31,13.59
2025-07-30,13.35
2025-07-29,13.91
2025-07-28,13.67
2025-07-25,13.83
2025-07-24,13.86
2025-07-23,13.71
2025-07-22,14.47
2025-07-21,14.68
2025-07-18,15.85
2025-07-17,15.7
2025-07-16,15.8
2025-07-15,15.54
2025-07-14,15.29
2025-07-11,14.92
2025-07-10,14.75
2025-07-09,14.2
2025-07-08,14.83
2025-07-07,15.11
2025-07-03,15.25
2025-07-02,15.42
2025-07-01,15.11
2025-06-30,15.28
2025-06-27,16.54
2025-06-26,15.66
2025-06-25,15.85
2025-06-24,16.25
2025-06-23,16.84
2025-06-20,17.66
2025-06-18,18.08
2025-06-17,17.58
2025-06-16,16.98
2025-06-13,16.36
2025-06-12,16.07
2025-06-11,15.95
2025-06-10,16.06
2025-06-09,16.56
2025-06-06,17.18
2025-06-05,16.7
2025-06-04,16.91
2025-06-03,16.96
2025-06-02,16.87
2025-05-30,15.71
2025-05-29,15.99
2025-05-28,16.15
2025-05-27,17.07
2025-05-23,16.83
2025-05-22,16.65
2025-05-21,16.92
2025-05-20,16.99
2025-05-19,15.65
2025-05-16,16.71
2025-05-15,16.8
2025-05-14,17.4
2025-05-13,18.19
2025-05-12,18.35
2025-05-09,18.98
2025-05-08,18.07
2025-05-07,18.17
2025-05-06,17.37
2025-05-05,17.98
2025-05-02,18.32
2025-05-01,17.32
2025-04-30,16.74
2025-04-29,16.88
2025-04-28,16.62
2025-04-25,15.7
2025-04-24,15.5
2025-04-23,15.73
2025-04-22,15.78
2025-04-21,16.02
2025-04-17,17.03
2025-04-16,17.03
2025-04-15,17.36
2025-04-14,17.51
2025-04-11,18.63
2025-04-10,18.47
2025-04-09,19.62
2025-04-08,18.28
2025-04-07,19.07
2025-04-04,20.04
2025-04-03,21.57
2025-04-02,21.05
2025-04-01,20.7
2025-03-31,21.61
2025-03-28,21.33
2025-03-27,20.41
2025-03-26,20.14
2025-03-25,20.33
2025-03-24,20.66
2025-03-21,20.84
2025-03-20,21.17
2025-03-19,22.35
2025-03-18,21.41
2025-03-17,21.22
2025-03-14,21.79
2025-03-13,21.43
2025-03-12,21.65
2025-03-11,23.28
2025-03-10,23.83
2025-03-07,23.19
2025-03-06,22.77
2025-03-05,23.62
2025-03-04,23.11
2025-03-03,21.95
2025-02-28,20.34
2025-02-27,20.86
2025-02-26,21.15
2025-02-25,21.75
2025-02-24,21.24
2025-02-21,22.09
2025-02-20,21.73
2025-02-19,22.61
2025-02-18,20.95
2025-02-14,19.65
2025-02-13,19.15
2025-02-12,18.79
2025-02-11,18.58
2025-02-10,18.21
2025-02-07,17.48
2025-02-06,17.89
2025-02-05,17.8
2025-02-04,17.07
2025-02-03,17.64
2025-01-31,16.19
2025-01-30,16.14
2025-01-29,16.76
2025-01-28,16.29
2025-01-27,17.15
2025-01-24,18.12
2025-01-23,18.25
2025-01-22,18.54
2025-01-21,17.73
2025-01-17,18.34
2025-01-16,19.94
2025-01-15,19.12
2025-01-14,18.47
2025-01-13,18.22
2025-01-10,18.42
2025-01-08,17.11
2025-01-07,15.99
2025-01-06,17.16
2025-01-03,15.59
2025-01-02,17.01
2024-12-31,16.81
2024-12-30,18.03
2024-12-27,15.76
2024-12-26,15.37
2024-12-24,16.14
2024-12-23,15.63
2024-12-20,15.87
2024-12-19,15.4
2024-12-18,14.54
2024-12-17,14.46
2024-12-16,13.95
2024-12-13,14.23
2024-12-12,15.04
2024-12-11,14.56
2024-12-10,13.81
2024-12-09,13.77
2024-12-06,13.37
2024-12-05,13.32
2024-12-04,13.26
2024-12-03,13.21
2024-12-02,13.88
2024-11-29,14.43
2024-11-27,13.81
2024-11-26,15.08
2024-11-25,14.79
2024-11-22,14.31
2024-11-21,15.15
2024-11-20,14.75
2024-11-19,13.87
2024-11-18,13.75
2024-11-15,13.37
2024-11-14,13.15
2024-11-13,14.11
2024-11-12,13.66
2024-11-11,13.8
2024-11-08,12.53
2024-11-07,12.66
2024-11-06,12.87
2024-11-05,12.53
2024-11-04,13.06
2024-11-01,12.48
2024-10-31,12.71
2024-10-30,13.23
2024-10-29,13.41
2024-10-28,13.34
2024-10-25,14.45
2024-10-24,14.32
2024-10-23,13.82
2024-10-22,13.5
2024-10-21,13.25
2024-10-18,13.03
2024-10-17,13.31
2024-10-16,13.44
2024-10-15,14.01
2024-10-14,13.99
2024-10-11,14.8
2024-10-10,15.13
2024-10-09,14.86
2024-10-08,15.25
2024-10-07,15.38
2024-10-04,15.94
2024-10-03,16.68
2024-10-02,16.41
2024-10-01,16.37
2024-09-30,16.33
2024-09-27,16.37
2024-09-26,15.47
2024-09-25,15.85
2024-09-24,15.81
2024-09-23,16.09
2024-09-20,15.34
2024-09-19,14.61
2024-09-18,14.44
2024-09-17,14.64
2024-09-16,14.86
2024-09-13,14.49
2024-09-12,14.83
2024-09-11,14.25
2024-09-10,14.07
2024-09-09,13.48
2024-09-06,14.32
2024-09-05,14.18
2024-09-04,13.46
2024-09-03,13.89
2024-08-30,13.37
2024-08-29,13.43
2024-08-28,13.2
2024-08-27,13.08
2024-08-26,13.33
2024-08-23,13.72
2024-08-22,13.81
2024-08-21,14.56
2024-08-20,14.65
2024-08-19,14.69
2024-08-16,14.07
2024-08-15,14.57
2024-08-14,14.74
2024-08-13,14.33
2024-08-12,14.4
2024-08-09,14.28
2024-08-08,14.18
2024-08-07,13.86
2024-08-06,13.32
2024-08-05,12.94
2024-08-02,13.05
2024-08-01,13.09
2024-07-31,13.54
2024-07-30,14.01
2024-07-29,13.59
2024-07-26,13.51
2024-07-25,13.75
2024-07-24,14.31
2024-07-23,14.86
2024-07-22,15.01
2024-07-19,14.3
2024-07-18,14.11
2024-07-17,13.74
2024-07-16,14.61
2024-07-15,14.48
2024-07-12,15.5
2024-07-11,15.22
2024-07-10,15.51
2024-07-09,15.73
2024-07-08,15.86
2024-07-05,15.6
2024-07-03,16.35
2024-07-02,16.41
2024-07-01,16.57
2024-06-28,17.43
2024-06-27,17.98
2024-06-26,18.31
2024-06-25,18.99
2024-06-24,19.7
2024-06-21,18.96
2024-06-20,19.03
2024-06-18,19.94
2024-06-17,19.16
2024-06-14,19.86
2024-06-13,20.11
2024-06-12,20.83
2024-06-11,21.53
2024-06-10,20.19
2024-06-07,20.18
2024-06-06,19.3
2024-06-05,18.94
2024-06-04,18.02
2024-06-03,18.92
2024-05-31,17.59
2024-05-30,17.56
2024-05-29,18.22
2024-05-28,19.36
2024-05-24,19.02
2024-05-23,20.12
2024-05-22,20.55
2024-05-21,19.49
2024-05-20,19.82
2024-05-17,19.1
2024-05-16,18.17
2024-05-15,17.6
2024-05-14,17.17
2024-05-13,17.31
2024-05-10,16.52
2024-05-09,16.92
2024-05-08,15.95
2024-05-07,16.17
2024-05-06,16.06
2024-05-03,15.67
2024-05-02,14.86
2024-05-01,14.14
2024-04-30,14.44
2024-04-29,14.91
2024-04-26,14.06
2024-04-25,14.37
2024-04-24,14.36
2024-04-23,15.44
2024-04-22,15.04
2024-04-19,14.52
2024-04-18,14.42
2024-04-17,14.38
2024-04-16,14.48
2024-04-15,14.14
2024-04-12,14.89
2024-04-11,14.85
2024-04-10,15.67
2024-04-09,15.85
2024-04-08,15.41
2024-04-05,14.87
2024-04-04,14.9
2024-04-03,15.46
2024-04-02,15.48
2024-04-01,15.39
2024-03-28,14.57
2024-03-27,14.35
2024-03-26,14.96
2024-03-25,15.04
2024-03-22,15.11
2024-03-21,15.32
2024-03-20,15.37
2024-03-19,15.64
2024-03-18,15.34
2024-03-15,15.13
2024-03-14,15.57
2024-03-13,14.91
2024-03-12,15.31
2024-03-11,15.69
2024-03-08,16.13
2024-03-07,16.03
2024-03-06,17.29
2024-03-05,17.51
2024-03-04,17.3
2024-03-01,16.42
2024-02-29,16.54
2024-02-28,16.73
2024-02-27,16.17
2024-02-26,15.62
2024-02-23,15.21
2024-02-22,16.28
2024-02-21,16.62
2024-02-20,14.77
2024-02-16,14.99
2024-02-15,14.81
2024-02-14,14.89
2024-02-13,15.52
2024-02-12,16.17
2024-02-09,17.15
2024-02-08,17.42
2024-02-07,18.24
2024-02-06,18.54
2024-02-05,19.25
2024-02-02,19.36
2024-02-01,18.91
2024-01-31,19.63
2024-01-30,19.4
2024-01-29,19.13
2024-01-26,20.14
2024-01-25,20.1
2024-01-24,21.06
2024-01-23,20.12
2024-01-22,19.68
2024-01-19,20.8
2024-01-18,22.24
2024-01-17,23.28
2024-01-16,23.12
2024-01-12,27.28
2024-01-11,25.16
2024-01-10,24.6
2024-01-09,25.92
2024-01-08,24.04
2024-01-05,23.36
2024-01-04,23.08
2024-01-03,21.76
2024-01-02,20.76
2023-12-29,20.28
2023-12-28,20.56
2023-12-27,19.8
2023-12-26,19.72
2023-12-22,20.16
2023-12-21,19.96
2023-12-20,18.8
2023-12-19,19.6
2023-12-18,19.56
2023-12-15,19.32
2023-12-14,19.04
2023-12-13,18.4
2023-12-12,18.08
2023-12-11,19.24
2023-12-08,20.08
2023-12-07,20.28
2023-12-06,20.24
2023-12-05,21.36
2023-12-04,21.36
2023-12-01,21.8
2023-11-30,22.08
2023-11-29,22.04
2023-11-28,22.08
2023-11-27,23.2
2023-11-24,23.64
2023-11-22,23.92
2023-11-21,23.56
2023-11-20,23.96
2023-11-17,24.64
2023-11-16,25.48
2023-11-15,26.24
2023-11-14,25.84
2023-11-13,26.88
2023-11-10,25.32
2023-11-09,25.36
2023-11-08,26.16
2023-11-07,26.44
2023-11-06,27.28
2023-11-03,29.04
2023-11-02,29.16
2023-11-01,29.08
2023-10-31,30.0
2023-10-30,27.8
2023-10-27,28.8
2023-10-26,29.24
2023-10-25,28.28
2023-10-24,27.84
2023-10-23,27.24
2023-10-20,27.12
2023-10-19,27.64
2023-10-18,28.72
2023-10-17,28.72
2023-10-16,29.12
2023-10-13,30.0
2023-10-12,31.2
2023-10-11,31.6
2023-10-10,31.6
2023-10-09,31.52
2023-10-06,30.96
2023-10-05,29.64
2023-10-04,27.92
2023-10-03,27.44
2023-10-02,26.52
2023-09-29,27.32
2023-09-28,27.36
2023-09-27,26.88
2023-09-26,26.44
2023-09-25,26.96
2023-09-22,26.8
2023-09-21,26.48
2023-09-20,27.16
2023-09-19,28.12
2023-09-18,27.8
2023-09-15,27.24
2023-09-14,27.72
2023-09-13,27.8
2023-09-12,28.2
2023-09-11,26.84
2023-09-08,26.84
2023-09-07,26.6
2023-09-06,25.92
2023-09-05,26.6
2023-09-01,28.2
2023-08-31,28.44
2023-08-30,28.8
2023-08-29,27.44
2023-08-28,27.4
2023-08-25,27.44
2023-08-24,26.96
2023-08-23,26.44
2023-08-22,27.12
2023-08-21,27.88
2023-08-18,27.76
2023-08-17,28.28
2023-08-16,28.0
2023-08-15,28.68
2023-08-14,30.08
2023-08-11,29.96
2023-08-10,29.92
2023-08-09,31.88
2023-08-08,30.08
2023-08-07,29.6
2023-08-04,27.8
2023-08-03,27.52
2023-08-02,26.68
2023-08-01,27.68
2023-07-31,28.44
2023-07-28,28.36
2023-07-27,28.0
2023-07-26,28.88
2023-07-25,29.36
2023-07-24,28.96
2023-07-21,29.08
2023-07-20,29.12
2023-07-19,28.0
2023-07-18,28.0
2023-07-17,27.08
2023-07-14,27.16
2023-07-13,27.28
2023-07-12,28.32
2023-07-11,29.2
2023-07-10,28.44
2023-07-07,27.44
2023-07-06,28.16
2023-07-05,28.44
2023-07-03,28.96
2023-06-30,29.68
2023-06-29,28.72
2023-06-28,28.36
2023-06-27,29.88
2023-06-26,30.8
2023-06-23,30.2
2023-06-22,28.68
2023-06-21,28.56
2023-06-20,27.4
2023-06-16,28.76
2023-06-15,28.08
2023-06-14,25.8
2023-06-13,25.68
2023-06-12,24.96
2023-06-09,24.88
2023-06-08,25.68
2023-06-07,25.56
2023-06-06,24.84
2023-06-05,24.72
2023-06-02,23.92
2023-06-01,23.76
2023-05-31,24.8
2023-05-30,25.32
2023-05-26,26.56
2023-05-25,27.04
2023-05-24,28.24
2023-05-23,27.52
2023-05-22,28.0
2023-05-19,29.84
2023-05-18,29.92
2023-05-17,27.6
2023-05-16,27.44
2023-05-15,27.76
2023-05-12,26.56
2023-05-11,25.56
2023-05-10,25.6
2023-05-09,26.52
2023-05-08,26.12
2023-05-05,24.68
2023-05-04,24.44
2023-05-03,25.24
2023-05-02,25.96
2023-05-01,27.04
2023-04-28,28.04
2023-04-27,27.52
2023-04-26,27.04
2023-04-25,28.0
2023-04-24,28.76
2023-04-21,28.0
2023-04-20,28.08
2023-04-19,27.96
2023-04-18,29.4
2023-04-17,28.52
2023-04-14,26.76
2023-04-13,25.64
2023-04-12,26.6
2023-04-11,28.24
2023-04-10,27.4
2023-04-06,25.64
2023-04-05,27.16
2023-04-04,26.44
2023-04-03,26.84
2023-03-31,27.76
2023-03-30,26.72
2023-03-29,27.6
2023-03-28,27.32
2023-03-27,28.28
2023-03-24,29.32
2023-03-23,28.72
2023-03-22,29.52
2023-03-21,30.92
2023-03-20,29.84
2023-03-17,31.2
2023-03-16,33.36
2023-03-15,32.4
2023-03-14,34.28
2023-03-13,34.6
2023-03-10,32.16
2023-03-09,32.96
2023-03-08,34.32
2023-03-07,35.08
2023-03-06,34.6
2023-03-03,39.52
2023-03-02,36.68
2023-03-01,37.2
2023-02-28,36.48
2023-02-27,35.84
2023-02-24,33.96
2023-02-23,32.28
2023-02-22,30.32
2023-02-21,28.84
2023-02-17,31.04
2023-02-16,33.04
2023-02-15,33.68
2023-02-14,35.4
2023-02-13,33.32
2023-02-10,35.16
2023-02-09,33.4
2023-02-08,32.92
2023-02-07,35.48
2023-02-06,34.0
2023-02-03,32.76
2023-02-02,33.52
2023-02-01,34.0
2023-01-31,37.28
2023-01-30,36.48
2023-01-27,39.24
2023-01-26,38.48
2023-01-25,39.24
2023-01-24,41.96
2023-01-23,44.04
2023-01-20,41.04
2023-01-19,42.04
2023-01-18,42.48
2023-01-17,46.2
2023-01-13,44.12
2023-01-12,47.04
2023-01-11,46.88
2023-01-10,45.72
2023-01-09,49.72
2023-01-06,47.56
2023-01-05,47.84
2023-01-04,52.92
2023-01-03,51.12
2022-12-30,56.4
2022-12-29,58.16
2022-12-28,60.2
2022-12-27,64.48
2022-12-23,63.64
2022-12-22,63.24
2022-12-21,67.4
2022-12-20,66.44
2022-12-19,72.0
2022-12-16,80.4
2022-12-15,83.68
2022-12-14,77.88
2022-12-13,85.08
2022-12-12,79.64
2022-12-09,77.04
2022-12-08,73.0
2022-12-07,70.96
2022-12-06,65.56
2022-12-05,68.4
2022-12-02,76.32
2022-12-01,83.48
2022-11-30,84.88
2022-11-29,88.56
2022-11-28,89.44
2022-11-25,90.8
2022-11-23,94.04
2022-11-22,91.4
2022-11-21,87.16
2022-11-18,82.24
2022-11-17,82.4
2022-11-16,80.36
2022-11-15,79.08
2022-11-14,78.08
2022-11-11,76.64
2022-11-10,79.52
2022-11-09,76.64
2022-11-08,80.8
2022-11-07,86.8
2022-11-04,83.28
2022-11-03,76.4
2022-11-02,79.64
2022-11-01,75.36
2022-10-31,81.52
2022-10-28,74.76
2022-10-27,75.64
2022-10-26,79.32
2022-10-25,80.0
2022-10-24,74.32
2022-10-21,71.28
2022-10-20,75.32
2022-10-19,76.28
2022-10-18,80.16
2022-10-17,83.36
2022-10-14,89.44
2022-10-13,92.16
2022-10-12,88.44
2022-10-11,90.48
2022-10-10,89.8
2022-10-07,91.76
2022-10-06,95.36
2022-10-05,95.76
2022-10-04,93.96
2022-10-03,89.84
2022-09-30,93.52
2022-09-29,94.8
2022-09-28,96.36
2022-09-27,93.64
2022-09-26,96.84
2022-09-23,96.28
2022-09-22,100.6
2022-09-21,107.88
2022-09-20,106.68
2022-09-19,109.4
2022-09-16,107.8
2022-09-15,114.64
2022-09-14,125.8
2022-09-13,116.52
2022-09-12,116.04
2022-09-09,111.56
2022-09-08,110.12
2022-09-07,108.04
2022-09-06,111.2
2022-09-02,122.84
2022-09-01,126.96
2022-08-31,126.6
2022-08-30,125.6
2022-08-29,127.76
2022-08-26,127.96
2022-08-25,129.2
2022-08-24,127.44
2022-08-23,128.04
2022-08-22,135.16
2022-08-19,128.2
2022-08-18,127.04
2022-08-17,127.52
2022-08-16,129.08
2022-08-15,122.24
2022-08-12,121.04
2022-08-11,120.44
2022-08-10,113.56
2022-08-09,107.84
2022-08-08,105.12
2022-08-05,110.28
2022-08-04,112.68
2022-08-03,114.12
2022-08-02,105.64
2022-08-01,114.0
2022-07-29,114.48
2022-07-28,113.36
2022-07-27,118.96
2022-07-26,120.48
2022-07-25,118.84
2022-07-22,113.2
2022-07-21,108.08
2022-07-20,107.12
2022-07-19,99.72
2022-07-18,101.36
2022-07-15,96.96
2022-07-14,90.8
2022-07-13,89.72
2022-07-12,84.84
2022-07-11,88.12
2022-07-08,82.28
2022-07-07,84.56
2022-07-06,75.4
2022-07-05,74.64
2022-07-01,77.24
2022-06-30,76.04
2022-06-29,87.48
2022-06-28,90.6
2022-06-27,88.44
2022-06-24,85.16
2022-06-23,85.36
2022-06-22,92.84
2022-06-21,92.8
2022-06-17,94.72
2022-06-16,101.08
2022-06-15,101.8
2022-06-14,98.88
2022-06-13,117.64
2022-06-10,118.88
2022-06-09,121.48
2022-06-08,117.64
2022-06-07,126.88
2022-06-06,126.92
2022-06-03,115.84
2022-06-02,115.16
2022-06-01,119.16
2022-05-31,111.64
2022-05-27,118.32
2022-05-26,118.92
2022-05-25,122.12
2022-05-24,120.48
2022-05-23,120.28
2022-05-20,110.92
2022-05-19,111.92
2022-05-18,113.96
2022-05-17,113.76
2022-05-16,109.6
2022-05-13,105.08
2022-05-12,105.92
2022-05-11,105.52
2022-05-10,99.16
2022-05-09,97.24
2022-05-06,110.72
2022-05-05,120.4
2022-05-04,116.04
2022-05-03,107.16
2022-05-02,104.0
2022-04-29,100.0
2022-04-28,95.4
2022-04-27,100.76
2022-04-26,95.28
2022-04-25,96.88
2022-04-22,90.8
2022-04-21,96.8
2022-04-20,96.0
2022-04-19,99.96
2022-04-18,108.52
2022-04-14,102.4
2022-04-13,98.48
2022-04-12,93.6
2022-04-11,93.2
2022-04-08,88.36
2022-04-07,89.48
2022-04-06,84.92
2022-04-05,84.24
2022-04-04,80.2
2022-04-01,79.68
2022-03-31,78.88
2022-03-30,77.52
2022-03-29,74.4
2022-03-28,76.88
2022-03-25,77.96
2022-03-24,75.88
2022-03-23,72.12
2022-03-22,72.36
2022-03-21,69.76
2022-03-18,68.88
2022-03-17,69.48
2022-03-16,66.76
2022-03-15,64.84
2022-03-14,65.88
2022-03-11,67.16
2022-03-10,65.28
2022-03-09,63.64
2022-03-08,64.28
2022-03-07,67.8
2022-03-04,69.36
2022-03-03,66.56
2022-03-02,68.08
2022-03-01,64.44
2022-02-28,61.84
2022-02-25,63.28
2022-02-24,65.16
2022-02-23,64.48
2022-02-22,62.68
2022-02-18,61.64
2022-02-17,62.68
2022-02-16,63.28
2022-02-15,60.48
2022-02-14,58.2
2022-02-11,55.8
2022-02-10,55.56
2022-02-09,56.2
2022-02-08,58.88
2022-02-07,59.96
2022-02-04,63.36
2022-02-03,68.96
2022-02-02,75.92
2022-02-01,68.4
2022-01-31,68.04
2022-01-28,65.08
2022-01-27,60.8
2022-01-26,55.92
2022-01-25,54.28
2022-01-24,53.28
2022-01-21,52.4
2022-01-20,51.32
2022-01-19,53.8
2022-01-18,57.32
2022-01-14,56.68
2022-01-13,56.8
2022-01-12,63.88
2022-01-11,56.28
2022-01-10,54.96
2022-01-07,52.08
2022-01-06,51.2
2022-01-05,51.2
2022-01-04,49.76
2022-01-03,51.08
2021-12-31,49.96
2021-12-30,47.68
2021-12-29,50.96
2021-12-28,51.76
2021-12-27,52.16
2021-12-23,48.4
2021-12-22,50.88
2021-12-21,50.04
2021-12-20,50.04
2021-12-17,48.16
2021-12-16,49.36
2021-12-15,49.8
2021-12-14,49.8
2021-12-13,50.2
2021-12-10,50.84
2021-12-09,49.52
2021-12-08,50.0
2021-12-07,48.88
2021-12-06,48.2
2021-12-03,53.32
2021-12-02,53.84
2021-12-01,55.64
2021-11-30,60.32
2021-11-29,63.52
2021-11-26,69.76
2021-11-24,66.8
2021-11-23,66.92
2021-11-22,63.76
2021-11-19,66.92
2021-11-18,65.48
2021-11-17,65.2
2021-11-16,68.72
2021-11-15,67.16
2021-11-12,64.28
2021-11-11,68.48
2021-11-10,65.52
2021-11-09,66.24
2021-11-08,72.28
2021-11-05,75.04
2021-11-04,76.12
2021-11-03,77.76
2021-11-02,73.68
2021-11-01,69.56
2021-10-29,73.84
2021-10-28,77.12
2021-10-27,81.8
2021-10-26,79.76
2021-10-25,81.6
2021-10-22,73.52
2021-10-21,72.64
2021-10-20,72.68
2021-10-19,71.12
2021-10-18,69.8
2021-10-15,75.36
2021-10-14,78.44
2021-10-13,78.24
2021-10-12,75.44
2021-10-11,74.64
2021-10-08,77.52
2021-10-07,79.6
2021-10-06,79.0
2021-10-05,87.12
2021-10-04,81.56
2021-10-01,77.12
2021-09-30,80.64
2021-09-29,75.36
2021-09-28,80.56
2021-09-27,81.24
2021-09-24,72.32
2021-09-23,70.52
2021-09-22,66.6
2021-09-21,67.48
2021-09-20,69.0
2021-09-17,70.6
2021-09-16,73.88
2021-09-15,76.28
2021-09-14,73.88
2021-09-13,72.4
2021-09-10,69.4
2021-09-09,69.96
2021-09-08,68.72
2021-09-07,63.88
2021-09-03,65.68
2021-09-02,64.76
2021-09-01,64.4
2021-08-31,61.28
2021-08-30,60.36
2021-08-27,61.36
2021-08-26,58.8
2021-08-25,55.0
2021-08-24,54.68
2021-08-23,55.28
2021-08-20,53.92
2021-08-19,54.08
2021-08-18,53.56
2021-08-17,53.72
2021-08-16,55.4
2021-08-13,54.0
2021-08-12,54.84
2021-08-11,56.88
2021-08-10,57.56
2021-08-09,56.6
2021-08-06,57.92
2021-08-05,58.36
2021-08-04,58.28
2021-08-03,57.0
2021-08-02,55.44
2021-07-30,55.04
2021-07-29,56.76
2021-07-28,55.4
2021-07-27,54.96
2021-07-26,56.96
2021-07-23,56.28
2021-07-22,55.8
2021-07-21,54.68
2021-07-20,54.36
2021-07-19,52.6
2021-07-16,51.32
2021-07-15,50.6
2021-07-14,51.2
2021-07-13,51.64
2021-07-12,52.4
2021-07-09,51.56
2021-07-08,51.44
2021-07-07,50.16
2021-07-06,51.44
2021-07-02,51.64
2021-07-01,51.16
2021-06-30,52.32
2021-06-29,51.2
2021-06-28,50.28
2021-06-25,49.28
2021-06-24,48.04
2021-06-23,46.56
2021-06-22,45.88
2021-06-21,45.04
2021-06-18,45.24
2021-06-17,45.68
2021-06-16,45.72
2021-06-15,45.2
2021-06-14,47.24
2021-06-11,46.16
2021-06-10,44.36
2021-06-09,44.36
2021-06-08,44.0
2021-06-07,43.28
2021-06-04,43.56
2021-06-03,43.04
2021-06-02,43.16
2021-06-01,43.68
2021-05-28,42.08
2021-05-27,41.64
2021-05-26,42.48
2021-05-25,42.16
2021-05-24,41.68
2021-05-21,41.84
2021-05-20,42.36
2021-05-19,42.68
2021-05-18,43.24
2021-05-17,44.64
2021-05-14,42.56
2021-05-13,42.6
2021-05-12,42.72
2021-05-11,42.36
2021-05-10,42.0
2021-05-07,42.36
2021-05-06,42.12
2021-05-05,42.24
2021-05-04,42.64
2021-05-03,42.52
2021-04-30,42.04
2021-04-29,41.68
2021-04-28,42.32
2021-04-27,42.08
2021-04-26,41.24
2021-04-23,40.24
2021-04-22,40.6
2021-04-21,39.8
2021-04-20,40.16
2021-04-19,40.36
2021-04-16,39.52
2021-04-15,39.2
2021-04-14,38.52
2021-04-13,38.6
2021-04-12,37.68
2021-04-09,37.12
2021-04-08,37.12
2021-04-07,37.0
2021-04-06,36.24
2021-04-05,37.0
2021-04-01,38.8
2021-03-31,38.32
2021-03-30,38.64
2021-03-29,38.92
2021-03-26,38.64
2021-03-25,38.56
2021-03-24,37.8
2021-03-23,37.68
2021-03-22,38.48
2021-03-19,37.96
2021-03-18,37.16
2021-03-17,37.72
2021-03-16,38.2
2021-03-15,37.4
2021-03-12,38.76
2021-03-11,39.88
2021-03-10,40.12
2021-03-09,39.88
2021-03-08,39.76
2021-03-05,40.32
2021-03-04,41.04
2021-03-03,42.0
2021-03-02,42.56
2021-03-01,41.48
2021-02-26,41.28
2021-02-25,41.24
2021-02-24,41.92
2021-02-23,42.76
2021-02-22,43.72
2021-02-19,44.64
2021-02-18,43.96
2021-02-17,45.2
2021-02-16,44.4
2021-02-12,42.68
2021-02-11,41.76
2021-02-10,43.4
2021-02-09,41.24
2021-02-08,42.36
2021-02-05,42.12
2021-02-04,43.36
2021-02-03,40.56
2021-02-02,41.56
2021-02-01,41.28
2021-01-29,37.64
2021-01-28,39.32
2021-01-27,39.28
2021-01-26,38.68
2021-01-25,38.16
2021-01-22,36.04
2021-01-21,36.76
2021-01-20,37.12
2021-01-19,37.04
2021-01-15,39.84
2021-01-14,38.72
2021-01-13,39.76
2021-01-12,39.68
2021-01-11,40.4
2021-01-08,39.0
2021-01-07,38.8
2021-01-06,39.32
2021-01-05,39.12
2021-01-04,37.8
2020-12-31,36.8
2020-12-30,35.16
2020-12-29,35.4
2020-12-28,33.92
2020-12-24,36.88
2020-12-23,37.52
2020-12-22,39.6
2020-12-21,38.96
2020-12-18,39.0
2020-12-17,38.48
2020-12-16,38.8
2020-12-15,38.56
2020-12-14,38.48
2020-12-11,37.52
2020-12-10,37.24
2020-12-09,35.16
2020-12-08,35.36
2020-12-07,35.12
2020-12-04,37.12
2020-12-03,36.36
2020-12-02,39.84
2020-12-01,41.72
2020-11-30,42.4
2020-11-27,41.08
2020-11-25,42.76
2020-11-24,41.88
2020-11-23,40.84
2020-11-20,40.2
2020-11-19,39.6
2020-11-18,41.12
2020-11-17,41.2
2020-11-16,41.24
2020-11-13,45.28
2020-11-12,44.88
2020-11-11,46.08
2020-11-10,44.84
2020-11-09,43.28
2020-11-06,43.92
2020-11-05,44.52
2020-11-04,46.32
2020-11-03,46.44
2020-11-02,49.0
2020-10-30,50.96
2020-10-29,50.2
2020-10-28,49.84
2020-10-27,50.12
2020-10-26,49.2
2020-10-23,48.4
2020-10-22,49.56
2020-10-21,50.56
2020-10-20,49.52
2020-10-19,49.96
2020-10-16,49.12
2020-10-15,49.56
2020-10-14,47.16
2020-10-13,50.48
2020-10-12,51.04
2020-10-09,49.52
2020-10-08,47.44
2020-10-07,46.8
2020-10-06,45.36
2020-10-05,47.48
2020-10-02,44.28
2020-10-01,44.92
2020-09-30,45.64
2020-09-29,45.16
2020-09-28,49.92
2020-09-25,50.56
2020-09-24,51.52
2020-09-23,50.36
2020-09-22,46.68
2020-09-21,48.72
2020-09-18,47.44
2020-09-17,45.96
2020-09-16,48.56
2020-09-15,50.28
2020-09-14,49.6
2020-09-11,48.32
2020-09-10,49.6
2020-09-09,51.16
2020-09-08,51.12
2020-09-04,55.52
2020-09-03,53.36
2020-09-02,53.84
2020-09-01,54.0
2020-08-31,56.56
2020-08-28,57.28
2020-08-27,57.92
2020-08-26,54.32
2020-08-25,55.48
2020-08-24,56.12
2020-08-21,55.04
2020-08-20,53.72
2020-08-19,55.2
2020-08-18,54.84
2020-08-17,53.24
2020-08-14,53.28
2020-08-13,50.0
2020-08-12,48.92
2020-08-11,48.88
2020-08-10,49.24
2020-08-07,51.24
2020-08-06,48.92
2020-08-05,50.36
2020-08-04,49.76
2020-08-03,48.0
2020-07-31,41.04
2020-07-30,41.68
2020-07-29,43.44
2020-07-28,42.4
2020-07-27,40.64
2020-07-24,42.44
2020-07-23,41.76
2020-07-22,39.36
2020-07-21,38.84
2020-07-20,38.44
2020-07-17,40.04
2020-07-16,40.4
2020-07-15,41.76
2020-07-14,40.96
2020-07-13,40.48
2020-07-10,42.4
2020-07-09,41.56
2020-07-08,42.92
2020-07-07,43.8
2020-07-06,42.84
2020-07-02,40.32
2020-07-01,39.56
2020-06-30,41.04
2020-06-29,39.76
2020-06-26,36.2
2020-06-25,35.96
2020-06-24,38.88
2020-06-23,39.6
2020-06-22,40.56
2020-06-19,41.0
2020-06-18,40.52
2020-06-17,40.48
2020-06-16,40.0
2020-06-15,41.48
2020-06-12,43.0
2020-06-11,44.76
2020-06-10,44.2
2020-06-09,43.6
2020-06-08,44.6
2020-06-05,44.48
2020-06-04,45.04
2020-06-03,44.64
2020-06-02,43.8
2020-06-01,43.96
2020-05-29,45.28
2020-05-28,45.08
2020-05-27,46.4
2020-05-26,47.76
2020-05-22,46.56
2020-05-21,46.16
2020-05-20,47.16
2020-05-19,49.0
2020-05-18,48.4
2020-05-15,45.16
2020-05-14,45.76
2020-05-13,45.32
2020-05-12,47.2
2020-05-11,51.16
2020-05-08,50.56
2020-05-07,52.64
2020-05-06,53.96
2020-05-05,57.96
2020-05-04,55.12
2020-05-01,52.04
2020-04-30,53.64
2020-04-29,52.0
2020-04-28,53.84
2020-04-27,53.04
2020-04-24,51.92
2020-04-23,53.88
2020-04-22,56.64
2020-04-21,54.64
2020-04-20,57.04
2020-04-17,52.8
2020-04-16,51.08
2020-04-15,48.16
2020-04-14,49.8
2020-04-13,52.44
2020-04-09,52.52
2020-04-08,54.2
2020-04-07,57.24
2020-04-06,52.96
2020-04-03,49.88
2020-04-02,47.0
2020-04-01,48.04
2020-03-31,50.2
2020-03-30,51.28
2020-03-27,50.68
2020-03-26,51.2
2020-03-25,52.16
2020-03-24,52.84
2020-03-23,50.6
2020-03-20,50.12
2020-03-19,52.28
2020-03-18,50.96
2020-03-17,53.48
2020-03-16,55.68
2020-03-13,59.0
2020-03-12,56.8
2020-03-11,58.16
2020-03-10,59.88
2020-03-09,56.4
2020-03-06,53.28
2020-03-05,54.6
2020-03-04,56.76
2020-03-03,55.72
2020-03-02,54.32
2020-02-28,52.4
2020-02-27,53.88
2020-02-26,56.36
2020-02-25,57.12
2020-02-24,57.44
2020-02-21,59.2
2020-02-20,59.64
2020-02-19,61.12
2020-02-18,60.4
2020-02-14,57.36
2020-02-13,57.28
2020-02-12,57.68
2020-02-11,56.12
2020-02-10,55.36
2020-02-07,57.8
2020-02-06,58.24
2020-02-05,58.52
2020-02-04,58.6
2020-02-03,56.84
2020-01-31,57.48
2020-01-30,57.24
2020-01-29,58.64
2020-01-28,59.6
2020-01-27,58.56
2020-01-24,58.44
2020-01-23,59.76
2020-01-22,59.64
2020-01-21,59.48
2020-01-17,62.16
2020-01-16,64.32
2020-01-15,65.72
2020-01-14,67.4
2020-01-13,67.76
2020-01-10,68.16
2020-01-09,66.68
2020-01-08,66.52
2020-01-07,66.48
2020-01-06,66.36
2020-01-03,65.56
2020-01-02,65.88
2019-12-31,67.44
2019-12-30,67.6
2019-12-27,69.36
2019-12-26,69.96
2019-12-24,68.08
2019-12-23,68.68
2019-12-20,71.36
2019-12-19,70.4
2019-12-18,70.12
2019-12-17,71.16
2019-12-16,72.12
2019-12-13,70.72
2019-12-12,71.68
2019-12-11,68.88
2019-12-10,69.48
2019-12-09,69.2
2019-12-06,72.12
2019-12-05,74.08
2019-12-04,74.04
2019-12-03,74.72
2019-12-02,71.84
2019-11-29,71.32
2019-11-27,76.8
2019-11-26,77.76
2019-11-25,79.32
2019-11-22,82.92
2019-11-21,80.72
2019-11-20,80.24
2019-11-19,79.0
2019-11-18,80.4
2019-11-15,84.12
2019-11-14,83.32
2019-11-13,84.24
2019-11-12,82.92
2019-11-11,83.32
2019-11-08,88.2
2019-11-07,88.2
2019-11-06,89.4
2019-11-05,90.76
2019-11-04,89.08
2019-11-01,85.4
2019-10-31,83.24
2019-10-30,85.0
2019-10-29,82.96
2019-10-28,81.04
2019-10-25,77.92
2019-10-24,78.0
2019-10-23,76.92
2019-10-22,77.48
2019-10-21,77.64
2019-10-18,80.28
2019-10-17,79.44
2019-10-16,78.56
2019-10-15,80.12
2019-10-14,78.28
2019-10-11,76.12
2019-10-10,75.52
2019-10-09,76.68
2019-10-08,78.48
2019-10-07,78.92
2019-10-04,80.4
2019-10-03,80.0
2019-10-02,77.44
2019-10-01,78.6
2019-09-30,79.72
2019-09-27,82.16
2019-09-26,83.8
2019-09-25,86.2
2019-09-24,86.36
2019-09-23,87.64
2019-09-20,87.64
2019-09-19,88.28
2019-09-18,91.04
2019-09-17,92.12
2019-09-16,93.08
2019-09-13,90.92
2019-09-12,89.2
2019-09-11,88.4
2019-09-10,89.6
2019-09-09,89.92
2019-09-06,86.32
2019-09-05,84.56
2019-09-04,84.44
2019-09-03,81.24
2019-08-30,79.08
2019-08-29,79.32
2019-08-28,77.4
2019-08-27,76.24
2019-08-26,77.24
2019-08-23,74.8
2019-08-22,74.88
2019-08-21,75.6
2019-08-20,76.96
2019-08-19,76.4
2019-08-16,76.4
2019-08-15,77.12
2019-08-14,74.88
2019-08-13,74.76
2019-08-12,73.36
2019-08-09,73.76
2019-08-08,73.72
2019-08-07,72.52
2019-08-06,73.16
2019-08-05,72.4
2019-08-02,74.4
2019-08-01,75.4
2019-07-31,77.76
2019-07-30,74.16
2019-07-29,73.6
2019-07-26,75.12
2019-07-25,77.04
2019-07-24,76.8
2019-07-23,78.84
2019-07-22,79.56
2019-07-19,77.64
2019-07-18,78.72
2019-07-17,79.48
2019-07-16,79.88
2019-07-15,82.72
2019-07-12,84.36
2019-07-11,82.68
2019-07-10,84.16
2019-07-09,83.12
2019-07-08,82.52
2019-07-05,82.72
2019-07-03,78.32
2019-07-02,77.04
2019-07-01,77.8
2019-06-28,79.56
2019-06-27,79.68
2019-06-26,78.12
2019-06-25,77.88
2019-06-24,78.36
2019-06-21,74.76
2019-06-20,75.2
2019-06-19,78.0
2019-06-18,79.52
2019-06-17,81.2
2019-06-14,81.76
2019-06-13,79.84
2019-06-12,81.4
2019-06-11,82.08
2019-06-10,80.8
2019-06-07,80.2
2019-06-06,80.04
2019-06-05,81.44
2019-06-04,82.96
2019-06-03,82.36
2019-05-31,84.2
2019-05-30,87.68
2019-05-29,89.76
2019-05-28,88.48
2019-05-24,89.28
2019-05-23,88.72
2019-05-22,87.92
2019-05-21,90.68
2019-05-20,92.2
2019-05-17,91.0
2019-05-16,91.44
2019-05-15,90.24
2019-05-14,91.84
2019-05-13,90.84
2019-05-10,90.84
2019-05-09,89.68
2019-05-08,90.24
2019-05-07,88.0
2019-05-06,87.64
2019-05-03,88.76
2019-05-02,89.56
2019-05-01,90.48
2019-04-30,89.32
2019-04-29,89.88
2019-04-26,89.52
2019-04-25,87.84
2019-04-24,86.56
2019-04-23,86.6
2019-04-22,88.6
2019-04-18,87.76
2019-04-17,88.36
2019-04-16,90.64
2019-04-15,91.2
2019-04-12,93.4
2019-04-11,94.12
2019-04-10,94.96
2019-04-09,95.32
2019-04-08,95.4
2019-04-05,94.0
2019-04-04,93.0
2019-04-03,94.0
2019-04-02,94.68
2019-04-01,95.12
2019-03-29,93.92
2019-03-28,95.64
2019-03-27,95.88
2019-03-26,96.72
2019-03-25,97.56
2019-03-22,97.64
2019-03-21,99.44
2019-03-20,99.88
2019-03-19,100.64
2019-03-18,100.24
2019-03-15,98.56
2019-03-14,100.32
2019-03-13,99.52
2019-03-12,98.56
2019-03-11,97.92
2019-03-08,100.92
2019-03-07,101.08
2019-03-06,100.4
2019-03-05,101.72
2019-03-04,100.56
2019-03-01,100.32
2019-02-28,98.92
2019-02-27,98.92
2019-02-26,97.8
2019-02-25,99.08
2019-02-22,96.08
2019-02-21,96.04
2019-02-20,94.32
2019-02-19,94.84
2019-02-15,93.56
2019-02-14,91.96
2019-02-13,92.68
2019-02-12,95.24
2019-02-11,94.44
2019-02-08,93.08
2019-02-07,91.8
2019-02-06,95.48
2019-02-05,95.84
2019-02-04,95.16
2019-02-01,97.72
2019-01-31,101.12
2019-01-30,102.24
2019-01-29,103.4
2019-01-28,102.92
2019-01-25,109.6
2019-01-24,107.84
2019-01-23,105.24
2019-01-22,106.6
2019-01-18,113.64
2019-01-17,113.08
2019-01-16,112.88
2019-01-15,114.88
2019-01-14,119.0
2019-01-11,104.36
2019-01-10,99.0
2019-01-09,99.56
2019-01-08,98.96
2019-01-07,97.52
2019-01-04,100.36
2019-01-03,96.84
2019-01-02,97.96
2018-12-31,98.84
2018-12-28,109.6
2018-12-27,115.44
2018-12-26,112.92
2018-12-24,117.24
2018-12-21,121.0
2018-12-20,120.4
2018-12-19,120.56
2018-12-18,122.96
2018-12-17,114.84
2018-12-14,123.0
2018-12-13,133.76
2018-12-12,132.96
2018-12-11,141.32
2018-12-10,145.96
2018-12-07,146.08
2018-12-06,141.4
2018-12-04,145.28
2018-12-03,140.56
2018-11-30,149.28
2018-11-29,148.36
2018-11-28,150.96
2018-11-27,136.56
2018-11-26,138.24
2018-11-23,145.52
2018-11-21,145.2
2018-11-20,146.72
2018-11-19,148.8
2018-11-16,141.72
2018-11-15,127.2
2018-11-14,157.28
2018-11-13,132.28
2018-11-12,126.24
2018-11-09,120.96
2018-11-08,115.76
2018-11-07,114.72
2018-11-06,115.04
2018-11-05,115.72
2018-11-02,107.0
2018-11-01,105.6
2018-10-31,106.8
2018-10-30,104.24
2018-10-29,103.68
2018-10-26,105.44
2018-10-25,105.08
2018-10-24,105.52
2018-10-23,106.64
2018-10-22,104.2
2018-10-19,107.24
2018-10-18,106.48
2018-10-17,109.88
2018-10-16,107.2
2018-10-15,107.52
2018-10-12,104.24
2018-10-11,106.52
2018-10-10,107.92
2018-10-09,108.44
2018-10-08,108.28
2018-10-05,104.24
2018-10-04,105.28
2018-10-03,107.4
2018-10-02,104.44
2018-10-01,102.84
2018-09-28,99.32
2018-09-27,100.96
2018-09-26,98.52
2018-09-25,100.8
2018-09-24,100.32
2018-09-21,98.36
2018-09-20,97.48
2018-09-19,95.08
2018-09-18,95.36
2018-09-17,91.84
2018-09-14,90.76
2018-09-13,92.24
2018-09-12,92.84
2018-09-11,92.84
2018-09-10,92.08
2018-09-07,91.2
2018-09-06,91.24
2018-09-05,91.72
2018-09-04,92.44
2018-08-31,95.8
2018-08-30,94.6
2018-08-29,94.2
2018-08-28,93.4
2018-08-27,94.08
2018-08-24,95.52
2018-08-23,96.92
2018-08-22,96.72
2018-08-21,97.52
2018-08-20,96.6
2018-08-17,96.72
2018-08-16,95.44
2018-08-15,96.56
2018-08-14,96.88
2018-08-13,96.16
2018-08-10,96.52
2018-08-09,96.84
2018-08-08,96.52
2018-08-07,94.96
2018-08-06,93.72
2018-08-03,93.36
2018-08-02,92.32
2018-08-01,90.64
2018-07-31,91.24
2018-07-30,91.84
2018-07-27,91.24
2018-07-26,90.48
2018-07-25,90.4
2018-07-24,89.28
2018-07-23,88.36
2018-07-20,89.52
2018-07-19,89.76
2018-07-18,88.6
2018-07-17,88.8
2018-07-16,89.64
2018-07-13,89.64
2018-07-12,90.84
2018-07-11,91.6
2018-07-10,90.32
2018-07-09,91.84
2018-07-06,92.64
2018-07-05,91.84
2018-07-03,93.76
2018-07-02,92.92
2018-06-29,94.8
2018-06-28,95.72
2018-06-27,96.8
2018-06-26,95.32
2018-06-25,94.96
2018-06-22,95.48
2018-06-21,96.4
2018-06-20,96.12
2018-06-19,94.6
2018-06-18,96.0
2018-06-15,98.08
2018-06-14,96.08
2018-06-13,95.8
2018-06-12,95.16
2018-06-11,95.32
2018-06-08,93.96
2018-06-07,94.84
2018-06-06,93.8
2018-06-05,93.48
2018-06-04,94.68
2018-06-01,96.12
2018-05-31,95.56
2018-05-30,93.48
2018-05-29,93.88
2018-05-25,95.88
2018-05-24,96.08
2018-05-23,95.68
2018-05-22,94.88
2018-05-21,92.52
2018-05-18,92.76
2018-05-17,93.04
2018-05-16,91.8
2018-05-15,92.52
2018-05-14,92.52
2018-05-11,91.8
2018-05-10,91.52
2018-05-09,89.2
2018-05-08,89.32
2018-05-07,89.2
2018-05-04,88.6
2018-05-03,89.24
2018-05-02,89.92
2018-05-01,91.32
2018-04-30,90.24
2018-04-27,90.4
2018-04-26,92.2
2018-04-25,91.72
2018-04-24,91.64
2018-04-23,90.48
2018-04-20,90.24
2018-04-19,88.36
2018-04-18,90.44
2018-04-17,90.4
2018-04-16,90.76
2018-04-13,90.28
2018-04-12,88.76
2018-04-11,88.08
2018-04-10,87.76
2018-04-09,89.0
2018-04-06,88.96
2018-04-05,88.36
2018-04-04,89.32
2018-04-03,88.92
2018-04-02,88.16
2018-03-29,90.2
2018-03-28,89.2
2018-03-27,89.44
2018-03-26,88.12
2018-03-23,86.72
2018-03-22,87.52
2018-03-21,88.24
2018-03-20,89.16
2018-03-19,88.52
2018-03-16,89.92
2018-03-15,89.6
2018-03-14,91.28
2018-03-13,92.96
2018-03-12,92.84
2018-03-09,90.96
2018-03-08,91.68
2018-03-07,92.88
2018-03-06,91.8
2018-03-05,90.12
2018-03-02,90.32
2018-03-01,89.8
2018-02-28,89.04
2018-02-27,89.56
2018-02-26,89.56
2018-02-23,88.88
2018-02-22,88.56
2018-02-21,89.2
2018-02-20,88.72
2018-02-16,86.76
2018-02-15,87.48
2018-02-14,87.96
2018-02-13,88.0
2018-02-12,86.68
2018-02-09,88.12
2018-02-08,90.96
2018-02-07,91.2
2018-02-06,93.2
2018-02-05,92.96
2018-02-02,96.8
2018-02-01,97.4
2018-01-31,100.32
2018-01-30,107.08
2018-01-29,107.36
2018-01-26,107.08
2018-01-25,104.68
2018-01-24,102.88
2018-01-23,103.76
2018-01-22,99.4
2018-01-19,99.44
2018-01-18,100.76
2018-01-17,102.4
2018-01-16,98.4
2018-01-12,101.12
2018-01-11,97.6
2018-01-10,91.96
2018-01-09,93.2
2018-01-08,89.2
2018-01-05,88.32
2018-01-04,90.72
2018-01-03,94.56
2018-01-02,96.16
2017-12-29,93.28
2017-12-28,92.16
2017-12-27,86.24
2017-12-26,83.52
2017-12-22,84.0
2017-12-21,82.24
2017-12-20,83.68
2017-12-19,85.76
2017-12-18,86.72
2017-12-15,83.52
2017-12-14,85.44
2017-12-13,85.76
2017-12-12,85.76
2017-12-11,88.96
2017-12-08,88.48
2017-12-07,88.0
2017-12-06,92.48
2017-12-05,92.8
2017-12-04,94.72
2017-12-01,97.6
2017-11-30,96.8
2017-11-29,100.96
2017-11-28,99.68
2017-11-27,96.48
2017-11-24,93.44
2017-11-22,97.6
2017-11-21,99.2
2017-11-20,99.84
2017-11-17,102.4
2017-11-16,100.96
2017-11-15,101.28
2017-11-14,101.28
2017-11-13,103.36
2017-11-10,105.76
2017-11-09,105.44
2017-11-08,103.52
2017-11-07,103.52
2017-11-06,102.08
2017-11-03,97.92
2017-11-02,96.48
2017-11-01,95.52
2017-10-31,95.68
2017-10-30,98.08
2017-10-27,97.76
2017-10-26,100.16
2017-10-25,101.6
2017-10-24,103.52
2017-10-23,103.04
2017-10-20,101.92
2017-10-19,101.76
2017-10-18,101.44
2017-10-17,102.24
2017-10-16,103.04
2017-10-13,104.16
2017-10-12,104.0
2017-10-11,100.96
2017-10-10,100.32
2017-10-09,98.72
2017-10-06,100.0
2017-10-05,101.12
2017-10-04,102.24
2017-10-03,100.96
2017-10-02,102.08
2017-09-29,105.12
2017-09-28,105.28
2017-09-27,106.56
2017-09-26,104.48
2017-09-25,104.16
2017-09-22,104.96
2017-09-21,105.28
2017-09-20,109.6
2017-09-19,110.56
2017-09-18,111.36
2017-09-15,107.68
2017-09-14,109.12
2017-09-13,108.32
2017-09-12,106.56
2017-09-11,104.64
2017-09-08,103.04
2017-09-07,105.92
2017-09-06,106.72
2017-09-05,105.44
2017-09-01,108.64
2017-08-31,107.36
2017-08-30,104.32
2017-08-29,105.6
2017-08-28,105.12
2017-08-25,103.84
2017-08-24,105.92
2017-08-23,105.12
2017-08-22,105.44
2017-08-21,106.24
2017-08-18,104.16
2017-08-17,104.8
2017-08-16,103.84
2017-08-15,105.28
2017-08-14,106.4
2017-08-11,107.04
2017-08-10,107.04
2017-08-09,103.36
2017-08-08,100.96
2017-08-07,100.8
2017-08-04,100.0
2017-08-03,100.48
2017-08-02,100.8
2017-08-01,101.28
2017-07-31,101.12
2017-07-28,105.76
2017-07-27,106.24
2017-07-26,104.8
2017-07-25,105.28
2017-07-24,103.52
2017-07-21,105.92
2017-07-20,108.64
2017-07-19,109.92
2017-07-18,109.92
2017-07-17,108.16
2017-07-14,106.56
2017-07-13,106.08
2017-07-12,107.2
2017-07-11,108.48
2017-07-10,104.32
2017-07-07,102.24
2017-07-06,103.2
2017-07-05,102.08
2017-07-03,106.56
2017-06-30,108.48
2017-06-29,109.12
2017-06-28,110.24
2017-06-27,109.44
2017-06-26,109.44
2017-06-23,105.6
2017-06-22,104.32
2017-06-21,104.32
2017-06-20,104.48
2017-06-19,104.48
2017-06-16,109.28
2017-06-15,109.76
2017-06-14,105.92
2017-06-13,106.88
2017-06-12,108.32
2017-06-09,109.76
2017-06-08,109.12
2017-06-07,108.64
2017-06-06,109.76
2017-06-05,107.68
2017-06-02,108.32
2017-06-01,109.92
2017-05-31,110.72
2017-05-30,113.76
2017-05-26,119.04
2017-05-25,118.4
2017-05-24,118.88
2017-05-23,119.84
2017-05-22,123.2
2017-05-19,120.8
2017-05-18,118.56
2017-05-17,118.88
2017-05-16,119.52
2017-05-15,124.16
2017-05-12,126.08
2017-05-11,124.32
2017-05-10,121.12
2017-05-09,119.04
2017-05-08,117.6
2017-05-05,120.64
2017-05-04,118.24
2017-05-03,118.88
2017-05-02,117.76
2017-05-01,119.52
2017-04-28,121.12
2017-04-27,119.68
2017-04-26,120.48
2017-04-25,117.28
2017-04-24,117.12
2017-04-21,118.4
2017-04-20,120.32
2017-04-19,120.96
2017-04-18,119.84
2017-04-17,120.48
2017-04-13,122.56
2017-04-12,120.64
2017-04-11,120.32
2017-04-10,122.88
2017-04-07,123.68
2017-04-06,125.12
2017-04-05,124.32
2017-04-04,124.64
2017-04-03,119.04
2017-03-31,121.12
2017-03-30,121.12
2017-03-29,122.24
2017-03-28,119.84
2017-03-27,118.88
2017-03-24,119.68
2017-03-23,118.88
2017-03-22,116.64
2017-03-21,119.36
2017-03-20,118.88
2017-03-17,113.92
2017-03-16,112.48
2017-03-15,115.04
2017-03-14,113.92
2017-03-13,116.48
2017-03-10,117.6
2017-03-09,115.04
2017-03-08,112.64
2017-03-07,109.6
2017-03-06,110.72
2017-03-03,109.44
2017-03-02,108.8
2017-03-01,108.32
2017-02-28,107.04
2017-02-27,104.48
2017-02-24,108.16
2017-02-23,106.4
2017-02-22,105.12
2017-02-21,104.8
2017-02-17,114.56
2017-02-16,114.72
2017-02-15,117.92
2017-02-14,117.44
2017-02-13,117.92
2017-02-10,121.6
2017-02-09,124.8
2017-02-08,125.6
2017-02-07,125.6
2017-02-06,122.08
2017-02-03,122.72
2017-02-02,127.2
2017-02-01,126.4
2017-01-31,125.76
2017-01-30,129.6
2017-01-27,135.04
2017-01-26,135.52
2017-01-25,134.24
2017-01-24,132.48
2017-01-23,131.04
2017-01-20,128.8
2017-01-19,132.48
2017-01-18,132.64
2017-01-17,135.2
2017-01-13,136.16
2017-01-12,134.4
2017-01-11,131.04
2017-01-10,130.24
2017-01-09,124.64
2017-01-06,130.72
2017-01-05,132.16
2017-01-04,130.24
2017-01-03,133.44
2016-12-30,149.44
2016-12-29,152.0
2016-12-28,154.08
2016-12-27,149.28
2016-12-23,146.88
2016-12-22,142.08
2016-12-21,144.0
2016-12-20,133.12
2016-12-19,137.12
2016-12-16,136.8
2016-12-15,138.24
2016-12-14,143.52
2016-12-13,139.52
2016-12-12,141.44
2016-12-09,150.72
2016-12-08,149.92
2016-12-07,144.16
2016-12-06,146.4
2016-12-05,144.64
2016-12-02,139.2
2016-12-01,141.76
2016-11-30,134.88
2016-11-29,134.08
2016-11-28,134.88
2016-11-25,129.28
2016-11-23,126.88
2016-11-22,123.36
2016-11-21,124.64
2016-11-18,120.32
2016-11-17,115.84
2016-11-16,118.24
2016-11-15,116.16
2016-11-14,117.92
2016-11-11,112.96
2016-11-10,114.24
2016-11-09,115.36
2016-11-08,112.16
2016-11-07,121.44
2016-11-04,119.52
2016-11-03,118.56
2016-11-02,119.84
2016-11-01,123.68
2016-10-31,129.28
2016-10-28,133.6
2016-10-27,131.36
2016-10-26,131.04
2016-10-25,135.04
2016-10-24,142.56
2016-10-21,143.84
2016-10-20,147.52
2016-10-19,147.84
2016-10-18,150.24
2016-10-17,149.6
2016-10-14,150.88
2016-10-13,152.96
2016-10-12,147.36
2016-10-11,147.84
2016-10-10,149.76
2016-10-07,146.08
2016-10-06,139.36
2016-10-05,138.88
2016-10-04,136.0
2016-10-03,133.44
2016-09-30,133.76
2016-09-29,136.16
2016-09-28,137.76
2016-09-27,139.68
2016-09-26,140.48
2016-09-23,139.04
2016-09-22,140.0
2016-09-21,143.84
2016-09-20,143.2
2016-09-19,137.92
2016-09-16,138.72
2016-09-15,137.12
2016-09-14,136.16
2016-09-13,136.48
2016-09-12,136.32
2016-09-09,131.36
2016-09-08,131.84
2016-09-07,126.24
2016-09-06,128.0
2016-09-02,131.2
2016-09-01,131.84
2016-08-31,135.2
2016-08-30,133.28
2016-08-29,136.16
2016-08-26,136.0
2016-08-25,135.36
2016-08-24,132.8
2016-08-23,131.04
2016-08-22,126.88
2016-08-19,122.88
2016-08-18,127.68
2016-08-17,125.12
2016-08-16,125.28
2016-08-15,123.68
2016-08-12,123.68
2016-08-11,121.6
2016-08-10,122.88
2016-08-09,125.28
2016-08-08,131.2
2016-08-05,131.84
2016-08-04,135.04
2016-08-03,135.84
2016-08-02,130.56
2016-08-01,132.48
2016-07-29,136.8
2016-07-28,136.48
2016-07-27,127.2
2016-07-26,127.36
2016-07-25,129.28
2016-07-22,130.88
2016-07-21,126.88
2016-07-20,125.28
2016-07-19,128.8
2016-07-18,128.8
2016-07-15,130.24
2016-07-14,129.6
2016-07-13,129.92
2016-07-12,129.76
2016-07-11,128.16
2016-07-08,133.12
2016-07-07,130.88
2016-07-06,132.32
2016-07-05,130.4
2016-07-01,141.6
2016-06-30,138.24
2016-06-29,135.04
2016-06-28,136.64
2016-06-27,130.72
2016-06-24,127.36
2016-06-23,129.44
2016-06-22,128.0
2016-06-21,132.16
2016-06-20,130.88
2016-06-17,127.2
2016-06-16,124.48
2016-06-15,125.12
2016-06-14,125.76
2016-06-13,125.28
2016-06-10,124.16
2016-06-09,125.76
2016-06-08,119.04
2016-06-07,119.84
2016-06-06,119.04
2016-06-03,115.84
2016-06-02,116.0
2016-06-01,115.2
2016-05-31,110.24
2016-05-27,104.48
2016-05-26,103.68
2016-05-25,104.8
2016-05-24,104.0
2016-05-23,106.4
2016-05-20,106.4
2016-05-19,105.76
2016-05-18,103.36
2016-05-17,106.24
2016-05-16,105.12
2016-05-13,108.48
2016-05-12,111.04
2016-05-11,112.16
2016-05-10,112.0
2016-05-09,108.64
2016-05-06,108.48
2016-05-05,107.84
2016-05-04,110.88
2016-05-03,108.0
2016-05-02,105.76
2016-04-29,110.88
2016-04-28,106.96
2016-04-27,111.04
2016-04-26,111.84
2016-04-25,113.44
2016-04-22,116.48
2016-04-21,113.92
2016-04-20,113.28
2016-04-19,113.12
2016-04-18,105.44
2016-04-15,103.84
2016-04-14,106.88
2016-04-13,110.56
2016-04-12,109.6
2016-04-11,104.32
2016-04-08,107.84
2016-04-07,109.6
2016-04-06,103.2
2016-04-05,105.76
2016-04-04,109.12
2016-04-01,105.76
2016-03-31,106.56
2016-03-30,108.16
2016-03-29,107.52
2016-03-28,104.96
2016-03-24,102.4
2016-03-23,100.8
2016-03-22,105.12
2016-03-21,102.72
2016-03-18,106.88
2016-03-17,109.28
2016-03-16,105.6
2016-03-15,104.96
2016-03-14,103.04
2016-03-11,102.88
2016-03-10,102.72
2016-03-09,99.84
2016-03-08,97.28
2016-03-07,97.6
2016-03-04,94.88
2016-03-03,92.64
2016-03-02,94.56
2016-03-01,98.88
2016-02-29,96.32
2016-02-26,101.76
2016-02-25,101.12
2016-02-24,104.32
2016-02-23,103.84
2016-02-22,105.76
2016-02-19,105.92
2016-02-18,109.28
2016-02-17,114.72
2016-02-16,112.48
2016-02-12,115.52
2016-02-11,116.8
2016-02-10,120.0
2016-02-09,122.88
2016-02-08,125.12
2016-02-05,120.64
2016-02-04,116.48
2016-02-03,120.8
2016-02-02,119.68
2016-02-01,125.92
2016-01-29,135.84
2016-01-28,130.72
2016-01-27,126.08
2016-01-26,126.4
2016-01-25,125.76
2016-01-22,126.88
2016-01-21,126.72
2016-01-20,125.6
2016-01-19,123.52
2016-01-15,124.96
2016-01-14,127.36
2016-01-13,135.2
2016-01-12,134.24
2016-01-11,141.44
2016-01-08,147.36
2016-01-07,141.92
2016-01-06,135.52
2016-01-05,138.24
2016-01-04,136.48
2015-12-31,138.72
2015-12-30,134.24
2015-12-29,138.24
2015-12-28,134.72
2015-12-24,123.04
2015-12-23,121.44
2015-12-22,116.8
2015-12-21,118.88
2015-12-18,111.36
2015-12-17,110.72
2015-12-16,114.4
2015-12-15,112.64
2015-12-14,118.56
2015-12-11,123.52
2015-12-10,125.28
2015-12-09,128.96
2015-12-08,129.76
2015-12-07,129.28
2015-12-04,136.48
2015-12-03,136.8
2015-12-02,135.68
2015-12-01,139.52
2015-11-30,139.52
2015-11-27,139.36
2015-11-25,143.68
2015-11-24,144.8
2015-11-23,145.76
2015-11-20,143.52
2015-11-19,149.76
2015-11-18,155.52
2015-11-17,158.08
2015-11-16,158.08
2015-11-13,159.04
2015-11-12,153.92
2015-11-11,152.96
2015-11-10,156.64
2015-11-09,155.2
2015-11-06,158.24
2015-11-05,160.16
2015-11-04,153.12
2015-11-03,152.96
2015-11-02,151.84
2015-10-30,156.96
2015-10-29,152.0
2015-10-28,154.72
2015-10-27,159.84
2015-10-26,159.84
2015-10-23,168.32
2015-10-22,173.76
2015-10-21,175.2
2015-10-20,180.96
2015-10-19,179.36
2015-10-16,178.4
2015-10-15,180.96
2015-10-14,186.24
2015-10-13,183.36
2015-10-12,186.72
2015-10-09,185.28
2015-10-08,183.04
2015-10-07,182.24
2015-10-06,181.92
2015-10-05,180.96
2015-10-02,180.48
2015-10-01,178.72
2015-09-30,185.76
2015-09-29,190.08
2015-09-28,196.32
2015-09-25,193.28
2015-09-24,196.48
2015-09-23,194.08
2015-09-22,193.92
2015-09-21,194.56
2015-09-18,197.28
2015-09-17,200.96
2015-09-16,201.76
2015-09-15,206.24
2015-09-14,208.48
2015-09-11,204.0
2015-09-10,202.4
2015-09-09,200.8
2015-09-08,204.32
2015-09-04,200.64
2015-09-03,205.44
2015-09-02,199.36
2015-09-01,203.36
2015-08-31,203.2
2015-08-28,205.76
2015-08-27,202.24
2015-08-26,203.84
2015-08-25,204.32
2015-08-24,202.08
2015-08-21,204.48
2015-08-20,210.56
2015-08-19,207.36
2015-08-18,208.32
2015-08-17,209.92
2015-08-14,215.2
2015-08-13,214.88
2015-08-12,224.16
2015-08-11,218.56
2015-08-10,217.6
2015-08-07,214.56
2015-08-06,215.36
2015-08-05,213.44
2015-08-04,215.2
2015-08-03,211.2
2015-07-31,208.64
2015-07-30,213.28
2015-07-29,219.36
2015-07-28,215.68
2015-07-27,213.92
2015-07-24,213.6
2015-07-23,216.64
2015-07-22,222.24
2015-07-21,221.92
2015-07-20,217.44
2015-07-17,221.76
2015-07-16,219.84
2015-07-15,223.04
2015-07-14,217.76
2015-07-13,219.36
2015-07-10,212.8
2015-07-09,209.6
2015-07-08,206.4
2015-07-07,209.12
2015-07-06,211.52
2015-07-02,216.96
2015-07-01,213.44
2015-06-30,216.96
2015-06-29,215.36
2015-06-26,213.12
2015-06-25,219.52
2015-06-24,214.08
2015-06-23,211.36
2015-06-22,212.32
2015-06-19,217.6
2015-06-18,216.16
2015-06-17,221.76
2015-06-16,224.64
2015-06-15,224.48
2015-06-12,214.08
2015-06-11,218.88
2015-06-10,224.32
2015-06-09,219.84
2015-06-08,209.92
2015-06-05,200.64
2015-06-04,204.0
2015-06-03,204.8
2015-06-02,209.28
2015-06-01,206.24
2015-05-29,205.92
2015-05-28,210.72
2015-05-27,220.48
2015-05-26,221.12
2015-05-22,226.4
2015-05-21,233.12
2015-05-20,231.36
2015-05-19,233.92
2015-05-18,238.4
2015-05-15,238.08
2015-05-14,237.44
2015-05-13,231.68
2015-05-12,229.12
2015-05-11,222.56
2015-05-08,226.08
2015-05-07,216.8
2015-05-06,218.72
2015-05-05,220.64
2015-05-04,222.4
2015-05-01,219.36
2015-04-30,215.36
2015-04-29,204.48
2015-04-28,200.0
2015-04-27,198.24
2015-04-24,203.36
2015-04-23,204.16
2015-04-22,208.8
2015-04-21,206.88
2015-04-20,204.48
2015-04-17,211.84
2015-04-16,215.36
2015-04-15,208.48
2015-04-14,203.2
2015-04-13,201.44
2015-04-10,201.76
2015-04-09,204.0
2015-04-08,210.88
2015-04-07,213.92
2015-04-06,213.44
2015-04-02,217.6
2015-04-01,209.6
2015-03-31,211.84
2015-03-30,212.32
2015-03-27,213.28
2015-03-26,215.84
2015-03-25,221.12
2015-03-24,225.6
2015-03-23,222.4
2015-03-20,225.6
2015-03-19,228.16
2015-03-18,234.72
2015-03-17,230.4
2015-03-16,222.24
2015-03-13,220.96
2015-03-12,222.4
2015-03-11,229.28
2015-03-10,220.8
2015-03-09,217.92
2015-03-06,229.92
2015-03-05,230.24
2015-03-04,224.8
2015-03-03,219.36
2015-03-02,218.72
2015-02-27,219.84
2015-02-26,218.24
2015-02-25,232.0
2015-02-24,234.08
2015-02-23,233.44
2015-02-20,240.48
2015-02-19,231.2
2015-02-18,229.76
2015-02-17,227.04
2015-02-13,227.52
2015-02-12,222.08
2015-02-11,230.4
2015-02-10,219.52
2015-02-09,212.8
2015-02-06,210.72
2015-02-05,212.48
2015-02-04,217.12
2015-02-03,225.28
2015-02-02,218.72
2015-01-30,218.72
2015-01-29,222.08
2015-01-28,232.75
2015-01-27,236.48
2015-01-26,232.8
2015-01-23,239.52
2015-01-22,232.8
2015-01-21,240.32
2015-01-20,235.04
2015-01-16,251.04
2015-01-15,257.92
2015-01-14,266.88
2015-01-13,239.04
2015-01-12,226.88
2015-01-09,239.84
2015-01-08,239.04
2015-01-07,233.28
2015-01-06,238.88
2015-01-05,237.92
2015-01-02,239.36
2014-12-31,236.32
2014-12-30,251.52
2014-12-29,257.12
2014-12-26,247.68
2014-12-24,249.76
2014-12-23,259.68
2014-12-22,261.76
2014-12-19,283.2
2014-12-18,299.84
2014-12-17,300.8
2014-12-16,296.48
2014-12-15,304.32
2014-12-12,307.52
2014-12-11,298.24
2014-12-10,301.76
2014-12-09,296.48
2014-12-08,295.52
2014-12-05,309.44
2014-12-04,296.96
2014-12-03,309.76
2014-12-02,316.0
2014-12-01,327.36
2014-11-28,340.16
2014-11-26,353.76
2014-11-25,361.12
2014-11-24,349.6
2014-11-21,359.6
2014-11-20,376.16
2014-11-19,370.08
2014-11-18,356.32
2014-11-17,359.2
2014-11-14,340.8
2014-11-13,333.44
2014-11-12,348.64
2014-11-11,353.28
2014-11-10,359.2
2014-11-07,366.4
2014-11-06,370.56
2014-11-05,351.36
2014-11-04,347.84
2014-11-03,337.92
2014-10-31,324.48
2014-10-30,320.96
2014-10-29,317.44
2014-10-28,313.44
2014-10-27,304.16
2014-10-24,309.76
2014-10-23,312.32
2014-10-22,313.6
2014-10-21,318.08
2014-10-20,315.52
2014-10-17,323.52
2014-10-16,326.56
2014-10-15,326.72
2014-10-14,328.0
2014-10-13,335.52
2014-10-10,331.04
2014-10-09,331.84
2014-10-08,330.88
2014-10-07,338.08
2014-10-06,335.36
2014-10-03,346.08
2014-10-02,340.48
2014-10-01,344.96
2014-09-30,353.76
2014-09-29,353.28
2014-09-26,345.28
2014-09-25,343.84
2014-09-24,338.88
2014-09-23,333.12
2014-09-22,335.52
2014-09-19,335.2
2014-09-18,341.44
2014-09-17,349.92
2014-09-16,348.16
2014-09-15,342.4
2014-09-12,335.52
2014-09-11,335.36
2014-09-10,344.64
2014-09-09,346.4
2014-09-08,338.24
2014-09-05,332.16
2014-09-04,334.24
2014-09-03,336.32
2014-09-02,340.96
2014-08-29,356.16
2014-08-28,353.6
2014-08-27,350.08
2014-08-26,346.24
2014-08-25,347.52
2014-08-22,339.36
2014-08-21,342.08
2014-08-20,337.12
2014-08-19,340.96
2014-08-18,333.76
2014-08-15,333.6
2014-08-14,343.04
2014-08-13,336.96
2014-08-12,350.08
2014-08-11,350.72
2014-08-08,349.6
2014-08-07,342.4
2014-08-06,347.36
2014-08-05,342.72
2014-08-04,339.04
2014-08-01,334.72
2014-07-31,337.6
2014-07-30,332.64
2014-07-29,336.64
2014-07-28,331.52
2014-07-25,333.28
2014-07-24,338.88
2014-07-23,332.32
2014-07-22,333.28
2014-07-21,340.96
2014-07-18,348.32
2014-07-17,349.92
2014-07-16,362.56
2014-07-15,360.48
2014-07-14,366.24
2014-07-11,365.6
2014-07-10,363.04
2014-07-09,367.84
2014-07-08,372.8
2014-07-07,373.6
2014-07-03,385.6
2014-07-02,384.16
2014-07-01,391.52
2014-06-30,393.6
2014-06-27,390.4
2014-06-26,392.16
2014-06-25,403.2
2014-06-24,400.96
2014-06-23,395.04
2014-06-20,404.48
2014-06-19,406.56
2014-06-18,412.8
2014-06-17,416.48
2014-06-16,416.96
2014-06-13,420.0
2014-06-12,419.68
2014-06-11,399.68
2014-06-10,401.28
2014-06-09,411.36
2014-06-06,418.08
2014-06-05,414.24
2014-06-04,411.2
2014-06-03,407.2
2014-06-02,408.32
2014-05-30,403.2
2014-05-29,404.8
2014-05-28,407.52
2014-05-27,397.28
2014-05-23,389.76
2014-05-22,386.88
2014-05-21,396.48
2014-05-20,402.24
2014-05-19,396.16
2014-05-16,391.04
2014-05-15,394.08
2014-05-14,388.48
2014-05-13,387.36
2014-05-12,392.16
2014-05-09,401.76
2014-05-08,405.92
2014-05-07,420.8
2014-05-06,426.08
2014-05-05,416.48
2014-05-02,415.84
2014-05-01,417.76
2014-04-30,424.8
2014-04-29,429.28
2014-04-28,423.2
2014-04-25,413.12
2014-04-24,417.44
2014-04-23,421.44
2014-04-22,422.4
2014-04-21,418.08
2014-04-17,420.8
2014-04-16,403.68
2014-04-15,407.04
2014-04-14,406.08
2014-04-11,411.84
2014-04-10,412.64
2014-04-09,407.2
2014-04-08,404.16
2014-04-07,398.72
2014-04-04,395.04
2014-04-03,395.36
2014-04-02,388.96
2014-04-01,381.44
2014-03-31,390.72
2014-03-28,400.0
2014-03-27,401.6
2014-03-26,391.2
2014-03-25,392.96
2014-03-24,382.88
2014-03-21,383.68
2014-03-20,388.8
2014-03-19,395.68
2014-03-18,394.72
2014-03-17,398.56
2014-03-14,391.36
2014-03-13,388.96
2014-03-12,399.52
2014-03-11,407.2
2014-03-10,411.52
2014-03-07,408.8
2014-03-06,411.2
2014-03-05,404.8
2014-03-04,409.28
2014-03-03,398.08
2014-02-28,408.16
2014-02-27,396.64
2014-02-26,401.76
2014-02-25,412.8
2014-02-24,417.92
2014-02-21,443.04
2014-02-20,428.64
2014-02-19,431.2
2014-02-18,419.2
2014-02-14,399.68
2014-02-13,403.2
2014-02-12,380.0
2014-02-11,386.56
2014-02-10,362.4
2014-02-07,377.92
2014-02-06,396.0
2014-02-05,404.96
2014-02-04,418.4
2014-02-03,388.96
2014-01-31,386.88
2014-01-30,388.0
2014-01-29,427.68
2014-01-28,386.88
2014-01-27,373.92
2014-01-24,393.76
2014-01-23,364.96
2014-01-22,360.0
2014-01-21,344.64
2014-01-17,334.08
2014-01-16,340.32
2014-01-15,337.28
2014-01-14,339.52
2014-01-13,335.2
2014-01-10,316.96
2014-01-09,315.04
2014-01-08,327.84
2014-01-07,336.64
2014-01-06,335.36
2014-01-03,336.96
2014-01-02,334.88
2013-12-31,331.04
2013-12-30,345.12
2013-12-27,338.88
2013-12-26,348.96
2013-12-24,348.48
2013-12-23,352.8
2013-12-20,348.64
2013-12-19,348.0
2013-12-18,334.56
2013-12-17,334.72
2013-12-16,333.12
2013-12-13,342.56
2013-12-12,341.92
2013-12-11,339.36
2013-12-10,332.16
2013-12-09,331.2
2013-12-06,322.72
2013-12-05,323.04
2013-12-04,309.76
2013-12-03,310.08
2013-12-02,309.6
2013-11-29,306.4
2013-11-27,305.28
2013-11-26,302.08
2013-11-25,300.48
2013-11-22,298.56
2013-11-21,292.32
2013-11-20,290.08
2013-11-19,281.44
2013-11-18,286.72
2013-11-15,289.28
2013-11-14,286.22
2013-11-13,282.88
2013-11-12,288.64
2013-11-11,283.2
2013-11-08,282.72
2013-11-07,279.2
2013-11-06,277.6
2013-11-05,276.16
2013-11-04,273.44
2013-11-01,279.2
2013-10-31,284.32
2013-10-30,288.0
2013-10-29,288.8
2013-10-28,291.04
2013-10-25,302.88
2013-10-24,297.76
2013-10-23,296.16
2013-10-22,294.88
2013-10-21,301.28
2013-10-18,309.12
2013-10-17,309.28
2013-10-16,309.36
2013-10-15,312.64
2013-10-14,313.28
2013-10-11,310.72
2013-10-10,306.88
2013-10-09,303.04
2013-10-08,305.6
2013-10-07,298.56
2013-10-04,288.96
2013-10-03,288.48
2013-10-02,291.52
2013-10-01,296.64
2013-09-30,292.48
2013-09-27,295.68
2013-09-26,293.76
2013-09-25,292.48
2013-09-24,294.24
2013-09-23,302.72
2013-09-20,309.76
2013-09-19,311.36
2013-09-18,312.16
2013-09-17,313.12
2013-09-16,313.44
2013-09-13,308.0
2013-09-12,305.92
2013-09-11,299.2
2013-09-10,300.8
2013-09-09,303.2
2013-09-06,296.64
2013-09-05,300.48
2013-09-04,308.8
2013-09-03,308.0
2013-08-30,303.2
2013-08-29,303.68
2013-08-28,300.48
2013-08-27,300.16
2013-08-26,297.28
2013-08-23,296.0
2013-08-22,299.2
2013-08-21,293.6
2013-08-20,291.68
2013-08-19,291.68
2013-08-16,285.76
2013-08-15,288.96
2013-08-14,283.04
2013-08-13,280.32
2013-08-12,279.68
2013-08-09,273.44
2013-08-08,280.48
2013-08-07,275.36
2013-08-06,280.96
2013-08-05,282.88
2013-08-02,283.52
2013-08-01,286.72
2013-07-31,291.36
2013-07-30,291.84
2013-07-29,295.2
2013-07-26,303.04
2013-07-25,309.92
2013-07-24,314.24
2013-07-23,316.64
2013-07-22,312.8
2013-07-19,320.64
2013-07-18,322.08
2013-07-17,307.6
2013-07-16,311.68
2013-07-15,311.01
2013-07-12,308.48
2013-07-11,306.56
2013-07-10,310.88
2013-07-09,310.56
2013-07-08,315.44
2013-07-05,306.4
2013-07-03,307.84
2013-07-02,309.44
2013-07-01,303.68
2013-06-28,303.2
2013-06-27,304.8
2013-06-26,317.2
2013-06-25,312.8
2013-06-24,319.52
2013-06-21,323.52
2013-06-20,331.2
2013-06-19,336.8
2013-06-18,333.12
2013-06-17,331.2
2013-06-14,319.52
2013-06-13,325.6
2013-06-12,322.08
2013-06-11,318.4
2013-06-10,324.48
2013-06-07,326.88
2013-06-06,329.44
2013-06-05,341.6
2013-06-04,340.96
2013-06-03,340.96
2013-05-31,340.96
2013-05-30,344.32
2013-05-29,356.16
2013-05-28,359.84
2013-05-24,365.44
2013-05-23,367.04
2013-05-22,360.96
2013-05-21,361.76
2013-05-20,352.8
2013-05-17,349.92
2013-05-16,340.8
2013-05-15,352.0
2013-05-14,346.72
2013-05-13,339.2
2013-05-10,338.4
2013-05-09,343.68
2013-05-08,344.0
2013-05-07,340.8
2013-05-06,348.16
2013-05-03,351.04
2013-05-02,350.56
2013-05-01,373.76
2013-04-30,375.52
2013-04-29,378.72
2013-04-26,366.56
2013-04-25,362.08
2013-04-24,364.16
2013-04-23,368.48
2013-04-22,371.68
2013-04-19,384.0
2013-04-18,384.48
2013-04-17,365.92
2013-04-16,364.0
2013-04-15,361.28
2013-04-12,369.6
2013-04-11,362.24
2013-04-10,356.32
2013-04-09,351.2
2013-04-08,355.84
2013-04-05,359.36
2013-04-04,343.84
2013-04-03,340.16
2013-04-02,345.6
2013-04-01,351.52
2013-03-28,350.08
2013-03-27,355.84
2013-03-26,347.68
2013-03-25,339.2
2013-03-22,345.44
2013-03-21,344.32
2013-03-20,346.08
2013-03-19,347.68
2013-03-18,340.16
2013-03-15,338.72
2013-03-14,336.64
2013-03-13,324.16
2013-03-12,319.84
2013-03-11,320.64
2013-03-08,320.16
2013-03-07,315.36
2013-03-06,306.88
2013-03-05,310.4
2013-03-04,311.2
2013-03-01,305.12
2013-02-28,306.88
2013-02-27,301.12
2013-02-26,303.68
2013-02-25,305.28
2013-02-22,293.76
2013-02-21,290.4
2013-02-20,293.12
2013-02-19,292.8
2013-02-15,284.48
2013-02-14,285.46
2013-02-13,296.32
2013-02-12,292.32
2013-02-11,295.2
2013-02-08,293.76
2013-02-07,296.64
2013-02-06,309.76
2013-02-05,306.88
2013-02-04,298.72
2013-02-01,296.64
2013-01-31,300.16
2013-01-30,300.32
2013-01-29,293.76
2013-01-28,296.8
2013-01-25,312.32
2013-01-24,312.48
2013-01-23,320.0
2013-01-22,319.52
2013-01-18,321.6
2013-01-17,313.92
2013-01-16,309.04
2013-01-15,309.6
2013-01-14,303.68
2013-01-11,299.52
2013-01-10,287.2
2013-01-09,281.12
2013-01-08,290.72
2013-01-07,294.4
2013-01-04,294.72
2013-01-03,287.04
2013-01-02,291.84
2012-12-31,302.4
2012-12-28,311.52
2012-12-27,306.56
2012-12-26,306.4
2012-12-24,305.44
2012-12-21,313.12
2012-12-20,313.6
2012-12-19,304.13
2012-12-18,308.96
2012-12-17,305.12
2012-12-14,301.92
2012-12-13,304.32
2012-12-12,309.6
2012-12-11,311.04
2012-12-10,314.88
2012-12-07,324.48
2012-12-06,332.32
2012-12-05,336.0
2012-12-04,323.45
2012-12-03,327.84
2012-11-30,326.24
2012-11-29,332.96
2012-11-28,347.68
2012-11-27,354.24
2012-11-26,354.88
2012-11-23,367.84
2012-11-21,367.36
2012-11-20,360.0
2012-11-19,351.04
2012-11-16,356.48
2012-11-15,347.52
2012-11-14,353.12
2012-11-13,352.32
2012-11-12,336.16
2012-11-09,330.08
2012-11-08,339.04
2012-11-07,336.16
2012-11-06,339.52
2012-11-05,335.52
2012-11-02,333.6
2012-11-01,346.24
2012-10-31,347.84
2012-10-26,350.24
2012-10-25,354.72
2012-10-24,355.04
2012-10-23,362.56
2012-10-22,355.36
2012-10-19,369.44
2012-10-18,367.36
2012-10-17,357.92
2012-10-16,355.2
2012-10-15,358.56
2012-10-12,370.56
2012-10-11,373.6
2012-10-10,357.12
2012-10-09,357.76
2012-10-08,350.24
2012-10-05,348.8
2012-10-04,350.96
2012-10-03,352.0
2012-10-02,361.6
2012-10-01,357.28
2012-09-28,341.44
2012-09-27,337.6
2012-09-26,328.32
2012-09-25,320.16
2012-09-24,313.28
2012-09-21,315.52
2012-09-20,306.56
2012-09-19,305.46
2012-09-18,304.96
2012-09-17,311.2
2012-09-14,319.36
2012-09-13,325.44
2012-09-12,328.96
2012-09-11,323.04
2012-09-10,304.64
2012-09-07,289.92
2012-09-06,298.08
2012-09-05,301.28
2012-09-04,306.4
2012-08-31,301.12
2012-08-30,296.8
2012-08-29,289.28
2012-08-28,283.04
2012-08-27,287.36
2012-08-24,294.1
2012-08-23,307.52
2012-08-22,310.72
2012-08-21,306.56
2012-08-20,303.04
2012-08-17,299.36
2012-08-16,297.28
2012-08-15,301.92
2012-08-14,309.28
2012-08-13,299.84
2012-08-10,304.16
2012-08-09,318.24
2012-08-08,321.44
2012-08-07,324.8
2012-08-06,319.52
2012-08-03,316.4
2012-08-02,320.0
2012-08-01,346.24
2012-07-31,352.64
2012-07-30,350.56
2012-07-27,331.88
2012-07-26,338.24
2012-07-25,334.4
2012-07-24,345.28
2012-07-23,339.04
2012-07-20,337.28
2012-07-19,328.8
2012-07-18,321.92
2012-07-17,304.96
2012-07-16,306.08
2012-07-13,313.76
2012-07-12,313.44
2012-07-11,310.24
2012-07-10,299.52
2012-07-09,314.72
2012-07-06,303.76
2012-07-05,320.96
2012-07-03,313.28
2012-07-02,308.72
2012-06-29,308.64
2012-06-28,302.08
2012-06-27,304.29
2012-06-26,306.72
2012-06-25,295.52
2012-06-22,291.52
2012-06-21,286.08
2012-06-20,279.68
2012-06-19,282.72
2012-06-18,292.8
2012-06-15,274.56
2012-06-14,280.48
2012-06-13,243.95
2012-06-12,245.92
2012-06-11,245.44
2012-06-08,256.0
2012-06-07,252.96
2012-06-06,269.44
2012-06-05,270.72
2012-06-04,270.08
2012-06-01,258.88
2012-05-31,268.64
2012-05-30,270.56
2012-05-29,277.92
2012-05-25,291.04
2012-05-24,301.12
2012-05-23,310.72
2012-05-22,307.2
2012-05-21,300.32
2012-05-18,310.88
2012-05-17,302.56
2012-05-16,301.12
2012-05-15,286.4
2012-05-14,277.2
2012-05-11,286.72
2012-05-10,283.36
2012-05-09,281.28
2012-05-08,280.0
2012-05-07,267.36
2012-05-04,262.4
2012-05-03,267.68
2012-05-02,258.88
2012-05-01,270.4
2012-04-30,262.56
2012-04-27,251.2
2012-04-26,243.68
2012-04-25,249.28
2012-04-24,236.64
2012-04-23,241.44
2012-04-20,230.4
2012-04-19,228.0
2012-04-18,232.96
2012-04-17,234.72
2012-04-16,242.24
2012-04-13,239.04
2012-04-12,238.88
2012-04-11,238.56
2012-04-10,243.84
2012-04-09,254.88
2012-04-05,251.68
2012-04-04,256.96
2012-04-03,261.6
2012-04-02,259.12
2012-03-30,254.72
2012-03-29,259.36
2012-03-28,273.76
2012-03-27,275.04
2012-03-26,277.76
2012-03-23,285.28
2012-03-22,285.28
2012-03-21,294.56
2012-03-20,292.48
2012-03-19,296.32
2012-03-16,294.4
2012-03-15,286.72
2012-03-14,289.6
2012-03-13,295.68
2012-03-12,286.4
2012-03-09,293.92
2012-03-08,291.84
2012-03-07,292.48
2012-03-06,298.56
2012-03-05,299.52
2012-03-02,313.6
2012-03-01,312.8
2012-02-29,329.12
2012-02-28,321.44
2012-02-27,331.36
2012-02-24,341.44
2012-02-23,349.6
2012-02-22,354.56
2012-02-21,353.28
2012-02-17,359.04
2012-02-16,344.32
2012-02-15,332.16
2012-02-14,344.32
2012-02-13,331.52
2012-02-10,337.28
2012-02-09,335.36
2012-02-08,332.16
2012-02-07,337.92
2012-02-06,349.12
2012-02-03,341.12
2012-02-02,346.24
2012-02-01,323.2
2012-01-31,335.68
2012-01-30,360.96
2012-01-27,376.32
2012-01-26,359.68
2012-01-25,379.52
2012-01-24,354.56
2012-01-23,355.2
2012-01-20,325.76
2012-01-19,321.92
2012-01-18,343.04
2012-01-17,343.68
2012-01-13,362.88
2012-01-12,377.6
2012-01-11,384.64
2012-01-10,405.12
2012-01-09,417.92
2012-01-06,424.96
2012-01-05,410.88
2012-01-04,430.08
2012-01-03,414.08
2011-12-30,413.44
2011-12-29,421.12
2011-12-28,433.92
2011-12-27,437.12
2011-12-23,435.2
2011-12-22,443.52
2011-12-21,444.8
2011-12-20,440.96
2011-12-19,439.04
2011-12-16,440.96
2011-12-15,441.6
2011-12-14,442.24
2011-12-13,460.8
2011-12-12,456.96
2011-12-09,470.4
2011-12-08,485.12
2011-12-07,483.2
2011-12-06,491.52
2011-12-05,488.32
2011-12-02,506.24
2011-12-01,513.28
2011-11-30,503.68
2011-11-29,512.0
2011-11-28,500.48
2011-11-25,513.28
2011-11-23,511.36
2011-11-22,499.84
2011-11-21,502.4
2011-11-18,492.16
2011-11-17,504.32
2011-11-16,490.88
2011-11-15,501.76
2011-11-14,507.52
2011-11-11,525.44
2011-11-10,535.04
2011-11-09,537.6
2011-11-08,551.68
2011-11-07,543.36
2011-11-04,557.44
2011-11-03,556.8
2011-11-02,552.32
2011-11-01,556.16
2011-10-31,576.64
2011-10-28,576.51
2011-10-27,554.88
2011-10-26,555.52
2011-10-25,565.76
2011-10-24,557.44
2011-10-21,564.16
2011-10-20,562.56
2011-10-19,560.96
2011-10-18,558.08
2011-10-17,574.72
2011-10-14,577.92
2011-10-13,554.88
2011-10-12,547.84
2011-10-11,565.76
2011-10-10,559.36
2011-10-07,547.84
2011-10-06,564.48
2011-10-05,560.0
2011-10-04,573.44
2011-10-03,567.68
2011-09-30,576.32
2011-09-29,591.36
2011-09-28,593.92
2011-09-27,608.64
2011-09-26,604.16
2011-09-23,590.72
2011-09-22,593.92
2011-09-21,598.4
2011-09-20,608.64
2011-09-19,618.88
2011-09-16,618.88
2011-09-15,627.84
2011-09-14,650.24
2011-09-13,641.92
2011-09-12,629.76
2011-09-09,631.68
2011-09-08,643.2
2011-09-07,635.52
2011-09-06,633.6
2011-09-02,621.44
2011-09-01,651.52
2011-08-31,654.08
2011-08-30,630.4
2011-08-29,618.88
2011-08-26,632.32
2011-08-25,630.4
2011-08-24,625.92
2011-08-23,640.0
2011-08-22,623.04
2011-08-19,634.88
2011-08-18,632.96
2011-08-17,636.16
2011-08-16,636.16
2011-08-15,650.24
2011-08-12,656.32
2011-08-11,665.6
2011-08-10,646.4
2011-08-09,648.32
2011-08-08,638.72
2011-08-05,637.44
2011-08-04,638.08
2011-08-03,661.76
2011-08-02,671.36
2011-08-01,677.12
2011-07-29,672.0
2011-07-28,684.8
2011-07-27,699.52
2011-07-26,702.08
2011-07-25,703.36
2011-07-22,707.2
2011-07-21,704.64
2011-07-20,721.28
2011-07-19,727.04
2011-07-18,730.24
2011-07-15,732.16
2011-07-14,707.2
2011-07-13,705.28
2011-07-12,694.4
2011-07-11,689.92
2011-07-08,679.04
2011-07-07,671.36
2011-07-06,682.24
2011-07-05,701.44
2011-07-01,695.36
2011-06-30,705.28
2011-06-29,695.68
2011-06-28,704.64
2011-06-27,689.28
2011-06-24,686.72
2011-06-23,685.44
2011-06-22,701.44
2011-06-21,716.16
2011-06-20,700.16
2011-06-17,706.56
2011-06-16,720.0
2011-06-15,744.96
2011-06-14,744.64
2011-06-13,753.92
2011-06-10,773.12
2011-06-09,760.32
2011-06-08,788.48
2011-06-07,782.72
2011-06-06,782.4
2011-06-03,763.52
2011-06-02,778.56
2011-06-01,752.32
2011-05-31,754.56
2011-05-27,734.78
2011-05-26,710.4
2011-05-25,718.08
2011-05-24,712.64
2011-05-23,712.32
2011-05-20,701.44
2011-05-19,676.48
2011-05-18,693.12
2011-05-17,691.84
2011-05-16,711.68
2011-05-13,702.08
2011-05-12,691.84
2011-05-11,691.2
2011-05-10,704.64
2011-05-09,689.28
2011-05-06,704.0
2011-05-05,703.36
2011-05-04,753.92
2011-05-03,771.2
2011-05-02,775.04
2011-04-29,771.84
2011-04-28,754.56
2011-04-27,728.32
2011-04-26,734.08
2011-04-25,732.16
2011-04-21,738.56
2011-04-20,718.4
2011-04-19,714.24
2011-04-18,691.2
2011-04-15,704.96
2011-04-14,707.84
2011-04-13,694.08
2011-04-12,686.08
2011-04-11,689.92
2011-04-08,677.12
2011-04-07,679.78
2011-04-06,694.4
2011-04-05,709.12
2011-04-04,718.08
2011-04-01,725.12
2011-03-31,736.0
2011-03-30,734.08
2011-03-29,716.8
2011-03-28,741.12
2011-03-25,755.2
2011-03-24,725.12
2011-03-23,740.48
2011-03-22,727.04
2011-03-21,710.72
2011-03-18,711.04
2011-03-17,709.76
2011-03-16,672.8
2011-03-15,675.84
2011-03-14,666.88
2011-03-11,665.6
2011-03-10,654.18
2011-03-09,670.08
2011-03-08,660.67
2011-03-07,670.72
2011-03-04,649.09
2011-03-03,646.4
2011-03-02,652.8
2011-03-01,662.4
2011-02-28,689.92
2011-02-25,685.76
2011-02-24,662.4
2011-02-23,673.28
2011-02-22,664.7
2011-02-18,665.6
2011-02-17,666.88
2011-02-16,678.21
2011-02-15,692.29
2011-02-14,684.8
2011-02-11,679.04
2011-02-10,689.92
2011-02-09,708.16
2011-02-08,703.74
2011-02-07,715.52
2011-02-04,749.89
2011-02-03,753.98
2011-02-02,766.78
2011-02-01,755.2
2011-01-31,766.72
2011-01-28,752.64
2011-01-27,752.64
2011-01-26,779.84
2011-01-25,779.52
2011-01-24,798.72
2011-01-21,818.56
2011-01-20,815.17
2011-01-19,794.75
2011-01-18,768.0
2011-01-14,780.61
2011-01-13,765.44
2011-01-12,785.92
2011-01-11,781.82
2011-01-10,764.16
2011-01-07,771.84
2011-01-06,768.0
2011-01-05,782.08
2011-01-04,802.56
2011-01-03,807.68
2010-12-31,766.91
2010-12-30,753.92
2010-12-29,747.52
2010-12-28,747.52
2010-12-27,721.92
2010-12-23,718.08
2010-12-22,721.92
2010-12-21,716.8
2010-12-20,742.4
2010-12-17,714.56
2010-12-16,708.86
2010-12-15,744.96
2010-12-14,750.08
2010-12-13,774.4
2010-12-10,779.52
2010-12-09,780.42
2010-12-08,806.4
2010-12-07,775.68
2010-12-06,791.23
2010-12-03,760.32
2010-12-02,760.32
2010-12-01,752.64
2010-11-30,739.84
2010-11-29,742.4
2010-11-26,774.4
2010-11-24,774.4
2010-11-23,771.84
2010-11-22,778.24
2010-11-19,759.23
2010-11-18,738.56
2010-11-17,733.44
2010-11-16,705.28
2010-11-15,710.4
2010-11-12,705.28
2010-11-11,725.44
2010-11-10,748.8
2010-11-09,773.12
2010-11-08,754.24
2010-11-05,724.48
2010-11-04,715.52
2010-11-03,706.56
2010-11-02,715.52
2010-11-01,706.56
2010-10-29,745.15
2010-10-28,720.64
2010-10-27,697.6
2010-10-26,692.48
2010-10-25,683.52
2010-10-22,682.11
2010-10-21,693.76
2010-10-20,718.08
2010-10-19,717.44
2010-10-18,712.96
2010-10-15,726.91
2010-10-14,747.52
2010-10-13,750.08
2010-10-12,743.68
2010-10-11,736.0
2010-10-08,746.24
2010-10-07,738.56
2010-10-06,790.98
2010-10-05,769.54
2010-10-04,761.6
2010-10-01,776.9
2010-09-30,789.5
2010-09-29,810.24
2010-09-28,811.46
2010-09-27,798.78
2010-09-24,822.85
2010-09-23,848.7
2010-09-22,839.68
2010-09-21,834.56
2010-09-20,820.48
2010-09-17,855.04
2010-09-16,863.87
2010-09-15,855.04
2010-09-14,844.8
2010-09-13,842.24
2010-09-10,830.72
2010-09-09,811.52
2010-09-08,816.64
2010-09-07,826.88
2010-09-03,837.38
2010-09-02,814.08
2010-09-01,802.43
2010-08-31,816.38
2010-08-30,819.2
2010-08-27,798.72
2010-08-26,825.6
2010-08-25,839.68
2010-08-24,871.68
2010-08-23,878.08
2010-08-20,889.6
2010-08-19,901.12
2010-08-18,912.64
2010-08-17,919.04
2010-08-16,911.36
2010-08-13,933.12
2010-08-12,925.44
2010-08-11,931.84
2010-08-10,929.28
2010-08-09,934.4
2010-08-06,968.96
2010-08-05,993.28
2010-08-04,1017.6
2010-08-03,1007.36
2010-08-02,1015.04
2010-07-30,1057.28
2010-07-29,1038.08
2010-07-28,1009.92
2010-07-27,1000.96
2010-07-26,988.16
2010-07-23,980.48
2010-07-22,993.28
2010-07-21,970.24
2010-07-20,990.72
2010-07-19,972.8
2010-07-16,974.08
2010-07-15,992.0
2010-07-14,931.84
2010-07-13,942.08
2010-07-12,947.2
2010-07-09,952.32
2010-07-08,951.04
2010-07-07,995.84
2010-07-06,1007.36
2010-07-02,1007.36
2010-07-01,1039.36
2010-06-30,992.0
2010-06-29,981.76
2010-06-28,1021.44
2010-06-25,1063.68
2010-06-24,1032.96
2010-06-23,1043.2
2010-06-22,1039.36
2010-06-21,1056.0
2010-06-18,1091.84
2010-06-17,1117.44
2010-06-16,1086.72
2010-06-15,1130.24
2010-06-14,1094.4
2010-06-11,1045.76
2010-06-10,1022.72
2010-06-09,1021.44
2010-06-08,1047.04
2010-06-07,1075.2
2010-06-04,1047.04
2010-06-03,1025.28
2010-06-02,966.4
2010-06-01,921.6
2010-05-28,951.04
2010-05-27,938.24
2010-05-26,911.36
2010-05-25,901.12
2010-05-24,893.44
2010-05-21,899.84
2010-05-20,915.2
2010-05-19,925.44
2010-05-18,965.12
2010-05-17,976.64
2010-05-14,961.28
2010-05-13,961.28
2010-05-12,952.58
2010-05-11,928.0
2010-05-10,931.84
2010-05-07,890.88
2010-05-06,871.94
2010-05-05,888.32
2010-05-04,897.19
2010-05-03,893.44
2010-04-30,878.08
2010-04-29,894.72
2010-04-28,972.8
2010-04-27,965.12
2010-04-26,971.52
2010-04-23,970.24
2010-04-22,938.24
2010-04-21,906.24
2010-04-20,907.52
2010-04-19,903.68
2010-04-16,919.04
2010-04-15,915.2
2010-04-14,956.16
2010-04-13,944.64
2010-04-12,915.2
2010-04-09,931.84
2010-04-08,896.0
2010-04-07,916.48
2010-04-06,940.8
2010-04-05,980.48
2010-04-01,933.12
2010-03-31,884.48
2010-03-30,908.8
2010-03-29,899.84
2010-03-26,896.0
2010-03-25,916.48
2010-03-24,944.64
2010-03-23,957.44
2010-03-22,945.92
2010-03-19,962.56
2010-03-18,945.92
2010-03-17,994.56
2010-03-16,1011.2
2010-03-15,1021.44
2010-03-12,1020.16
2010-03-11,1031.68
2010-03-10,1066.24
2010-03-09,1048.32
2010-03-08,1057.28
2010-03-05,1068.8
2010-03-04,1066.24
2010-03-03,1107.2
2010-03-02,1098.24
2010-03-01,1091.84
2010-02-26,1113.6
2010-02-25,1113.6
2010-02-24,1135.36
2010-02-23,1126.4
2010-02-22,1153.28
2010-02-19,1176.32
2010-02-18,1205.76
2010-02-17,1242.88
2010-02-16,1245.44
2010-02-12,1262.08
2010-02-11,1245.44
2010-02-10,1230.08
2010-02-09,1231.36
2010-02-08,1255.68
2010-02-05,1280.0
2010-02-04,1258.24
2010-02-03,1256.96
2010-02-02,1263.36
2010-02-01,1254.4
2010-01-29,1191.68
2010-01-28,1201.92
2010-01-27,1214.72
2010-01-26,1259.52
2010-01-25,1312.0
2010-01-22,1324.8
2010-01-21,1290.24
2010-01-20,1269.76
2010-01-19,1291.52
2010-01-15,1310.72
2010-01-14,1291.52
2010-01-13,1326.08
2010-01-12,1292.54
2010-01-11,1271.04
2010-01-08,1332.48
2010-01-07,1358.08
2010-01-06,1386.24
2010-01-05,1320.96
2010-01-04,1362.05
2009-12-31,1290.24
2009-12-30,1324.8
2009-12-29,1354.24
2009-12-28,1388.8
2009-12-24,1320.96
2009-12-23,1369.6
2009-12-22,1342.72
2009-12-21,1326.08
2009-12-18,1359.36
2009-12-17,1338.88
2009-12-16,1287.68
2009-12-15,1299.2
2009-12-14,1258.24
2009-12-11,1224.96
2009-12-10,1248.0
2009-12-09,1166.08
2009-12-08,1200.64
2009-12-07,1180.16
2009-12-04,1105.92
2009-12-03,1089.28
2009-12-02,1113.6
2009-12-01,1157.12
2009-11-30,1171.2
2009-11-27,1258.24
2009-11-25,1223.68
2009-11-24,1153.28
2009-11-23,1157.12
2009-11-20,1150.72
2009-11-19,1144.32
2009-11-18,1149.44
2009-11-17,1189.12
2009-11-16,1203.2
2009-11-13,1159.68
2009-11-12,1158.4
2009-11-11,1184.0
2009-11-10,1181.44
2009-11-09,1228.8
2009-11-06,1219.84
2009-11-05,1262.07
2009-11-04,1251.84
2009-11-03,1287.68
2009-11-02,1274.88
2009-10-30,1314.56
2009-10-29,1337.6
2009-10-28,1324.8
2009-10-27,1384.96
2009-10-26,1376.0
2009-10-23,1444.99
2009-10-22,1472.0
2009-10-21,1497.6
2009-10-20,1529.6
2009-10-19,1488.64
2009-10-16,1480.96
2009-10-15,1436.16
2009-10-14,1408.0
2009-10-13,1447.68
2009-10-12,1512.96
2009-10-09,1483.52
2009-10-08,1537.28
2009-10-07,1529.6
2009-10-06,1511.68
2009-10-05,1548.8
2009-10-02,1457.92
2009-10-01,1410.82
2009-09-30,1502.72
2009-09-29,1506.56
2009-09-28,1509.12
2009-09-25,1532.16
2009-09-24,1532.16
2009-09-23,1495.04
2009-09-22,1459.2
2009-09-21,1440.0
2009-09-18,1489.92
2009-09-17,1443.84
2009-09-16,1504.0
2009-09-15,1420.8
2009-09-14,1388.8
2009-09-11,1355.52
2009-09-10,1431.04
2009-09-09,1292.8
2009-09-08,1315.84
2009-09-04,1221.12
2009-09-03,1153.28
2009-09-02,1209.6
2009-09-01,1314.56
2009-08-31,1372.16
2009-08-28,1424.64
2009-08-27,1473.28
2009-08-26,1486.08
2009-08-25,1484.8
2009-08-24,1496.32
2009-08-21,1452.8
2009-08-20,1473.28
2009-08-19,1537.28
2009-08-18,1544.96
2009-08-17,1551.36
2009-08-14,1598.72
2009-08-13,1596.16
2009-08-12,1612.8
2009-08-11,1642.24
2009-08-10,1674.24
2009-08-07,1680.9
2009-08-06,1689.6
2009-08-05,1797.12
2009-08-04,1760.0
2009-08-03,1797.12
2009-07-31,1647.36
2009-07-30,1671.68
2009-07-29,1597.44
2009-07-28,1651.2
2009-07-27,1689.6
2009-07-24,1706.24
2009-07-23,1648.64
2009-07-22,1766.4
2009-07-21,1707.52
2009-07-20,1696.0
2009-07-17,1684.48
2009-07-16,1681.92
2009-07-15,1569.28
2009-07-14,1606.4
2009-07-13,1539.84
2009-07-10,1574.4
2009-07-09,1598.72
2009-07-08,1561.6
2009-07-07,1559.04
2009-07-06,1607.68
2009-07-02,1678.08
2009-07-01,1751.04
2009-06-30,1775.36
2009-06-29,1817.6
2009-06-26,1893.12
2009-06-25,1863.68
2009-06-24,1800.96
2009-06-23,1853.44
2009-06-22,1875.2
2009-06-19,1940.48
2009-06-18,1957.12
2009-06-17,2032.64
2009-06-16,1982.72
2009-06-15,2010.88
2009-06-12,1877.76
2009-06-11,1894.4
2009-06-10,1797.12
2009-06-09,1813.76
2009-06-08,1808.64
2009-06-05,1866.02
2009-06-04,1864.96
2009-06-03,1830.53
2009-06-02,2000.64
2009-06-01,2043.14
2009-05-29,1868.8
2009-05-28,1908.48
2009-05-27,1756.16
2009-05-26,1766.4
2009-05-22,1753.6
2009-05-21,1807.36
2009-05-20,1988.86
2009-05-19,1945.6
2009-05-18,2069.76
2009-05-15,2049.28
2009-05-14,2135.04
2009-05-13,2103.04
2009-05-12,2234.88
2009-05-11,2132.48
2009-05-08,2167.04
2009-05-07,2076.16
2009-05-06,1941.5
2009-05-05,1798.4
2009-05-04,1857.28
2009-05-01,1762.56
2009-04-30,1680.64
2009-04-29,1665.28
2009-04-28,1715.2
2009-04-27,1676.8
2009-04-24,1679.36
2009-04-23,1740.8
2009-04-22,1804.8
2009-04-21,1806.08
2009-04-20,1829.12
2009-04-17,1926.4
2009-04-16,1848.32
2009-04-15,1898.24
2009-04-14,1911.04
2009-04-13,1868.8
2009-04-09,1857.28
2009-04-08,1885.44
2009-04-07,1845.76
2009-04-06,1928.96
2009-04-03,1960.96
2009-04-02,1946.88
2009-04-01,1895.68
2009-03-31,1945.6
2009-03-30,1945.34
2009-03-27,1940.48
2009-03-26,2077.44
2009-03-25,2272.0
2009-03-24,2297.6
2009-03-23,2279.68
2009-03-20,2220.8
2009-03-19,2209.28
2009-03-18,1949.44
2009-03-17,2012.16
2009-03-16,2036.48
2009-03-13,2067.2
2009-03-12,2119.68
2009-03-11,2003.2
2009-03-10,2028.8
2009-03-09,2024.96
2009-03-06,2072.32
2009-03-05,2140.16
2009-03-04,2279.68
2009-03-03,2265.6
2009-03-02,2178.56
2009-02-27,2216.96
2009-02-26,2160.64
2009-02-25,2126.08
2009-02-24,2214.4
2009-02-23,2154.24
2009-02-20,2119.68
2009-02-19,2154.24
2009-02-18,2229.76
2009-02-17,2199.04
2009-02-13,2344.96
2009-02-12,2376.96
2009-02-11,2417.92
2009-02-10,2396.16
2009-02-09,2548.48
2009-02-06,2543.36
2009-02-05,2461.44
2009-02-04,2444.81
2009-02-03,2381.82
2009-02-02,2426.88
2009-01-30,2320.64
2009-01-29,2417.92
2009-01-28,2353.92
2009-01-27,2348.8
2009-01-26,2356.48
2009-01-23,2366.72
2009-01-22,2463.69
2009-01-21,2528.0
2009-01-20,2467.84
2009-01-16,2538.25
2009-01-15,2589.44
2009-01-14,2630.4
2009-01-13,2759.68
2009-01-12,2932.48
2009-01-09,2924.8
2009-01-08,2964.48
2009-01-07,3110.4
2009-01-06,3178.24
2009-01-05,3229.44
2009-01-02,3175.68
2008-12-31,2965.76
2008-12-30,3101.44
2008-12-29,3224.32
2008-12-26,3078.4
2008-12-24,3092.48
2008-12-23,3070.72
2008-12-22,2863.13
2008-12-19,2850.56
2008-12-18,2970.87
2008-12-17,3016.96
2008-12-16,3091.2
2008-12-15,3031.04
2008-12-12,2950.4
2008-12-11,2968.12
2008-12-10,3031.04
2008-12-09,3001.6
2008-12-08,2978.56
2008-12-05,3070.72
2008-12-04,3203.84
2008-12-03,3398.4
2008-12-02,3441.92
2008-12-01,3498.24
2008-11-28,3449.6
2008-11-26,3628.8
2008-11-25,3417.6
2008-11-24,3648.0
2008-11-21,3499.52
2008-11-20,3394.56
2008-11-19,3623.68
2008-11-18,3525.12
2008-11-17,3564.8
2008-11-14,3485.44
2008-11-13,3520.0
2008-11-12,3488.0
2008-11-11,3680.0
2008-11-10,3948.8
2008-11-07,3718.4
2008-11-06,3786.24
2008-11-05,3952.64
2008-11-04,3968.0
2008-11-03,3745.28
2008-10-31,3699.2
2008-10-30,3558.4
2008-10-29,3806.72
2008-10-28,3552.0
2008-10-27,3461.12
2008-10-24,3520.0
2008-10-23,3609.6
2008-10-22,3799.04
2008-10-21,3893.76
2008-10-20,3840.0
2008-10-17,3927.04
2008-10-16,3852.8
2008-10-15,3737.6
2008-10-14,3870.72
2008-10-13,3805.44
2008-10-10,3773.44
2008-10-09,3848.96
2008-10-08,3828.48
2008-10-07,3846.4
2008-10-06,3966.72
2008-10-03,4197.12
2008-10-02,4234.24
2008-10-01,4426.24
2008-09-30,4264.96
2008-09-29,4070.4
2008-09-26,4354.56
2008-09-25,4528.64
2008-09-24,4499.2
2008-09-23,4665.6
2008-09-22,4545.28
2008-09-19,4473.6
2008-09-18,4483.84
2008-09-17,4640.0
2008-09-16,4290.56
2008-09-15,4352.0
2008-09-12,4369.92
2008-09-11,4258.56
2008-09-10,4354.56
2008-09-09,4384.0
2008-09-08,4472.32
2008-09-05,4386.56
2008-09-04,4349.44
2008-09-03,4308.48
2008-09-02,4281.6
2008-08-29,4705.28
2008-08-28,4743.68
2008-08-27,5059.84
2008-08-26,4929.28
2008-08-25,4682.24
2008-08-22,4684.8
2008-08-21,4972.8
2008-08-20,4860.16
2008-08-19,4780.8
2008-08-18,4688.64
2008-08-15,4835.84
2008-08-14,4857.6
2008-08-13,5079.04
2008-08-12,4997.12
2008-08-11,5026.56
2008-08-08,4965.12
2008-08-07,5122.56
2008-08-06,5256.96
2008-08-05,5182.72
2008-08-04,5187.84
2008-08-01,5607.68
2008-07-31,5452.8
2008-07-30,5553.92
2008-07-29,5443.84
2008-07-28,5466.88
2008-07-25,5427.2
2008-07-24,5533.44
2008-07-23,5848.32
2008-07-22,6073.6
2008-07-21,6373.12
2008-07-18,6425.6
2008-07-17,6397.44
2008-07-16,6880.0
2008-07-15,6886.4
2008-07-14,7156.48
2008-07-11,7123.2
2008-07-10,7458.56
2008-07-09,7169.28
2008-07-08,7393.28
2008-07-07,7758.08
2008-07-03,8106.24
2008-07-02,8067.84
2008-07-01,8125.44
2008-06-30,8060.16
2008-06-27,7987.2
2008-06-26,7960.32
2008-06-25,7704.32
2008-06-24,7921.92
2008-06-23,8044.8
2008-06-20,7889.92
2008-06-19,7800.32
2008-06-18,8049.92
2008-06-17,7810.56
2008-06-16,7851.52
2008-06-13,7654.4
2008-06-12,7755.52
2008-06-11,7691.52
2008-06-10,7545.6
2008-06-09,7599.36
2008-06-06,7692.8
2008-06-05,7575.04
2008-06-04,7520.0
2008-06-03,7411.2
2008-06-02,7257.6
2008-05-30,7120.64
2008-05-29,6932.48
2008-05-28,7279.36
2008-05-27,7136.0
2008-05-23,7219.2
2008-05-22,7136.0
2008-05-21,7179.52
2008-05-20,7006.72
2008-05-19,6708.48
2008-05-16,6816.0
2008-05-15,6988.8
2008-05-14,7074.56
2008-05-13,6999.04
2008-05-12,6909.44
2008-05-09,7123.2
2008-05-08,6923.52
2008-05-07,6944.0
2008-05-06,6784.0
2008-05-05,6868.48
2008-05-02,6585.6
2008-05-01,6475.52
2008-04-30,6689.28
2008-04-29,6593.28
2008-04-28,6910.72
2008-04-25,6805.76
2008-04-24,6694.4
2008-04-23,6735.36
2008-04-22,6566.4
2008-04-21,6643.2
2008-04-18,6603.52
2008-04-17,6414.08
2008-04-16,6457.6
2008-04-15,6329.6
2008-04-14,6225.92
2008-04-11,6131.2
2008-04-10,6201.6
2008-04-09,6243.84
2008-04-08,6007.04
2008-04-07,5984.0
2008-04-04,5765.12
2008-04-03,5813.76
2008-04-02,6077.44
2008-04-01,5949.44
2008-03-31,6208.0
2008-03-28,6078.72
2008-03-27,5981.44
2008-03-26,5982.72
2008-03-25,5886.72
2008-03-24,5831.67
2008-03-20,5675.52
2008-03-19,5612.8
2008-03-18,5913.6
2008-03-17,5758.72
2008-03-14,6195.2
2008-03-13,6415.36
2008-03-12,6257.92
2008-03-11,6246.41
2008-03-10,6259.2
2008-03-07,6108.16
2008-03-06,6092.8
2008-03-05,6092.8
2008-03-04,5838.08
2008-03-03,5815.04
2008-02-29,5834.24
2008-02-28,5889.28
2008-02-27,5640.95
2008-02-26,5742.08
2008-02-25,5747.2
2008-02-22,5783.04
2008-02-21,5539.84
2008-02-20,5576.96
2008-02-19,5601.28
2008-02-15,5423.36
2008-02-14,5461.89
2008-02-13,5250.56
2008-02-12,5231.37
2008-02-11,5328.64
2008-02-08,5184.0
2008-02-07,5107.2
2008-02-06,4986.88
2008-02-05,4975.36
2008-02-04,4912.64
2008-02-01,4823.04
2008-01-31,5027.84
2008-01-30,5025.28
2008-01-29,4966.4
2008-01-28,5040.64
2008-01-25,4951.04
2008-01-24,4881.92
2008-01-23,4759.04
2008-01-22,4753.92
2008-01-18,4915.2
2008-01-17,4985.6
2008-01-16,5027.84
2008-01-15,5044.48
2008-01-14,5168.64
2008-01-11,5041.92
2008-01-10,5121.28
2008-01-09,5024.0
2008-01-08,4915.2
2008-01-07,4870.4
2008-01-04,4832.0
2008-01-03,4776.96
2008-01-02,4896.0
2007-12-31,4640.0
2007-12-28,4547.84
2007-12-27,4441.6
2007-12-26,4437.76
2007-12-24,4419.84
2007-12-21,4503.04
2007-12-20,4467.2
2007-12-19,4503.04
2007-12-18,4515.84
2007-12-17,4432.64
2007-12-14,4424.96
2007-12-13,4541.44
2007-12-12,4665.6
2007-12-11,4485.73
2007-12-10,4460.8
2007-12-07,4500.86
2007-12-06,4609.28
2007-12-05,4535.04
2007-12-04,4490.24
2007-12-03,4576.0
2007-11-30,4620.8
2007-11-29,4711.68
2007-11-28,4720.64
2007-11-27,4926.72
2007-11-26,5049.6
2007-11-23,5049.6
2007-11-21,4948.17
2007-11-20,4931.84
2007-11-19,5125.12
2007-11-16,5246.72
2007-11-15,5064.96
2007-11-14,5150.96
2007-11-13,5223.68
2007-11-12,5204.47
2007-11-09,5208.31
2007-11-08,5099.52
2007-11-07,5043.2
2007-11-06,5201.92
2007-11-05,5253.12
2007-11-02,5506.56
2007-11-01,5648.64
2007-10-31,5500.16
2007-10-30,5251.84
2007-10-29,5248.0
2007-10-26,5126.4
2007-10-25,5143.04
2007-10-24,5056.0
2007-10-23,4919.04
2007-10-22,4956.16
2007-10-19,5070.08
2007-10-18,5292.8
2007-10-17,5336.32
2007-10-16,5250.56
2007-10-15,5313.28
2007-10-12,4980.48
2007-10-11,4899.84
2007-10-10,5002.24
2007-10-09,4878.08
2007-10-08,4906.23
2007-10-05,5007.36
2007-10-04,5253.12
2007-10-03,5146.88
2007-10-02,5278.72
2007-10-01,5031.68
2007-09-28,4896.0
2007-09-27,4921.6
2007-09-26,5027.84
2007-09-25,5049.6
2007-09-24,5113.6
2007-09-21,4934.4
2007-09-20,5004.8
2007-09-19,4934.4
2007-09-18,5112.32
2007-09-17,5178.88
2007-09-14,5024.0
2007-09-13,4851.2
2007-09-12,5113.6
2007-09-11,4733.44
2007-09-10,4736.0
2007-09-07,4395.52
2007-09-06,4464.64
2007-09-05,4643.84
2007-09-04,4514.56
2007-08-31,4345.6
2007-08-30,4524.8
2007-08-29,4453.12
2007-08-28,4654.08
2007-08-27,4477.44
2007-08-24,4542.72
2007-08-23,4725.76
2007-08-22,4646.4
2007-08-21,4843.52
2007-08-20,4953.6
2007-08-17,5652.48
2007-08-16,5594.88
2007-08-15,5580.8
2007-08-14,5671.68
2007-08-13,5546.24
2007-08-10,5568.0
2007-08-09,5342.72
2007-08-08,5080.32
2007-08-07,5059.84
2007-08-06,5080.32
2007-08-03,4992.0
2007-08-02,5002.24
2007-08-01,5191.68
2007-07-31,5038.08
2007-07-30,5303.04
2007-07-27,5076.48
2007-07-26,4960.0
2007-07-25,4965.12
2007-07-24,4824.32
2007-07-23,4972.8
2007-07-20,5260.8
2007-07-19,5524.48
2007-07-18,5355.52
2007-07-17,5230.08
2007-07-16,5282.56
2007-07-13,5489.92
2007-07-12,5374.72
2007-07-11,5420.8
2007-07-10,5493.76
2007-07-09,5278.72
2007-07-06,5320.96
2007-07-05,5434.88
2007-07-03,5518.08
2007-07-02,5561.59
2007-06-29,5664.0
2007-06-28,5493.76
2007-06-27,5817.6
2007-06-26,5748.48
2007-06-25,5815.04
2007-06-22,5932.8
2007-06-21,6146.56
2007-06-20,6173.44
2007-06-19,6304.0
2007-06-18,6401.28
2007-06-15,6607.36
2007-06-14,6503.68
2007-06-13,6361.6
2007-06-12,6433.28
2007-06-11,6368.0
2007-06-08,6410.24
2007-06-07,6515.2
2007-06-06,6771.2
2007-06-05,6713.8
2007-06-04,6819.84
2007-06-01,6574.08
2007-05-31,6622.72
2007-05-30,6635.52
2007-05-29,6465.28
2007-05-25,6486.53
2007-05-24,6561.28
2007-05-23,6613.76
2007-05-22,6673.92
2007-05-21,6754.56
2007-05-18,6743.04
2007-05-17,6867.2
2007-05-16,6732.8
2007-05-15,6677.76
2007-05-14,6757.11
2007-05-11,6720.0
2007-05-10,6566.4
2007-05-09,6588.16
2007-05-08,6503.68
2007-05-07,6611.2
2007-05-04,6696.96
2007-05-03,6736.64
2007-05-02,6560.0
2007-05-01,6553.6
2007-04-30,6657.28
2007-04-27,6661.12
2007-04-26,6452.48
2007-04-25,6599.68
2007-04-24,6539.52
2007-04-23,6528.0
2007-04-20,6341.12
2007-04-19,6471.68
2007-04-18,6498.56
